ERC report (2026-09-27T03:09:37, Encoding UTF8)
Report includes: Errors, Warnings, Exclusions

***** Sheet /
[power_pin_not_driven]: Input Power pin not driven by any Output Power pins
    ; error
    @(367.03 mm, 237.49 mm): Symbol #PWR01 Pin 1 [GND, Power input, Line]
[label_dangling]: Label not connected
    ; error
    @(91.44 mm, 54.61 mm): Global Label 'GPIO12'
[label_dangling]: Label not connected
    ; error
    @(91.44 mm, 57.15 mm): Global Label 'GPIO13'
[label_dangling]: Label not connected
    ; error
    @(91.44 mm, 60.96 mm): Global Label 'VSYNC_CAM2'
[label_dangling]: Label not connected
    ; error
    @(91.44 mm, 63.50 mm): Global Label 'VSYNC_CAM3'
[label_dangling]: Label not connected
    ; error
    @(295.91 mm, 111.76 mm): Global Label 'VSYNC_CAM1'
[label_dangling]: Label not connected
    ; error
    @(295.91 mm, 116.84 mm): Global Label 'VSYNC_CAM0'
[wire_dangling]: Wires not connected to anything
    ; error
    @(53.34 mm, 182.88 mm): Horizontal Wire, length 1.27 mm
    @(52.07 mm, 203.20 mm): Horizontal Wire, length 1.27 mm
[wire_dangling]: Wires not connected to anything
    ; error
    @(71.12 mm, 182.88 mm): Horizontal Wire, length 1.27 mm
    @(72.39 mm, 182.88 mm): Horizontal Wire, length 11.43 mm
[label_dangling]: Label not connected
    ; error
    @(127.00 mm, 200.66 mm): Label 'CLSA'
[label_dangling]: Label not connected
    ; error
    @(132.08 mm, 203.20 mm): Label 'CLSB'
[label_dangling]: Label not connected
    ; error
    @(137.16 mm, 215.90 mm): Label 'AMPS_CTL'
[label_dangling]: Label not connected
    ; error
    @(137.16 mm, 218.44 mm): Label 'REF'
[label_dangling]: Label not connected
    ; error
    @(137.16 mm, 220.98 mm): Label 'MPS_DUTY'
[label_dangling]: Label not connected
    ; error
    @(138.43 mm, 195.58 mm): Label 'DEN'
[label_dangling]: Label not connected
    ; error
    @(162.56 mm, 193.04 mm): Label 'TPH'
[label_dangling]: Label not connected
    ; error
    @(162.56 mm, 195.58 mm): Label 'TPL'
[label_dangling]: Label not connected
    ; error
    @(162.56 mm, 198.12 mm): Label '~{BT}'
[label_dangling]: Label not connected
    ; error
    @(163.83 mm, 213.36 mm): Label 'PG'
[label_dangling]: Label not connected
    ; error
    @(193.04 mm, 213.36 mm): Label 'POE_ACTIVE'
[wire_dangling]: Wires not connected to anything
    ; error
    @(241.30 mm, 190.50 mm): Vertical Wire, length 20.32 mm
[label_dangling]: Label not connected
    ; error
    @(245.11 mm, 207.01 mm): Label 'POE_ACTIVE'
[label_dangling]: Label not connected
    ; error
    @(267.97 mm, 232.41 mm): Label 'POE_ACTIVE'
[label_dangling]: Label not connected
    ; error
    @(278.13 mm, 194.31 mm): Label 'ULS-12_CTRL'
[wire_dangling]: Wires not connected to anything
    ; error
    @(278.13 mm, 236.22 mm): Horizontal Wire, length 7.62 mm
[wire_dangling]: Wires not connected to anything
    ; error
    @(298.45 mm, 232.41 mm): Horizontal Wire, length 1.27 mm
[wire_dangling]: Wires not connected to anything
    ; error
    @(298.45 mm, 236.22 mm): Horizontal Wire, length 5.08 mm
[wire_dangling]: Wires not connected to anything
    ; error
    @(339.09 mm, 189.23 mm): Vertical Wire, length 1.27 mm
    @(339.09 mm, 190.50 mm): Vertical Wire, length 1.27 mm
[label_dangling]: Label not connected
    ; error
    @(74.93 mm, 109.22 mm): Global Label 'PCIE_WAKE_SEL_EXT'
[label_dangling]: Label not connected
    ; error
    @(39.37 mm, 234.95 mm): Label '~{CS}'
[label_dangling]: Label not connected
    ; error
    @(39.37 mm, 240.03 mm): Label 'SCK'
[label_dangling]: Label not connected
    ; error
    @(53.34 mm, 257.81 mm): Label 'SCK'
[label_dangling]: Label not connected
    ; error
    @(53.34 mm, 260.35 mm): Label 'MISO'
[label_dangling]: Label not connected
    ; error
    @(53.34 mm, 262.89 mm): Label 'MOSI'
[wire_dangling]: Wires not connected to anything
    ; error
    @(68.58 mm, 257.81 mm): Horizontal Wire, length 10.16 mm
[label_dangling]: Label not connected
    ; error
    @(81.28 mm, 237.49 mm): Label 'MOSI'
[label_dangling]: Label not connected
    ; error
    @(81.28 mm, 242.57 mm): Label 'MISO'
[label_dangling]: Label not connected
    ; error
    @(82.55 mm, 232.41 mm): Label '~{CS}'
[label_dangling]: Label not connected
    ; error
    @(82.55 mm, 234.95 mm): Label 'MOSI'
[label_dangling]: Label not connected
    ; error
    @(82.55 mm, 237.49 mm): Label 'SCK'
[label_dangling]: Label not connected
    ; error
    @(82.55 mm, 240.03 mm): Label 'MISO'
[label_dangling]: Label not connected
    ; error
    @(99.06 mm, 232.41 mm): Global Label '~{PDC_CS}'
[label_dangling]: Label not connected
    ; error
    @(99.06 mm, 234.95 mm): Global Label 'PDC_MOSI'
[label_dangling]: Label not connected
    ; error
    @(99.06 mm, 237.49 mm): Global Label 'PDC_SCLK'
[label_dangling]: Label not connected
    ; error
    @(99.06 mm, 240.03 mm): Global Label 'PDC_MISO'
[label_dangling]: Label not connected
    ; error
    @(154.94 mm, 138.43 mm): Label 'GPIO07_CONN'
[label_dangling]: Label not connected
    ; error
    @(154.94 mm, 140.97 mm): Label 'GPIO01_CONN'
[label_dangling]: Label not connected
    ; error
    @(154.94 mm, 143.51 mm): Label 'PCIE2_CLKREQ_CONN*'
[label_dangling]: Label not connected
    ; error
    @(154.94 mm, 146.05 mm): Label 'PCIE2_RST_CONN*'
[label_dangling]: Label not connected
    ; error
    @(154.94 mm, 156.21 mm): Label 'UART1_RXD_CONN'
[label_dangling]: Label not connected
    ; error
    @(154.94 mm, 158.75 mm): Label 'GPIO09_CONN'
[label_dangling]: Label not connected
    ; error
    @(154.94 mm, 173.99 mm): Label 'SPIO_MOSI_CONN'
[label_dangling]: Label not connected
    ; error
    @(154.94 mm, 176.53 mm): Label 'SPIO_SCK_CONN'
[label_dangling]: Label not connected
    ; error
    @(154.94 mm, 179.07 mm): Label 'I2S0_LRCK_CONN'
[label_dangling]: Label not connected
    ; error
    @(154.94 mm, 181.61 mm): Label 'I2S0_SDIN_CONN'
[label_dangling]: Label not connected
    ; error
    @(154.94 mm, 191.77 mm): Label '~{SPI0_CS1_CONN}'
[label_dangling]: Label not connected
    ; error
    @(154.94 mm, 194.31 mm): Label '~{SPI0_CS0_CONN}'
[label_dangling]: Label not connected
    ; error
    @(154.94 mm, 196.85 mm): Label 'SPIO_MISO_CONN'
[label_dangling]: Label not connected
    ; error
    @(173.99 mm, 163.83 mm): Global Label 'GPIO12'
[label_dangling]: Label not connected
    ; error
    @(181.61 mm, 137.16 mm): Global Label 'GPIO13'
[label_dangling]: Label not connected
    ; error
    @(181.61 mm, 139.70 mm): Global Label 'PCIE_WAKE_SEL_EXT'
[label_dangling]: Label not connected
    ; error
    @(224.79 mm, 137.16 mm): Label 'GPIO13_CONN'
[label_dangling]: Label not connected
    ; error
    @(224.79 mm, 139.70 mm): Label 'PCIE_WAKE_SEL_EXT_CONN'
[label_dangling]: Label not connected
    ; error
    @(224.79 mm, 142.24 mm): Label 'PCIE3_CLKREQ_CONN*'
[label_dangling]: Label not connected
    ; error
    @(224.79 mm, 144.78 mm): Label 'PCIE3_RST_CONN*'
[label_dangling]: Label not connected
    ; error
    @(224.79 mm, 156.21 mm): Label 'I2S0_SCLK_CONN'
[label_dangling]: Label not connected
    ; error
    @(224.79 mm, 158.75 mm): Label 'UART1_TXD_CONN'
[label_dangling]: Label not connected
    ; error
    @(224.79 mm, 161.29 mm): Label 'GPIO11_CONN'
[label_dangling]: Label not connected
    ; error
    @(224.79 mm, 163.83 mm): Label 'GPIO12_CONN'
[label_dangling]: Label not connected
    ; error
    @(224.79 mm, 173.99 mm): Label 'SPI1_MISO_CONN'
[label_dangling]: Label not connected
    ; error
    @(224.79 mm, 176.53 mm): Label 'SPI1_MOSI_CONN'
[label_dangling]: Label not connected
    ; error
    @(224.79 mm, 179.07 mm): Label 'SPI1_SCK_CONN'
[label_dangling]: Label not connected
    ; error
    @(224.79 mm, 181.61 mm): Label 'I2S0_SDOUT_CONN'
[label_dangling]: Label not connected
    ; error
    @(224.79 mm, 191.77 mm): Label '~{SPI1_CS1_CONN}'
[label_dangling]: Label not connected
    ; error
    @(224.79 mm, 194.31 mm): Label '~{SPI1_CS0_CONN}'
[label_dangling]: Label not connected
    ; error
    @(257.81 mm, 179.07 mm): Label 'VCC_CONN'
[label_dangling]: Label not connected
    ; error
    @(274.32 mm, 179.07 mm): Label '5V_CONN'
[label_dangling]: Label not connected
    ; error
    @(290.83 mm, 179.07 mm): Label '3V3_CONN'
[label_dangling]: Label not connected
    ; error
    @(292.10 mm, 38.10 mm): Label 'PCIE2_TX1_CONN_N'
[label_dangling]: Label not connected
    ; error
    @(292.10 mm, 40.64 mm): Label 'PCIE2_TX1_CONN_P'
[label_dangling]: Label not connected
    ; error
    @(292.10 mm, 45.72 mm): Label 'PCIE2_TX0_CONN_N'
[label_dangling]: Label not connected
    ; error
    @(292.10 mm, 48.26 mm): Label 'PCIE2_TX0_CONN_P'
[label_dangling]: Label not connected
    ; error
    @(292.10 mm, 60.96 mm): Label 'USBSS2_TX_CONN_N'
[label_dangling]: Label not connected
    ; error
    @(292.10 mm, 63.50 mm): Label 'USBSS2_TX_CONN_P'
[label_dangling]: Label not connected
    ; error
    @(292.10 mm, 68.58 mm): Label 'PCIE2_RST_CONN*'
[label_dangling]: Label not connected
    ; error
    @(292.10 mm, 71.12 mm): Label 'PCIE2_CLKREQ_CONN*'
[label_dangling]: Label not connected
    ; error
    @(292.10 mm, 73.66 mm): Label 'GPIO01_CONN'
[label_dangling]: Label not connected
    ; error
    @(292.10 mm, 76.20 mm): Label 'GPIO07_CONN'
[label_dangling]: Label not connected
    ; error
    @(292.10 mm, 78.74 mm): Label 'GPIO09_CONN'
[label_dangling]: Label not connected
    ; error
    @(292.10 mm, 83.82 mm): Label 'UART1_RXD_CONN'
[label_dangling]: Label not connected
    ; error
    @(292.10 mm, 86.36 mm): Label 'USB_CONN_N'
[label_dangling]: Label not connected
    ; error
    @(292.10 mm, 88.90 mm): Label 'USB_CONN_P'
[label_dangling]: Label not connected
    ; error
    @(292.10 mm, 91.44 mm): Label 'I2S0_SDIN_CONN'
[label_dangling]: Label not connected
    ; error
    @(292.10 mm, 93.98 mm): Label 'I2S0_LRCK_CONN'
[label_dangling]: Label not connected
    ; error
    @(292.10 mm, 99.06 mm): Label 'SPIO_SCK_CONN'
[label_dangling]: Label not connected
    ; error
    @(292.10 mm, 101.60 mm): Label 'SPIO_MOSI_CONN'
[label_dangling]: Label not connected
    ; error
    @(292.10 mm, 104.14 mm): Label 'SPIO_MISO_CONN'
[label_dangling]: Label not connected
    ; error
    @(292.10 mm, 106.68 mm): Label '~{SPI0_CS0_CONN}'
[label_dangling]: Label not connected
    ; error
    @(292.10 mm, 109.22 mm): Label '~{SPI0_CS1_CONN}'
[label_dangling]: Label not connected
    ; error
    @(303.53 mm, 121.92 mm): Label '3V3_CONN'
[label_dangling]: Label not connected
    ; error
    @(303.53 mm, 127.00 mm): Label '1V8_CONN'
[label_dangling]: Label not connected
    ; error
    @(303.53 mm, 132.08 mm): Label '5V_CONN'
[label_dangling]: Label not connected
    ; error
    @(307.34 mm, 179.07 mm): Label '1V8_CONN'
[wire_dangling]: Wires not connected to anything
    ; error
    @(308.61 mm, 114.30 mm): Horizontal Wire, length 11.43 mm
[wire_dangling]: Wires not connected to anything
    ; error
    @(308.61 mm, 116.84 mm): Horizontal Wire, length 11.43 mm
[label_dangling]: Label not connected
    ; error
    @(328.93 mm, 179.07 mm): Label '3V3_STDB_CONN'
[wire_dangling]: Wires not connected to anything
    ; error
    @(331.47 mm, 116.84 mm): Horizontal Wire, length 12.70 mm
[wire_dangling]: Wires not connected to anything
    ; error
    @(344.17 mm, 114.30 mm): Horizontal Wire, length 12.70 mm
[wire_dangling]: Wires not connected to anything
    ; error
    @(344.17 mm, 119.38 mm): Horizontal Wire, length 12.70 mm
[wire_dangling]: Wires not connected to anything
    ; error
    @(344.17 mm, 121.92 mm): Horizontal Wire, length 12.70 mm
[label_dangling]: Label not connected
    ; error
    @(347.98 mm, 132.08 mm): Label 'VCC_CONN'
[label_dangling]: Label not connected
    ; error
    @(353.06 mm, 127.00 mm): Label '3V3_STDB_CONN'
[label_dangling]: Label not connected
    ; error
    @(353.06 mm, 238.76 mm): Label 'USBSS2_TX_CONN_N'
[label_dangling]: Label not connected
    ; error
    @(353.06 mm, 243.84 mm): Label 'USBSS2_TX_CONN_P'
[label_dangling]: Label not connected
    ; error
    @(354.33 mm, 177.80 mm): Label 'PCIE2_TX0_CONN_N'
[label_dangling]: Label not connected
    ; error
    @(354.33 mm, 182.88 mm): Label 'PCIE2_TX0_CONN_P'
[label_dangling]: Label not connected
    ; error
    @(354.33 mm, 208.28 mm): Label 'PCIE2_TX1_CONN_N'
[label_dangling]: Label not connected
    ; error
    @(354.33 mm, 213.36 mm): Label 'PCIE2_TX1_CONN_P'
[label_dangling]: Label not connected
    ; error
    @(359.41 mm, 71.12 mm): Label 'PCIE3_RST_CONN*'
[label_dangling]: Label not connected
    ; error
    @(359.41 mm, 73.66 mm): Label 'PCIE3_CLKREQ_CONN*'
[label_dangling]: Label not connected
    ; error
    @(359.41 mm, 76.20 mm): Label 'PCIE_WAKE_SEL_EXT_CONN'
[label_dangling]: Label not connected
    ; error
    @(359.41 mm, 78.74 mm): Label 'GPIO13_CONN'
[label_dangling]: Label not connected
    ; error
    @(359.41 mm, 83.82 mm): Label 'GPIO12_CONN'
[label_dangling]: Label not connected
    ; error
    @(359.41 mm, 86.36 mm): Label 'GPIO11_CONN'
[label_dangling]: Label not connected
    ; error
    @(359.41 mm, 88.90 mm): Label 'UART1_TXD_CONN'
[label_dangling]: Label not connected
    ; error
    @(359.41 mm, 91.44 mm): Label 'I2S0_SCLK_CONN'
[label_dangling]: Label not connected
    ; error
    @(359.41 mm, 93.98 mm): Label 'I2S0_SDOUT_CONN'
[label_dangling]: Label not connected
    ; error
    @(359.41 mm, 99.06 mm): Label 'SPI1_SCK_CONN'
[label_dangling]: Label not connected
    ; error
    @(359.41 mm, 101.60 mm): Label 'SPI1_MOSI_CONN'
[label_dangling]: Label not connected
    ; error
    @(359.41 mm, 104.14 mm): Label 'SPI1_MISO_CONN'
[label_dangling]: Label not connected
    ; error
    @(359.41 mm, 106.68 mm): Label '~{SPI1_CS0_CONN}'
[label_dangling]: Label not connected
    ; error
    @(359.41 mm, 109.22 mm): Label '~{SPI1_CS1_CONN}'
[label_dangling]: Label not connected
    ; error
    @(44.45 mm, 209.55 mm): Global Label 'USBPD1_HV'
[label_dangling]: Label not connected
    ; error
    @(44.45 mm, 217.17 mm): Global Label 'USBPD2_HV'
[wire_dangling]: Wires not connected to anything
    ; error
    @(50.80 mm, 129.54 mm): Horizontal Wire, length 7.62 mm
    @(38.10 mm, 118.11 mm): Vertical Wire, length 1.27 mm
[wire_dangling]: Wires not connected to anything
    ; error
    @(58.42 mm, 144.78 mm): Horizontal Wire, length 7.62 mm
    @(58.42 mm, 143.51 mm): Vertical Wire, length 1.27 mm
[wire_dangling]: Wires not connected to anything
    ; error
    @(73.66 mm, 146.05 mm): Vertical Wire, length 1.27 mm
    @(73.66 mm, 127.00 mm): Vertical Wire, length 19.05 mm
[lib_symbol_issues]: The current configuration does not include the symbol library 'antmicropower'
    ; warning
    @(367.03 mm, 237.49 mm): Symbol #PWR01 [GND]
[footprint_link_issues]: The current configuration does not include the footprint library 'antmicro-footprints'
    ; warning
    @(368.30 mm, 215.90 mm): Symbol H3 [Spacer_Drill3.7mm_H6.5mm_9774065151R]
[lib_symbol_issues]: The current configuration does not include the symbol library 'antmicroMechanicalParts'
    ; warning
    @(368.30 mm, 215.90 mm): Symbol H3 [Spacer_Drill3.7mm_H6.5mm_9774065151R]
[footprint_link_issues]: The current configuration does not include the footprint library 'antmicro-footprints'
    ; warning
    @(368.30 mm, 222.25 mm): Symbol H4 [Spacer_Drill3.7mm_H6.5mm_9774065151R]
[lib_symbol_issues]: The current configuration does not include the symbol library 'antmicroMechanicalParts'
    ; warning
    @(368.30 mm, 222.25 mm): Symbol H4 [Spacer_Drill3.7mm_H6.5mm_9774065151R]
[unconnected_wire_endpoint]: Unconnected wire endpoint
    ; warning
    @(367.03 mm, 228.60 mm): Horizontal Wire, length 1.27 mm
[unconnected_wire_endpoint]: Unconnected wire endpoint
    ; warning
    @(367.03 mm, 234.95 mm): Horizontal Wire, length 1.27 mm
[lib_symbol_issues]: The current configuration does not include the symbol library 'antmicropower'
    ; warning
    @(24.13 mm, 106.68 mm): Symbol #PWR07 [+5V]
[footprint_link_issues]: The current configuration does not include the footprint library 'antmicro-footprints'
    ; warning
    @(29.21 mm, 109.22 mm): Symbol R287 [R_0R_22.4A_0603]
[lib_symbol_issues]: The current configuration does not include the symbol library 'antmicroResistors0603'
    ; warning
    @(29.21 mm, 109.22 mm): Symbol R287 [R_0R_22.4A_0603]
[footprint_link_issues]: The current configuration does not include the footprint library 'antmicro-footprints'
    ; warning
    @(31.75 mm, 146.05 mm): Symbol D34 [RB521S30T1G]
[lib_symbol_issues]: The current configuration does not include the symbol library 'antmicroDiodesRectifiersSingle'
    ; warning
    @(31.75 mm, 146.05 mm): Symbol D34 [RB521S30T1G]
[footprint_link_issues]: The current configuration does not include the footprint library 'antmicro-footprints'
    ; warning
    @(38.10 mm, 110.49 mm): Symbol C1 [C_Pol_100u_25V_KEMET-T521-D-107]
[lib_symbol_issues]: The current configuration does not include the symbol library 'antmicroCapacitorspol'
    ; warning
    @(38.10 mm, 110.49 mm): Symbol C1 [C_Pol_100u_25V_KEMET-T521-D-107]
[lib_symbol_issues]: The current configuration does not include the symbol library 'antmicropower'
    ; warning
    @(38.10 mm, 116.84 mm): Symbol #PWR06 [GND]
[footprint_link_issues]: The current configuration does not include the footprint library 'antmicro-footprints'
    ; warning
    @(41.91 mm, 152.40 mm): Symbol R294 [R_2k2_0402]
[lib_symbol_issues]: The current configuration does not include the symbol library 'antmicroResistors0402'
    ; warning
    @(41.91 mm, 152.40 mm): Symbol R294 [R_2k2_0402]
[footprint_link_issues]: The current configuration does not include the footprint library 'antmicro-footprints'
    ; warning
    @(41.91 mm, 153.67 mm): Symbol BT1 [Battery_Holder_MS621FE-FL11E]
[lib_symbol_issues]: The current configuration does not include the symbol library 'antmicroBatteryHoldersClipsContacts'
    ; warning
    @(41.91 mm, 153.67 mm): Symbol BT1 [Battery_Holder_MS621FE-FL11E]
[lib_symbol_issues]: The current configuration does not include the symbol library 'antmicropower'
    ; warning
    @(41.91 mm, 165.10 mm): Symbol #PWR0313 [GND]
[footprint_link_issues]: The current configuration does not include the footprint library 'antmicro-footprints'
    ; warning
    @(46.99 mm, 110.49 mm): Symbol C2 [C_Pol_100u_25V_KEMET-T521-D-107]
[lib_symbol_issues]: The current configuration does not include the symbol library 'antmicroCapacitorspol'
    ; warning
    @(46.99 mm, 110.49 mm): Symbol C2 [C_Pol_100u_25V_KEMET-T521-D-107]
[lib_symbol_issues]: The current configuration does not include the symbol library 'antmicropower'
    ; warning
    @(46.99 mm, 116.84 mm): Symbol #PWR02 [GND]
[lib_symbol_issues]: The current configuration does not include the symbol library 'antmicropower'
    ; warning
    @(54.61 mm, 165.10 mm): Symbol #PWR012 [GND]
[footprint_link_issues]: The current configuration does not include the footprint library 'antmicro-footprints'
    ; warning
    @(55.88 mm, 135.89 mm): Symbol J15 [Bus_DDR4_SODIMM_CUSTOM_Jetson-Orin...]
[lib_symbol_issues]: The current configuration does not include the symbol library 'antmicroSoMConnectors'
    ; warning
    @(55.88 mm, 135.89 mm): Symbol J15 [Bus_DDR4_SODIMM_CUSTOM_Jetson-Orin...]
[lib_symbol_issues]: The current configuration does not include the symbol library 'antmicropower'
    ; warning
    @(60.96 mm, 234.95 mm): Symbol #PWR0152 [+1V8]
[footprint_link_issues]: The current configuration does not include the footprint library 'antmicro-footprints'
    ; warning
    @(60.96 mm, 242.57 mm): Symbol C40 [C_100n_0402]
[lib_symbol_issues]: The current configuration does not include the symbol library 'antmicroCapacitors0402'
    ; warning
    @(60.96 mm, 242.57 mm): Symbol C40 [C_100n_0402]
[lib_symbol_issues]: The current configuration does not include the symbol library 'antmicropower'
    ; warning
    @(60.96 mm, 243.84 mm): Symbol #PWR0153 [GND]
[footprint_link_issues]: The current configuration does not include the footprint library 'antmicro-footprints'
    ; warning
    @(64.77 mm, 29.21 mm): Symbol J15 [Bus_DDR4_SODIMM_CUSTOM_Jetson-Orin...]
[lib_symbol_issues]: The current configuration does not include the symbol library 'antmicroSoMConnectors'
    ; warning
    @(64.77 mm, 29.21 mm): Symbol J15 [Bus_DDR4_SODIMM_CUSTOM_Jetson-Orin...]
[footprint_link_issues]: The current configuration does not include the footprint library 'antmicro-footprints'
    ; warning
    @(66.04 mm, 250.19 mm): Symbol U4 [NTS0102_XSON]
[lib_symbol_issues]: The current configuration does not include the symbol library 'antmicroLogicTranslatorsLevelShifters'
    ; warning
    @(66.04 mm, 250.19 mm): Symbol U4 [NTS0102_XSON]
[footprint_link_issues]: The current configuration does not include the footprint library 'antmicro-footprints'
    ; warning
    @(74.93 mm, 31.75 mm): Symbol R1 [R_0R_0402]
[lib_symbol_issues]: The current configuration does not include the symbol library 'antmicroResistors0402'
    ; warning
    @(74.93 mm, 31.75 mm): Symbol R1 [R_0R_0402]
[unconnected_wire_endpoint]: Unconnected wire endpoint
    ; warning
    @(74.93 mm, 54.61 mm): Horizontal Wire, length 3.81 mm
[unconnected_wire_endpoint]: Unconnected wire endpoint
    ; warning
    @(74.93 mm, 57.15 mm): Horizontal Wire, length 6.35 mm
[unconnected_wire_endpoint]: Unconnected wire endpoint
    ; warning
    @(74.93 mm, 60.96 mm): Horizontal Wire, length 3.81 mm
[unconnected_wire_endpoint]: Unconnected wire endpoint
    ; warning
    @(74.93 mm, 63.50 mm): Horizontal Wire, length 6.35 mm
[unconnected_wire_endpoint]: Unconnected wire endpoint
    ; warning
    @(80.01 mm, 54.61 mm): Horizontal Wire, length 11.43 mm
[unconnected_wire_endpoint]: Unconnected wire endpoint
    ; warning
    @(80.01 mm, 57.15 mm): Horizontal Wire, length 11.43 mm
[unconnected_wire_endpoint]: Unconnected wire endpoint
    ; warning
    @(80.01 mm, 60.96 mm): Horizontal Wire, length 11.43 mm
[unconnected_wire_endpoint]: Unconnected wire endpoint
    ; warning
    @(80.01 mm, 63.50 mm): Horizontal Wire, length 11.43 mm
[lib_symbol_issues]: The current configuration does not include the symbol library 'antmicropower'
    ; warning
    @(87.63 mm, 259.08 mm): Symbol #PWR0151 [GND]
[isolated_pin_label]: Label connected to only one pin
    ; warning
    @(91.44 mm, 29.21 mm): Global Label 'GPIO01'
[isolated_pin_label]: Label connected to only one pin
    ; warning
    @(91.44 mm, 44.45 mm): Global Label 'GPIO07'
[isolated_pin_label]: Label connected to only one pin
    ; warning
    @(91.44 mm, 46.99 mm): Global Label 'GPIO09'
[isolated_pin_label]: Label connected to only one pin
    ; warning
    @(91.44 mm, 52.07 mm): Global Label 'GPIO11'
[lib_symbol_issues]: The current configuration does not include the symbol library 'antmicropower'
    ; warning
    @(91.44 mm, 234.95 mm): Symbol #PWR0149 [+3V3]
[footprint_link_issues]: The current configuration does not include the footprint library 'antmicro-footprints'
    ; warning
    @(91.44 mm, 242.57 mm): Symbol C41 [C_100n_0402]
[lib_symbol_issues]: The current configuration does not include the symbol library 'antmicroCapacitors0402'
    ; warning
    @(91.44 mm, 242.57 mm): Symbol C41 [C_100n_0402]
[lib_symbol_issues]: The current configuration does not include the symbol library 'antmicropower'
    ; warning
    @(91.44 mm, 243.84 mm): Symbol #PWR0150 [GND]
[footprint_link_issues]: The current configuration does not include the footprint library 'antmicro-footprints'
    ; warning
    @(105.41 mm, 160.02 mm): Symbol TP44 [TP_0.75mm_SMD]
[lib_symbol_issues]: The current configuration does not include the symbol library 'antmicroTestPoints'
    ; warning
    @(105.41 mm, 160.02 mm): Symbol TP44 [TP_0.75mm_SMD]
[footprint_link_issues]: The current configuration does not include the footprint library 'antmicro-footprints'
    ; warning
    @(105.41 mm, 172.72 mm): Symbol D55 [TPD1E0B04_XDFN-2]
[lib_symbol_issues]: The current configuration does not include the symbol library 'antmicroTVSDiodes'
    ; warning
    @(105.41 mm, 172.72 mm): Symbol D55 [TPD1E0B04_XDFN-2]
[lib_symbol_issues]: The current configuration does not include the symbol library 'antmicropower'
    ; warning
    @(105.41 mm, 177.80 mm): Symbol #PWR0112 [GND]
[footprint_link_issues]: The current configuration does not include the footprint library 'antmicro-footprints'
    ; warning
    @(113.03 mm, 165.10 mm): Symbol S1 [SW_KMR211NGLFS_SMD]
[lib_symbol_issues]: The current configuration does not include the symbol library 'antmicroPushbuttonSwitches'
    ; warning
    @(113.03 mm, 165.10 mm): Symbol S1 [SW_KMR211NGLFS_SMD]
[lib_symbol_issues]: The current configuration does not include the symbol library 'antmicropower'
    ; warning
    @(113.03 mm, 177.80 mm): Symbol #PWR017 [GND]
[lib_symbol_issues]: The current configuration does not include the symbol library 'antmicropower'
    ; warning
    @(115.57 mm, 40.64 mm): Symbol #PWR0275 [+1V8]
[footprint_link_issues]: The current configuration does not include the footprint library 'antmicro-footprints'
    ; warning
    @(115.57 mm, 46.99 mm): Symbol R80 [R_4k7_0402]
[lib_symbol_issues]: The current configuration does not include the symbol library 'antmicroResistors0402'
    ; warning
    @(115.57 mm, 46.99 mm): Symbol R80 [R_4k7_0402]
[footprint_link_issues]: The current configuration does not include the footprint library 'antmicro-footprints'
    ; warning
    @(118.11 mm, 153.67 mm): Symbol TP2 [TP_0.75mm_SMD]
[lib_symbol_issues]: The current configuration does not include the symbol library 'antmicroTestPoints'
    ; warning
    @(118.11 mm, 153.67 mm): Symbol TP2 [TP_0.75mm_SMD]
[footprint_link_issues]: The current configuration does not include the footprint library 'antmicro-footprints'
    ; warning
    @(118.11 mm, 156.21 mm): Symbol TP3 [TP_0.75mm_SMD]
[lib_symbol_issues]: The current configuration does not include the symbol library 'antmicroTestPoints'
    ; warning
    @(118.11 mm, 156.21 mm): Symbol TP3 [TP_0.75mm_SMD]
[lib_symbol_issues]: The current configuration does not include the symbol library 'antmicropower'
    ; warning
    @(151.13 mm, 276.86 mm): Symbol #PWR018 [GND]
[footprint_link_issues]: The current configuration does not include the footprint library 'antmicro-footprints'
    ; warning
    @(152.40 mm, 266.70 mm): Symbol H1 [Spacer_Drill3.7mm_H6.5mm_9774065151R]
[lib_symbol_issues]: The current configuration does not include the symbol library 'antmicroMechanicalParts'
    ; warning
    @(152.40 mm, 266.70 mm): Symbol H1 [Spacer_Drill3.7mm_H6.5mm_9774065151R]
[footprint_link_issues]: The current configuration does not include the footprint library 'antmicro-footprints'
    ; warning
    @(152.40 mm, 273.05 mm): Symbol H2 [Spacer_Drill3.7mm_H6.5mm_9774065151R]
[lib_symbol_issues]: The current configuration does not include the symbol library 'antmicroMechanicalParts'
    ; warning
    @(152.40 mm, 273.05 mm): Symbol H2 [Spacer_Drill3.7mm_H6.5mm_9774065151R]
[footprint_link_issues]: The current configuration does not include the footprint library 'antmicro-footprints'
    ; warning
    @(189.23 mm, 186.69 mm): Symbol J15 [Bus_DDR4_SODIMM_CUSTOM_Jetson-Orin...]
[lib_symbol_issues]: The current configuration does not include the symbol library 'antmicroSoMConnectors'
    ; warning
    @(189.23 mm, 186.69 mm): Symbol J15 [Bus_DDR4_SODIMM_CUSTOM_Jetson-Orin...]
[footprint_link_issues]: The current configuration does not include the footprint library 'antmicro-footprints'
    ; warning
    @(193.04 mm, 39.37 mm): Symbol J15 [Bus_DDR4_SODIMM_CUSTOM_Jetson-Orin...]
[lib_symbol_issues]: The current configuration does not include the symbol library 'antmicroSoMConnectors'
    ; warning
    @(193.04 mm, 39.37 mm): Symbol J15 [Bus_DDR4_SODIMM_CUSTOM_Jetson-Orin...]
[isolated_pin_label]: Label connected to only one pin
    ; warning
    @(194.31 mm, 95.25 mm): Global Label 'SPIO_SCK'
[isolated_pin_label]: Label connected to only one pin
    ; warning
    @(194.31 mm, 97.79 mm): Global Label 'SPIO_MOSI'
[isolated_pin_label]: Label connected to only one pin
    ; warning
    @(194.31 mm, 100.33 mm): Global Label 'SPIO_MISO'
[isolated_pin_label]: Label connected to only one pin
    ; warning
    @(194.31 mm, 102.87 mm): Global Label '~{SPI0_CS0}'
[isolated_pin_label]: Label connected to only one pin
    ; warning
    @(194.31 mm, 105.41 mm): Global Label '~{SPI0_CS1}'
[isolated_pin_label]: Label connected to only one pin
    ; warning
    @(194.31 mm, 110.49 mm): Global Label 'SPI1_SCK'
[isolated_pin_label]: Label connected to only one pin
    ; warning
    @(194.31 mm, 113.03 mm): Global Label 'SPI1_MOSI'
[isolated_pin_label]: Label connected to only one pin
    ; warning
    @(194.31 mm, 115.57 mm): Global Label 'SPI1_MISO'
[isolated_pin_label]: Label connected to only one pin
    ; warning
    @(194.31 mm, 118.11 mm): Global Label '~{SPI1_CS0}'
[isolated_pin_label]: Label connected to only one pin
    ; warning
    @(194.31 mm, 120.65 mm): Global Label '~{SPI1_CS1}'
[isolated_pin_label]: Label connected to only one pin
    ; warning
    @(194.31 mm, 125.73 mm): Global Label 'I2S0_SCLK'
[isolated_pin_label]: Label connected to only one pin
    ; warning
    @(194.31 mm, 128.27 mm): Global Label 'I2S0_SDOUT'
[isolated_pin_label]: Label connected to only one pin
    ; warning
    @(194.31 mm, 130.81 mm): Global Label 'I2S0_SDIN'
[isolated_pin_label]: Label connected to only one pin
    ; warning
    @(194.31 mm, 133.35 mm): Global Label 'I2S0_LRCK'
[isolated_pin_label]: Label connected to only one pin
    ; warning
    @(194.31 mm, 186.69 mm): Global Label 'USB_FLASH_ID'
[isolated_pin_label]: Label connected to only one pin
    ; warning
    @(194.31 mm, 191.77 mm): Global Label 'USBSS0_TX_P'
[isolated_pin_label]: Label connected to only one pin
    ; warning
    @(194.31 mm, 194.31 mm): Global Label 'USBSS0_TX_N'
[isolated_pin_label]: Label connected to only one pin
    ; warning
    @(194.31 mm, 198.12 mm): Global Label 'USBSS0_RX_P'
[isolated_pin_label]: Label connected to only one pin
    ; warning
    @(194.31 mm, 200.66 mm): Global Label 'USBSS0_RX_N'
[isolated_pin_label]: Label connected to only one pin
    ; warning
    @(194.31 mm, 205.74 mm): Global Label 'USBSS1_TX_P'
[isolated_pin_label]: Label connected to only one pin
    ; warning
    @(194.31 mm, 208.28 mm): Global Label 'USBSS1_TX_N'
[isolated_pin_label]: Label connected to only one pin
    ; warning
    @(194.31 mm, 212.09 mm): Global Label 'USBSS1_RX_P'
[isolated_pin_label]: Label connected to only one pin
    ; warning
    @(194.31 mm, 214.63 mm): Global Label 'USBSS1_RX_N'
[isolated_pin_label]: Label connected to only one pin
    ; warning
    @(194.31 mm, 219.71 mm): Global Label 'USBSS2_TX_P'
[isolated_pin_label]: Label connected to only one pin
    ; warning
    @(194.31 mm, 222.25 mm): Global Label 'USBSS2_TX_N'
[isolated_pin_label]: Label connected to only one pin
    ; warning
    @(194.31 mm, 226.06 mm): Global Label 'USBSS2_RX_P'
[isolated_pin_label]: Label connected to only one pin
    ; warning
    @(194.31 mm, 228.60 mm): Global Label 'USBSS2_RX_N'
[footprint_link_issues]: The current configuration does not include the footprint library 'antmicro-footprints'
    ; warning
    @(201.93 mm, 266.70 mm): Symbol M1 [Jetson-Orin-NX-Nano]
[lib_symbol_issues]: The current configuration does not include the symbol library 'antmicroModules'
    ; warning
    @(201.93 mm, 266.70 mm): Symbol M1 [Jetson-Orin-NX-Nano]
[footprint_link_issues]: The current configuration does not include the footprint library 'antmicro-footprints'
    ; warning
    @(276.86 mm, 38.10 mm): Symbol J15 [Bus_DDR4_SODIMM_CUSTOM_Jetson-Orin...]
[lib_symbol_issues]: The current configuration does not include the symbol library 'antmicroSoMConnectors'
    ; warning
    @(276.86 mm, 38.10 mm): Symbol J15 [Bus_DDR4_SODIMM_CUSTOM_Jetson-Orin...]
[isolated_pin_label]: Label connected to only one pin
    ; warning
    @(278.13 mm, 38.10 mm): Global Label 'CSI0_CLK_P'
[isolated_pin_label]: Label connected to only one pin
    ; warning
    @(278.13 mm, 40.64 mm): Global Label 'CSI0_CLK_N'
[isolated_pin_label]: Label connected to only one pin
    ; warning
    @(278.13 mm, 43.18 mm): Global Label 'CSI0_D0_P'
[isolated_pin_label]: Label connected to only one pin
    ; warning
    @(278.13 mm, 45.72 mm): Global Label 'CSI0_D0_N'
[isolated_pin_label]: Label connected to only one pin
    ; warning
    @(278.13 mm, 48.26 mm): Global Label 'CSI0_D1_P'
[isolated_pin_label]: Label connected to only one pin
    ; warning
    @(278.13 mm, 50.80 mm): Global Label 'CSI0_D1_N'
[isolated_pin_label]: Label connected to only one pin
    ; warning
    @(278.13 mm, 55.88 mm): Global Label 'CSI1_CLK_P'
[isolated_pin_label]: Label connected to only one pin
    ; warning
    @(278.13 mm, 58.42 mm): Global Label 'CSI1_CLK_N'
[isolated_pin_label]: Label connected to only one pin
    ; warning
    @(278.13 mm, 60.96 mm): Global Label 'CSI1_D0_P'
[isolated_pin_label]: Label connected to only one pin
    ; warning
    @(278.13 mm, 63.50 mm): Global Label 'CSI1_D0_N'
[isolated_pin_label]: Label connected to only one pin
    ; warning
    @(278.13 mm, 66.04 mm): Global Label 'CSI1_D1_P'
[isolated_pin_label]: Label connected to only one pin
    ; warning
    @(278.13 mm, 68.58 mm): Global Label 'CSI1_D1_N'
[isolated_pin_label]: Label connected to only one pin
    ; warning
    @(278.13 mm, 73.66 mm): Global Label 'CSI2_CLK_P'
[isolated_pin_label]: Label connected to only one pin
    ; warning
    @(278.13 mm, 76.20 mm): Global Label 'CSI2_CLK_N'
[isolated_pin_label]: Label connected to only one pin
    ; warning
    @(278.13 mm, 78.74 mm): Global Label 'CSI2_D0_P'
[isolated_pin_label]: Label connected to only one pin
    ; warning
    @(278.13 mm, 81.28 mm): Global Label 'CSI2_D0_N'
[isolated_pin_label]: Label connected to only one pin
    ; warning
    @(278.13 mm, 83.82 mm): Global Label 'CSI2_D1_P'
[isolated_pin_label]: Label connected to only one pin
    ; warning
    @(278.13 mm, 86.36 mm): Global Label 'CSI2_D1_N'
[isolated_pin_label]: Label connected to only one pin
    ; warning
    @(278.13 mm, 90.17 mm): Global Label 'CSI3_CLK_P'
[isolated_pin_label]: Label connected to only one pin
    ; warning
    @(278.13 mm, 92.71 mm): Global Label 'CSI3_CLK_N'
[isolated_pin_label]: Label connected to only one pin
    ; warning
    @(278.13 mm, 95.25 mm): Global Label 'CSI3_D0_P'
[isolated_pin_label]: Label connected to only one pin
    ; warning
    @(278.13 mm, 97.79 mm): Global Label 'CSI3_D0_N'
[isolated_pin_label]: Label connected to only one pin
    ; warning
    @(278.13 mm, 100.33 mm): Global Label 'CSI3_D1_P'
[isolated_pin_label]: Label connected to only one pin
    ; warning
    @(278.13 mm, 102.87 mm): Global Label 'CSI3_D1_N'
[isolated_pin_label]: Label connected to only one pin
    ; warning
    @(278.13 mm, 124.46 mm): Global Label 'SDA_CAM'
[footprint_link_issues]: The current configuration does not include the footprint library 'antmicro-footprints'
    ; warning
    @(278.13 mm, 189.23 mm): Symbol J15 [Bus_DDR4_SODIMM_CUSTOM_Jetson-Orin...]
[lib_symbol_issues]: The current configuration does not include the symbol library 'antmicroSoMConnectors'
    ; warning
    @(278.13 mm, 189.23 mm): Symbol J15 [Bus_DDR4_SODIMM_CUSTOM_Jetson-Orin...]
[isolated_pin_label]: Label connected to only one pin
    ; warning
    @(279.40 mm, 121.92 mm): Global Label 'SCL_CAM'
[unconnected_wire_endpoint]: Unconnected wire endpoint
    ; warning
    @(281.94 mm, 111.76 mm): Horizontal Wire, length 5.08 mm
[unconnected_wire_endpoint]: Unconnected wire endpoint
    ; warning
    @(281.94 mm, 116.84 mm): Horizontal Wire, length 5.08 mm
[footprint_link_issues]: The current configuration does not include the footprint library 'antmicro-footprints'
    ; warning
    @(283.21 mm, 189.23 mm): Symbol TP35 [TP_0.75mm_SMD]
[lib_symbol_issues]: The current configuration does not include the symbol library 'antmicroTestPoints'
    ; warning
    @(283.21 mm, 189.23 mm): Symbol TP35 [TP_0.75mm_SMD]
[isolated_pin_label]: Label connected to only one pin
    ; warning
    @(283.21 mm, 191.77 mm): Global Label 'DP1_HPD'
[isolated_pin_label]: Label connected to only one pin
    ; warning
    @(283.21 mm, 196.85 mm): Global Label 'DP1_HDMI_AUX_P'
[isolated_pin_label]: Label connected to only one pin
    ; warning
    @(283.21 mm, 199.39 mm): Global Label 'DP1_HDMI_AUX_N'
[isolated_pin_label]: Label connected to only one pin
    ; warning
    @(283.21 mm, 203.20 mm): Global Label 'DP1_TXD0_HDMI_TX2_P'
[isolated_pin_label]: Label connected to only one pin
    ; warning
    @(283.21 mm, 205.74 mm): Global Label 'DP1_TXD0_HDMI_TX2_N'
[isolated_pin_label]: Label connected to only one pin
    ; warning
    @(283.21 mm, 209.55 mm): Global Label 'DP1_TXD1_HDMI_TX1_P'
[isolated_pin_label]: Label connected to only one pin
    ; warning
    @(283.21 mm, 212.09 mm): Global Label 'DP1_TXD1_HDMI_TX1_N'
[isolated_pin_label]: Label connected to only one pin
    ; warning
    @(283.21 mm, 215.90 mm): Global Label 'DP1_TXD2_HDMI_TX0_P'
[isolated_pin_label]: Label connected to only one pin
    ; warning
    @(283.21 mm, 218.44 mm): Global Label 'DP1_TXD2_HDMI_TX0_N'
[isolated_pin_label]: Label connected to only one pin
    ; warning
    @(283.21 mm, 222.25 mm): Global Label 'DP1_TXD3_HDMI_TXC_P'
[isolated_pin_label]: Label connected to only one pin
    ; warning
    @(283.21 mm, 224.79 mm): Global Label 'DP1_TXD3_HDMI_TXC_N'
[unconnected_wire_endpoint]: Unconnected wire endpoint
    ; warning
    @(287.02 mm, 111.76 mm): Horizontal Wire, length 8.89 mm
[unconnected_wire_endpoint]: Unconnected wire endpoint
    ; warning
    @(287.02 mm, 116.84 mm): Horizontal Wire, length 8.89 mm
[footprint_link_issues]: The current configuration does not include the footprint library 'antmicro-footprints'
    ; warning
    @(293.37 mm, 109.22 mm): Symbol TP4 [TP_0.75mm_SMD]
[lib_symbol_issues]: The current configuration does not include the symbol library 'antmicroTestPoints'
    ; warning
    @(293.37 mm, 109.22 mm): Symbol TP4 [TP_0.75mm_SMD]
[footprint_link_issues]: The current configuration does not include the footprint library 'antmicro-footprints'
    ; warning
    @(293.37 mm, 114.30 mm): Symbol TP5 [TP_0.75mm_SMD]
[lib_symbol_issues]: The current configuration does not include the symbol library 'antmicroTestPoints'
    ; warning
    @(293.37 mm, 114.30 mm): Symbol TP5 [TP_0.75mm_SMD]
[footprint_link_issues]: The current configuration does not include the footprint library 'antmicro-footprints'
    ; warning
    @(365.76 mm, 38.10 mm): Symbol J15 [Bus_DDR4_SODIMM_CUSTOM_Jetson-Orin...]
[lib_symbol_issues]: The current configuration does not include the symbol library 'antmicroSoMConnectors'
    ; warning
    @(365.76 mm, 38.10 mm): Symbol J15 [Bus_DDR4_SODIMM_CUSTOM_Jetson-Orin...]
[footprint_link_issues]: The current configuration does not include the footprint library 'antmicro-footprints'
    ; warning
    @(367.03 mm, 213.36 mm): Symbol J15 [Bus_DDR4_SODIMM_CUSTOM_Jetson-Orin...]
[lib_symbol_issues]: The current configuration does not include the symbol library 'antmicroSoMConnectors'
    ; warning
    @(367.03 mm, 213.36 mm): Symbol J15 [Bus_DDR4_SODIMM_CUSTOM_Jetson-Orin...]
[isolated_pin_label]: Label connected to only one pin
    ; warning
    @(375.92 mm, 124.46 mm): Global Label 'PCIE2_RST*'
[isolated_pin_label]: Label connected to only one pin
    ; warning
    @(375.92 mm, 127.00 mm): Global Label 'PCIE2_CLKREQ*'
[isolated_pin_label]: Label connected to only one pin
    ; warning
    @(375.92 mm, 130.81 mm): Global Label 'PCIE2_CLK_P'
[isolated_pin_label]: Label connected to only one pin
    ; warning
    @(375.92 mm, 133.35 mm): Global Label 'PCIE2_CLK_N'
[isolated_pin_label]: Label connected to only one pin
    ; warning
    @(375.92 mm, 137.16 mm): Global Label 'PCIE2_TX0_P'
[isolated_pin_label]: Label connected to only one pin
    ; warning
    @(375.92 mm, 139.70 mm): Global Label 'PCIE2_TX0_N'
[isolated_pin_label]: Label connected to only one pin
    ; warning
    @(375.92 mm, 142.24 mm): Global Label 'PCIE2_RX0_P'
[isolated_pin_label]: Label connected to only one pin
    ; warning
    @(375.92 mm, 144.78 mm): Global Label 'PCIE2_RX0_N'
[isolated_pin_label]: Label connected to only one pin
    ; warning
    @(375.92 mm, 148.59 mm): Global Label 'PCIE3_RST*'
[isolated_pin_label]: Label connected to only one pin
    ; warning
    @(375.92 mm, 151.13 mm): Global Label 'PCIE3_CLKREQ*'
[isolated_pin_label]: Label connected to only one pin
    ; warning
    @(375.92 mm, 154.94 mm): Global Label 'PCIE3_CLK_P'
[isolated_pin_label]: Label connected to only one pin
    ; warning
    @(375.92 mm, 157.48 mm): Global Label 'PCIE3_CLK_N'
[isolated_pin_label]: Label connected to only one pin
    ; warning
    @(375.92 mm, 161.29 mm): Global Label 'PCIE2_TX1_P'
[isolated_pin_label]: Label connected to only one pin
    ; warning
    @(375.92 mm, 163.83 mm): Global Label 'PCIE2_TX1_N'
[isolated_pin_label]: Label connected to only one pin
    ; warning
    @(375.92 mm, 166.37 mm): Global Label 'PCIE2_RX1_P'
[isolated_pin_label]: Label connected to only one pin
    ; warning
    @(375.92 mm, 168.91 mm): Global Label 'PCIE2_RX1_N'
[unconnected_wire_endpoint]: Unconnected wire endpoint
    ; warning
    @(41.91 mm, 177.80 mm): Horizontal Wire, length 11.43 mm
[unconnected_wire_endpoint]: Unconnected wire endpoint
    ; warning
    @(53.34 mm, 182.88 mm): Horizontal Wire, length 1.27 mm
[unconnected_wire_endpoint]: Unconnected wire endpoint
    ; warning
    @(41.91 mm, 187.96 mm): Horizontal Wire, length 11.43 mm
[unconnected_wire_endpoint]: Unconnected wire endpoint
    ; warning
    @(41.91 mm, 198.12 mm): Horizontal Wire, length 11.43 mm
[unconnected_wire_endpoint]: Unconnected wire endpoint
    ; warning
    @(52.07 mm, 203.20 mm): Horizontal Wire, length 1.27 mm
[unconnected_wire_endpoint]: Unconnected wire endpoint
    ; warning
    @(41.91 mm, 208.28 mm): Horizontal Wire, length 11.43 mm
[unconnected_wire_endpoint]: Unconnected wire endpoint
    ; warning
    @(71.12 mm, 182.88 mm): Horizontal Wire, length 1.27 mm
[unconnected_wire_endpoint]: Unconnected wire endpoint
    ; warning
    @(72.39 mm, 203.20 mm): Horizontal Wire, length 1.27 mm
[unconnected_wire_endpoint]: Unconnected wire endpoint
    ; warning
    @(72.39 mm, 182.88 mm): Horizontal Wire, length 11.43 mm
[unconnected_wire_endpoint]: Unconnected wire endpoint
    ; warning
    @(52.07 mm, 213.36 mm): Horizontal Wire, length 31.75 mm
[unconnected_wire_endpoint]: Unconnected wire endpoint
    ; warning
    @(88.90 mm, 182.88 mm): Horizontal Wire, length 7.62 mm
[unconnected_wire_endpoint]: Unconnected wire endpoint
    ; warning
    @(88.90 mm, 213.36 mm): Horizontal Wire, length 7.62 mm
[unconnected_wire_endpoint]: Unconnected wire endpoint
    ; warning
    @(96.52 mm, 182.88 mm): Vertical Wire, length 12.70 mm
[unconnected_wire_endpoint]: Unconnected wire endpoint
    ; warning
    @(96.52 mm, 200.66 mm): Vertical Wire, length 12.70 mm
[lib_symbol_issues]: The current configuration does not include the symbol library 'antmicropower'
    ; warning
    @(96.52 mm, 215.90 mm): Symbol #FLG010 [PWR_FLAG]
[lib_symbol_issues]: The current configuration does not include the symbol library 'antmicropower'
    ; warning
    @(101.60 mm, 180.34 mm): Symbol #FLG09 [PWR_FLAG]
[unconnected_wire_endpoint]: Unconnected wire endpoint
    ; warning
    @(101.60 mm, 182.88 mm): Vertical Wire, length 12.70 mm
[unconnected_wire_endpoint]: Unconnected wire endpoint
    ; warning
    @(101.60 mm, 200.66 mm): Vertical Wire, length 12.70 mm
[isolated_pin_label]: Label connected to only one pin
    ; warning
    @(102.87 mm, 182.88 mm): Label 'VDD'
[isolated_pin_label]: Label connected to only one pin
    ; warning
    @(102.87 mm, 213.36 mm): Label 'VSS'
[unconnected_wire_endpoint]: Unconnected wire endpoint
    ; warning
    @(113.03 mm, 215.90 mm): Horizontal Wire, length 5.08 mm
[unconnected_wire_endpoint]: Unconnected wire endpoint
    ; warning
    @(113.03 mm, 218.44 mm): Horizontal Wire, length 5.08 mm
[unconnected_wire_endpoint]: Unconnected wire endpoint
    ; warning
    @(107.95 mm, 220.98 mm): Horizontal Wire, length 5.08 mm
[unconnected_wire_endpoint]: Unconnected wire endpoint
    ; warning
    @(118.11 mm, 215.90 mm): Horizontal Wire, length 20.32 mm
[unconnected_wire_endpoint]: Unconnected wire endpoint
    ; warning
    @(118.11 mm, 218.44 mm): Horizontal Wire, length 20.32 mm
[unconnected_wire_endpoint]: Unconnected wire endpoint
    ; warning
    @(118.11 mm, 220.98 mm): Horizontal Wire, length 20.32 mm
[unconnected_wire_endpoint]: Unconnected wire endpoint
    ; warning
    @(124.46 mm, 200.66 mm): Vertical Wire, length 3.81 mm
[unconnected_wire_endpoint]: Unconnected wire endpoint
    ; warning
    @(124.46 mm, 209.55 mm): Vertical Wire, length 3.81 mm
[unconnected_wire_endpoint]: Unconnected wire endpoint
    ; warning
    @(127.00 mm, 203.20 mm): Vertical Wire, length 1.27 mm
[unconnected_wire_endpoint]: Unconnected wire endpoint
    ; warning
    @(127.00 mm, 209.55 mm): Vertical Wire, length 3.81 mm
[unconnected_wire_endpoint]: Unconnected wire endpoint
    ; warning
    @(133.35 mm, 182.88 mm): Vertical Wire, length 1.27 mm
[unconnected_wire_endpoint]: Unconnected wire endpoint
    ; warning
    @(133.35 mm, 189.23 mm): Vertical Wire, length 6.35 mm
[unconnected_wire_endpoint]: Unconnected wire endpoint
    ; warning
    @(137.16 mm, 193.04 mm): Horizontal Wire, length 1.27 mm
[unconnected_wire_endpoint]: Unconnected wire endpoint
    ; warning
    @(124.46 mm, 200.66 mm): Horizontal Wire, length 13.97 mm
[unconnected_wire_endpoint]: Unconnected wire endpoint
    ; warning
    @(127.00 mm, 203.20 mm): Horizontal Wire, length 11.43 mm
[unconnected_wire_endpoint]: Unconnected wire endpoint
    ; warning
    @(138.43 mm, 208.28 mm): Horizontal Wire, length 1.27 mm
[unconnected_wire_endpoint]: Unconnected wire endpoint
    ; warning
    @(137.16 mm, 210.82 mm): Horizontal Wire, length 1.27 mm
[unconnected_wire_endpoint]: Unconnected wire endpoint
    ; warning
    @(137.16 mm, 213.36 mm): Horizontal Wire, length 1.27 mm
[unconnected_wire_endpoint]: Unconnected wire endpoint
    ; warning
    @(118.11 mm, 215.90 mm): Horizontal Wire, length 20.32 mm
[unconnected_wire_endpoint]: Unconnected wire endpoint
    ; warning
    @(118.11 mm, 218.44 mm): Horizontal Wire, length 20.32 mm
[unconnected_wire_endpoint]: Unconnected wire endpoint
    ; warning
    @(118.11 mm, 220.98 mm): Horizontal Wire, length 20.32 mm
[unconnected_wire_endpoint]: Unconnected wire endpoint
    ; warning
    @(160.02 mm, 193.04 mm): Horizontal Wire, length 8.89 mm
[unconnected_wire_endpoint]: Unconnected wire endpoint
    ; warning
    @(160.02 mm, 195.58 mm): Horizontal Wire, length 19.05 mm
[unconnected_wire_endpoint]: Unconnected wire endpoint
    ; warning
    @(160.02 mm, 198.12 mm): Horizontal Wire, length 27.94 mm
[unconnected_wire_endpoint]: Unconnected wire endpoint
    ; warning
    @(160.02 mm, 213.36 mm): Horizontal Wire, length 10.16 mm
[unconnected_wire_endpoint]: Unconnected wire endpoint
    ; warning
    @(160.02 mm, 223.52 mm): Horizontal Wire, length 2.54 mm
[unconnected_wire_endpoint]: Unconnected wire endpoint
    ; warning
    @(162.56 mm, 226.06 mm): Horizontal Wire, length 2.54 mm
[lib_symbol_issues]: The current configuration does not include the symbol library 'antmicropower'
    ; warning
    @(162.56 mm, 228.60 mm): Symbol #PWR0137 [GNDD]
[unconnected_wire_endpoint]: Unconnected wire endpoint
    ; warning
    @(168.91 mm, 182.88 mm): Vertical Wire, length 1.27 mm
[unconnected_wire_endpoint]: Unconnected wire endpoint
    ; warning
    @(168.91 mm, 189.23 mm): Vertical Wire, length 3.81 mm
[unconnected_wire_endpoint]: Unconnected wire endpoint
    ; warning
    @(160.02 mm, 213.36 mm): Horizontal Wire, length 10.16 mm
[unconnected_wire_endpoint]: Unconnected wire endpoint
    ; warning
    @(175.26 mm, 213.36 mm): Horizontal Wire, length 17.78 mm
[footprint_link_issues]: The current configuration does not include the footprint library 'antmicro-footprints'
    ; warning
    @(179.07 mm, 92.71 mm): Symbol C77 [C_10n_0603]
[lib_symbol_issues]: The current configuration does not include the symbol library 'antmicroCapacitors0603'
    ; warning
    @(179.07 mm, 92.71 mm): Symbol C77 [C_10n_0603]
[lib_symbol_issues]: The current configuration does not include the symbol library 'antmicropower'
    ; warning
    @(179.07 mm, 93.98 mm): Symbol #PWR0134 [GND]
[unconnected_wire_endpoint]: Unconnected wire endpoint
    ; warning
    @(179.07 mm, 182.88 mm): Vertical Wire, length 1.27 mm
[unconnected_wire_endpoint]: Unconnected wire endpoint
    ; warning
    @(179.07 mm, 189.23 mm): Vertical Wire, length 6.35 mm
[footprint_link_issues]: The current configuration does not include the footprint library 'antmicro-footprints'
    ; warning
    @(185.42 mm, 50.80 mm): Symbol J6 [Bus_RJ45_5-2337992-8]
[lib_symbol_issues]: The current configuration does not include the symbol library 'antmicroModularConnectorsJacksWithMagnetics'
    ; warning
    @(185.42 mm, 50.80 mm): Symbol J6 [Bus_RJ45_5-2337992-8]
[unconnected_wire_endpoint]: Unconnected wire endpoint
    ; warning
    @(187.96 mm, 182.88 mm): Vertical Wire, length 1.27 mm
[unconnected_wire_endpoint]: Unconnected wire endpoint
    ; warning
    @(187.96 mm, 189.23 mm): Vertical Wire, length 8.89 mm
[unconnected_wire_endpoint]: Unconnected wire endpoint
    ; warning
    @(200.66 mm, 182.88 mm): Vertical Wire, length 16.51 mm
[unconnected_wire_endpoint]: Unconnected wire endpoint
    ; warning
    @(200.66 mm, 204.47 mm): Vertical Wire, length 13.97 mm
[lib_symbol_issues]: The current configuration does not include the symbol library 'antmicropower'
    ; warning
    @(200.66 mm, 218.44 mm): Symbol #PWR0138 [GNDD]
[lib_symbol_issues]: The current configuration does not include the symbol library 'antmicropower'
    ; warning
    @(209.55 mm, 72.39 mm): Symbol #PWR0142 [+3V3]
[footprint_link_issues]: The current configuration does not include the footprint library 'antmicro-footprints'
    ; warning
    @(210.82 mm, 87.63 mm): Symbol C78 [C_100n_0402]
[lib_symbol_issues]: The current configuration does not include the symbol library 'antmicroCapacitors0402'
    ; warning
    @(210.82 mm, 87.63 mm): Symbol C78 [C_100n_0402]
[lib_symbol_issues]: The current configuration does not include the symbol library 'antmicropower'
    ; warning
    @(210.82 mm, 93.98 mm): Symbol #PWR0135 [GND]
[unconnected_wire_endpoint]: Unconnected wire endpoint
    ; warning
    @(210.82 mm, 182.88 mm): Vertical Wire, length 16.51 mm
[unconnected_wire_endpoint]: Unconnected wire endpoint
    ; warning
    @(210.82 mm, 204.47 mm): Vertical Wire, length 13.97 mm
[lib_symbol_issues]: The current configuration does not include the symbol library 'antmicropower'
    ; warning
    @(210.82 mm, 218.44 mm): Symbol #PWR0139 [GNDD]
[footprint_link_issues]: The current configuration does not include the footprint library 'antmicro-footprints'
    ; warning
    @(218.44 mm, 76.20 mm): Symbol R151 [R_200R_0402]
[lib_symbol_issues]: The current configuration does not include the symbol library 'antmicroResistors0402'
    ; warning
    @(218.44 mm, 76.20 mm): Symbol R151 [R_200R_0402]
[footprint_link_issues]: The current configuration does not include the footprint library 'antmicro-footprints'
    ; warning
    @(218.44 mm, 81.28 mm): Symbol R152 [R_200R_0402]
[lib_symbol_issues]: The current configuration does not include the symbol library 'antmicroResistors0402'
    ; warning
    @(218.44 mm, 81.28 mm): Symbol R152 [R_200R_0402]
[footprint_link_issues]: The current configuration does not include the footprint library 'antmicro-footprints'
    ; warning
    @(220.98 mm, 92.71 mm): Symbol R147 [R_200R_0402]
[lib_symbol_issues]: The current configuration does not include the symbol library 'antmicroResistors0402'
    ; warning
    @(220.98 mm, 92.71 mm): Symbol R147 [R_200R_0402]
[lib_symbol_issues]: The current configuration does not include the symbol library 'antmicropower'
    ; warning
    @(220.98 mm, 93.98 mm): Symbol #PWR0136 [GND]
[unconnected_wire_endpoint]: Unconnected wire endpoint
    ; warning
    @(220.98 mm, 182.88 mm): Vertical Wire, length 16.51 mm
[unconnected_wire_endpoint]: Unconnected wire endpoint
    ; warning
    @(220.98 mm, 204.47 mm): Vertical Wire, length 13.97 mm
[lib_symbol_issues]: The current configuration does not include the symbol library 'antmicropower'
    ; warning
    @(220.98 mm, 218.44 mm): Symbol #PWR0140 [GNDD]
[unconnected_wire_endpoint]: Unconnected wire endpoint
    ; warning
    @(231.14 mm, 182.88 mm): Vertical Wire, length 16.51 mm
[unconnected_wire_endpoint]: Unconnected wire endpoint
    ; warning
    @(231.14 mm, 204.47 mm): Vertical Wire, length 13.97 mm
[lib_symbol_issues]: The current configuration does not include the symbol library 'antmicropower'
    ; warning
    @(231.14 mm, 218.44 mm): Symbol #PWR0141 [GNDD]
[unconnected_wire_endpoint]: Unconnected wire endpoint
    ; warning
    @(241.30 mm, 182.88 mm): Vertical Wire, length 2.54 mm
[unconnected_wire_endpoint]: Unconnected wire endpoint
    ; warning
    @(241.30 mm, 190.50 mm): Vertical Wire, length 20.32 mm
[unconnected_wire_endpoint]: Unconnected wire endpoint
    ; warning
    @(241.30 mm, 190.50 mm): Vertical Wire, length 20.32 mm
[unconnected_wire_endpoint]: Unconnected wire endpoint
    ; warning
    @(241.30 mm, 215.90 mm): Vertical Wire, length 2.54 mm
[lib_symbol_issues]: The current configuration does not include the symbol library 'antmicropower'
    ; warning
    @(241.30 mm, 218.44 mm): Symbol #PWR0144 [GNDD]
[unconnected_wire_endpoint]: Unconnected wire endpoint
    ; warning
    @(257.81 mm, 182.88 mm): Vertical Wire, length 2.54 mm
[unconnected_wire_endpoint]: Unconnected wire endpoint
    ; warning
    @(257.81 mm, 190.50 mm): Vertical Wire, length 3.81 mm
[unconnected_wire_endpoint]: Unconnected wire endpoint
    ; warning
    @(257.81 mm, 207.01 mm): Vertical Wire, length 3.81 mm
[unconnected_wire_endpoint]: Unconnected wire endpoint
    ; warning
    @(257.81 mm, 215.90 mm): Vertical Wire, length 2.54 mm
[lib_symbol_issues]: The current configuration does not include the symbol library 'antmicropower'
    ; warning
    @(257.81 mm, 218.44 mm): Symbol #PWR0291 [GNDD]
[unconnected_wire_endpoint]: Unconnected wire endpoint
    ; warning
    @(257.81 mm, 194.31 mm): Horizontal Wire, length 5.08 mm
[unconnected_wire_endpoint]: Unconnected wire endpoint
    ; warning
    @(267.97 mm, 194.31 mm): Horizontal Wire, length 6.35 mm
[unconnected_wire_endpoint]: Unconnected wire endpoint
    ; warning
    @(257.81 mm, 207.01 mm): Horizontal Wire, length 10.16 mm
[lib_symbol_issues]: The current configuration does not include the symbol library 'antmicropower'
    ; warning
    @(267.97 mm, 237.49 mm): Symbol #PWR0145 [GNDD]
[unconnected_wire_endpoint]: Unconnected wire endpoint
    ; warning
    @(267.97 mm, 236.22 mm): Horizontal Wire, length 5.08 mm
[unconnected_wire_endpoint]: Unconnected wire endpoint
    ; warning
    @(274.32 mm, 199.39 mm): Vertical Wire, length 5.08 mm
[unconnected_wire_endpoint]: Unconnected wire endpoint
    ; warning
    @(274.32 mm, 209.55 mm): Vertical Wire, length 7.62 mm
[lib_symbol_issues]: The current configuration does not include the symbol library 'antmicropower'
    ; warning
    @(274.32 mm, 217.17 mm): Symbol #PWR0302 [GNDD]
[unconnected_wire_endpoint]: Unconnected wire endpoint
    ; warning
    @(278.13 mm, 236.22 mm): Horizontal Wire, length 7.62 mm
[unconnected_wire_endpoint]: Unconnected wire endpoint
    ; warning
    @(285.75 mm, 232.41 mm): Horizontal Wire, length 17.78 mm
[unconnected_wire_endpoint]: Unconnected wire endpoint
    ; warning
    @(278.13 mm, 236.22 mm): Horizontal Wire, length 7.62 mm
[unconnected_wire_endpoint]: Unconnected wire endpoint
    ; warning
    @(297.18 mm, 182.88 mm): Vertical Wire, length 2.54 mm
[unconnected_wire_endpoint]: Unconnected wire endpoint
    ; warning
    @(297.18 mm, 190.50 mm): Vertical Wire, length 3.81 mm
[unconnected_wire_endpoint]: Unconnected wire endpoint
    ; warning
    @(297.18 mm, 194.31 mm): Vertical Wire, length 3.81 mm
[unconnected_wire_endpoint]: Unconnected wire endpoint
    ; warning
    @(297.18 mm, 203.20 mm): Vertical Wire, length 13.97 mm
[lib_symbol_issues]: The current configuration does not include the symbol library 'antmicropower'
    ; warning
    @(297.18 mm, 217.17 mm): Symbol #PWR0306 [GNDD]
[unconnected_wire_endpoint]: Unconnected wire endpoint
    ; warning
    @(298.45 mm, 232.41 mm): Horizontal Wire, length 1.27 mm
[unconnected_wire_endpoint]: Unconnected wire endpoint
    ; warning
    @(298.45 mm, 236.22 mm): Horizontal Wire, length 5.08 mm
[unconnected_wire_endpoint]: Unconnected wire endpoint
    ; warning
    @(298.45 mm, 232.41 mm): Horizontal Wire, length 1.27 mm
[unconnected_wire_endpoint]: Unconnected wire endpoint
    ; warning
    @(298.45 mm, 236.22 mm): Horizontal Wire, length 5.08 mm
[lib_symbol_issues]: The current configuration does not include the symbol library 'antmicropower'
    ; warning
    @(306.07 mm, 217.17 mm): Symbol #PWR0146 [GNDD]
[unconnected_wire_endpoint]: Unconnected wire endpoint
    ; warning
    @(297.18 mm, 182.88 mm): Horizontal Wire, length 10.16 mm
[unconnected_wire_endpoint]: Unconnected wire endpoint
    ; warning
    @(306.07 mm, 190.50 mm): Horizontal Wire, length 1.27 mm
[unconnected_wire_endpoint]: Unconnected wire endpoint
    ; warning
    @(306.07 mm, 198.12 mm): Horizontal Wire, length 1.27 mm
[unconnected_wire_endpoint]: Unconnected wire endpoint
    ; warning
    @(308.61 mm, 236.22 mm): Horizontal Wire, length 5.08 mm
[lib_symbol_issues]: The current configuration does not include the symbol library 'antmicropower'
    ; warning
    @(313.69 mm, 237.49 mm): Symbol #PWR0147 [GND]
[unconnected_wire_endpoint]: Unconnected wire endpoint
    ; warning
    @(327.66 mm, 182.88 mm): Horizontal Wire, length 1.27 mm
[unconnected_wire_endpoint]: Unconnected wire endpoint
    ; warning
    @(327.66 mm, 185.42 mm): Horizontal Wire, length 1.27 mm
[unconnected_wire_endpoint]: Unconnected wire endpoint
    ; warning
    @(327.66 mm, 190.50 mm): Horizontal Wire, length 11.43 mm
[unconnected_wire_endpoint]: Unconnected wire endpoint
    ; warning
    @(327.66 mm, 195.58 mm): Horizontal Wire, length 1.27 mm
[unconnected_wire_endpoint]: Unconnected wire endpoint
    ; warning
    @(327.66 mm, 198.12 mm): Horizontal Wire, length 1.27 mm
[lib_symbol_issues]: The current configuration does not include the symbol library 'antmicropower'
    ; warning
    @(328.93 mm, 199.39 mm): Symbol #PWR0307 [GND]
[unconnected_wire_endpoint]: Unconnected wire endpoint
    ; warning
    @(339.09 mm, 182.88 mm): Vertical Wire, length 1.27 mm
[unconnected_wire_endpoint]: Unconnected wire endpoint
    ; warning
    @(339.09 mm, 189.23 mm): Vertical Wire, length 1.27 mm
[unconnected_wire_endpoint]: Unconnected wire endpoint
    ; warning
    @(339.09 mm, 190.50 mm): Vertical Wire, length 1.27 mm
[unconnected_wire_endpoint]: Unconnected wire endpoint
    ; warning
    @(339.09 mm, 199.39 mm): Vertical Wire, length 2.54 mm
[lib_symbol_issues]: The current configuration does not include the symbol library 'antmicropower'
    ; warning
    @(339.09 mm, 199.39 mm): Symbol #PWR0308 [GND]
[unconnected_wire_endpoint]: Unconnected wire endpoint
    ; warning
    @(349.25 mm, 182.88 mm): Vertical Wire, length 5.08 mm
[unconnected_wire_endpoint]: Unconnected wire endpoint
    ; warning
    @(349.25 mm, 193.04 mm): Vertical Wire, length 6.35 mm
[lib_symbol_issues]: The current configuration does not include the symbol library 'antmicropower'
    ; warning
    @(349.25 mm, 199.39 mm): Symbol #PWR0327 [GND]
[unconnected_wire_endpoint]: Unconnected wire endpoint
    ; warning
    @(359.41 mm, 182.88 mm): Vertical Wire, length 5.08 mm
[unconnected_wire_endpoint]: Unconnected wire endpoint
    ; warning
    @(359.41 mm, 193.04 mm): Vertical Wire, length 6.35 mm
[lib_symbol_issues]: The current configuration does not include the symbol library 'antmicropower'
    ; warning
    @(359.41 mm, 199.39 mm): Symbol #PWR0328 [GND]
[unconnected_wire_endpoint]: Unconnected wire endpoint
    ; warning
    @(369.57 mm, 182.88 mm): Vertical Wire, length 5.08 mm
[unconnected_wire_endpoint]: Unconnected wire endpoint
    ; warning
    @(369.57 mm, 193.04 mm): Vertical Wire, length 6.35 mm
[lib_symbol_issues]: The current configuration does not include the symbol library 'antmicropower'
    ; warning
    @(369.57 mm, 199.39 mm): Symbol #PWR0148 [GND]
[lib_symbol_issues]: The current configuration does not include the symbol library 'antmicropower'
    ; warning
    @(40.64 mm, 153.67 mm): Symbol #PWR044 [+3V3]
[footprint_link_issues]: The current configuration does not include the footprint library 'antmicro-footprints'
    ; warning
    @(40.64 mm, 156.21 mm): Symbol C25 [C_100n_0402]
[lib_symbol_issues]: The current configuration does not include the symbol library 'antmicroCapacitors0402'
    ; warning
    @(40.64 mm, 156.21 mm): Symbol C25 [C_100n_0402]
[lib_symbol_issues]: The current configuration does not include the symbol library 'antmicropower'
    ; warning
    @(40.64 mm, 162.56 mm): Symbol #PWR016 [GND]
[lib_symbol_issues]: The current configuration does not include the symbol library 'antmicropower'
    ; warning
    @(46.99 mm, 162.56 mm): Symbol #PWR040 [GND]
[footprint_link_issues]: The current configuration does not include the footprint library 'antmicro-footprints'
    ; warning
    @(48.26 mm, 154.94 mm): Symbol Y1 [Oscillator_32.768kHz_ECS_2520MV]
[lib_symbol_issues]: The current configuration does not include the symbol library 'antmicroOscillators'
    ; warning
    @(48.26 mm, 154.94 mm): Symbol Y1 [Oscillator_32.768kHz_ECS_2520MV]
[footprint_link_issues]: The current configuration does not include the footprint library 'antmicro-footprints'
    ; warning
    @(62.23 mm, 99.06 mm): Symbol R13 [R_0R_0402]
[lib_symbol_issues]: The current configuration does not include the symbol library 'antmicroResistors0402'
    ; warning
    @(62.23 mm, 99.06 mm): Symbol R13 [R_0R_0402]
[footprint_link_issues]: The current configuration does not include the footprint library 'antmicro-footprints'
    ; warning
    @(62.23 mm, 104.14 mm): Symbol R14 [R_0R_0402]
[lib_symbol_issues]: The current configuration does not include the symbol library 'antmicroResistors0402'
    ; warning
    @(62.23 mm, 104.14 mm): Symbol R14 [R_0R_0402]
[unconnected_wire_endpoint]: Unconnected wire endpoint
    ; warning
    @(52.07 mm, 109.22 mm): Horizontal Wire, length 10.16 mm
[footprint_link_issues]: The current configuration does not include the footprint library 'antmicro-footprints'
    ; warning
    @(64.77 mm, 34.29 mm): Symbol R16 [R_0R_0402]
[lib_symbol_issues]: The current configuration does not include the symbol library 'antmicroResistors0402'
    ; warning
    @(64.77 mm, 34.29 mm): Symbol R16 [R_0R_0402]
[footprint_link_issues]: The current configuration does not include the footprint library 'antmicro-footprints'
    ; warning
    @(64.77 mm, 36.83 mm): Symbol R17 [R_0R_0402]
[lib_symbol_issues]: The current configuration does not include the symbol library 'antmicroResistors0402'
    ; warning
    @(64.77 mm, 36.83 mm): Symbol R17 [R_0R_0402]
[footprint_link_issues]: The current configuration does not include the footprint library 'antmicro-footprints'
    ; warning
    @(64.77 mm, 39.37 mm): Symbol R18 [R_0R_0402]
[lib_symbol_issues]: The current configuration does not include the symbol library 'antmicroResistors0402'
    ; warning
    @(64.77 mm, 39.37 mm): Symbol R18 [R_0R_0402]
[footprint_link_issues]: The current configuration does not include the footprint library 'antmicro-footprints'
    ; warning
    @(64.77 mm, 46.99 mm): Symbol R19 [R_0R_0402]
[lib_symbol_issues]: The current configuration does not include the symbol library 'antmicroResistors0402'
    ; warning
    @(64.77 mm, 46.99 mm): Symbol R19 [R_0R_0402]
[unconnected_wire_endpoint]: Unconnected wire endpoint
    ; warning
    @(67.31 mm, 109.22 mm): Horizontal Wire, length 7.62 mm
[footprint_link_issues]: The current configuration does not include the footprint library 'antmicro-footprints'
    ; warning
    @(130.81 mm, 45.72 mm): Symbol C8 [C_100n_0402]
[lib_symbol_issues]: The current configuration does not include the symbol library 'antmicroCapacitors0402'
    ; warning
    @(130.81 mm, 45.72 mm): Symbol C8 [C_100n_0402]
[lib_symbol_issues]: The current configuration does not include the symbol library 'antmicropower'
    ; warning
    @(130.81 mm, 52.07 mm): Symbol #PWR020 [GND]
[lib_symbol_issues]: The current configuration does not include the symbol library 'antmicropower'
    ; warning
    @(130.81 mm, 91.44 mm): Symbol #PWR021 [+3V3]
[footprint_link_issues]: The current configuration does not include the footprint library 'antmicro-footprints'
    ; warning
    @(130.81 mm, 92.71 mm): Symbol C7 [C_100n_0402]
[lib_symbol_issues]: The current configuration does not include the symbol library 'antmicroCapacitors0402'
    ; warning
    @(130.81 mm, 92.71 mm): Symbol C7 [C_100n_0402]
[lib_symbol_issues]: The current configuration does not include the symbol library 'antmicropower'
    ; warning
    @(130.81 mm, 99.06 mm): Symbol #PWR022 [GND]
[lib_symbol_issues]: The current configuration does not include the symbol library 'antmicropower'
    ; warning
    @(151.13 mm, 63.50 mm): Symbol #PWR024 [GND]
[footprint_link_issues]: The current configuration does not include the footprint library 'antmicro-footprints'
    ; warning
    @(152.40 mm, 48.26 mm): Symbol U2 [74LVC2G07_SOT457]
[lib_symbol_issues]: The current configuration does not include the symbol library 'antmicroLogicBuffersDriversReceiversTransceivers'
    ; warning
    @(152.40 mm, 48.26 mm): Symbol U2 [74LVC2G07_SOT457]
[footprint_link_issues]: The current configuration does not include the footprint library 'antmicro-footprints'
    ; warning
    @(157.48 mm, 177.80 mm): Symbol C9 [C_220n_0402]
[lib_symbol_issues]: The current configuration does not include the symbol library 'antmicroCapacitors0402'
    ; warning
    @(157.48 mm, 177.80 mm): Symbol C9 [C_220n_0402]
[footprint_link_issues]: The current configuration does not include the footprint library 'antmicro-footprints'
    ; warning
    @(157.48 mm, 226.06 mm): Symbol R21 [R_4x0R_0201_array]
[lib_symbol_issues]: The current configuration does not include the symbol library 'antmicroResistorNetworksArrays'
    ; warning
    @(157.48 mm, 226.06 mm): Symbol R21 [R_4x0R_0201_array]
[footprint_link_issues]: The current configuration does not include the footprint library 'antmicro-footprints'
    ; warning
    @(161.29 mm, 180.34 mm): Symbol C10 [C_220n_0402]
[lib_symbol_issues]: The current configuration does not include the symbol library 'antmicroCapacitors0402'
    ; warning
    @(161.29 mm, 180.34 mm): Symbol C10 [C_220n_0402]
[footprint_link_issues]: The current configuration does not include the footprint library 'antmicro-footprints'
    ; warning
    @(165.10 mm, 83.82 mm): Symbol U3 [74LVC2G07_SOT457]
[lib_symbol_issues]: The current configuration does not include the symbol library 'antmicroLogicBuffersDriversReceiversTransceivers'
    ; warning
    @(165.10 mm, 83.82 mm): Symbol U3 [74LVC2G07_SOT457]
[lib_symbol_issues]: The current configuration does not include the symbol library 'antmicropower'
    ; warning
    @(166.37 mm, 99.06 mm): Symbol #PWR026 [GND]
[lib_symbol_issues]: The current configuration does not include the symbol library 'antmicropower'
    ; warning
    @(168.91 mm, 80.01 mm): Symbol #PWR025 [+3V3]
[footprint_link_issues]: The current configuration does not include the footprint library 'antmicro-footprints'
    ; warning
    @(168.91 mm, 238.76 mm): Symbol R20 [R_0R_0402]
[lib_symbol_issues]: The current configuration does not include the symbol library 'antmicroResistors0402'
    ; warning
    @(168.91 mm, 238.76 mm): Symbol R20 [R_0R_0402]
[footprint_link_issues]: The current configuration does not include the footprint library 'antmicro-footprints'
    ; warning
    @(168.91 mm, 241.30 mm): Symbol R52 [R_0R_0402]
[lib_symbol_issues]: The current configuration does not include the symbol library 'antmicroResistors0402'
    ; warning
    @(168.91 mm, 241.30 mm): Symbol R52 [R_0R_0402]
[lib_symbol_issues]: The current configuration does not include the symbol library 'antmicropower'
    ; warning
    @(175.26 mm, 151.13 mm): Symbol #PWR027 [+3V3]
[footprint_link_issues]: The current configuration does not include the footprint library 'antmicro-footprints'
    ; warning
    @(175.26 mm, 153.67 mm): Symbol R27 [R_47k_0402]
[lib_symbol_issues]: The current configuration does not include the symbol library 'antmicroResistors0402'
    ; warning
    @(175.26 mm, 153.67 mm): Symbol R27 [R_47k_0402]
[footprint_link_issues]: The current configuration does not include the footprint library 'antmicro-footprints'
    ; warning
    @(184.15 mm, 153.67 mm): Symbol R28 [R_47k_0402]
[lib_symbol_issues]: The current configuration does not include the symbol library 'antmicroResistors0402'
    ; warning
    @(184.15 mm, 153.67 mm): Symbol R28 [R_47k_0402]
[footprint_link_issues]: The current configuration does not include the footprint library 'antmicro-footprints'
    ; warning
    @(191.77 mm, 160.02 mm): Symbol J1 [Bus_M.2_2199230-6]
[lib_symbol_issues]: The current configuration does not include the symbol library 'antmicroPciConnectors'
    ; warning
    @(191.77 mm, 160.02 mm): Symbol J1 [Bus_M.2_2199230-6]
[lib_symbol_issues]: The current configuration does not include the symbol library 'antmicropower'
    ; warning
    @(223.52 mm, 267.97 mm): Symbol #PWR028 [GND]
[lib_symbol_issues]: The current configuration does not include the symbol library 'antmicropower'
    ; warning
    @(241.30 mm, 224.79 mm): Symbol #PWR0311 [+3V3]
[footprint_link_issues]: The current configuration does not include the footprint library 'antmicro-footprints'
    ; warning
    @(241.30 mm, 232.41 mm): Symbol R186 [R_200R_0402]
[lib_symbol_issues]: The current configuration does not include the symbol library 'antmicroResistors0402'
    ; warning
    @(241.30 mm, 232.41 mm): Symbol R186 [R_200R_0402]
[footprint_link_issues]: The current configuration does not include the footprint library 'antmicro-footprints'
    ; warning
    @(241.30 mm, 240.03 mm): Symbol D51 [LED_G_0603_LTST-C190GKT]
[lib_symbol_issues]: The current configuration does not include the symbol library 'antmicroLEDIndicationDiscrete'
    ; warning
    @(241.30 mm, 240.03 mm): Symbol D51 [LED_G_0603_LTST-C190GKT]
[footprint_link_issues]: The current configuration does not include the footprint library 'antmicro-footprints'
    ; warning
    @(243.84 mm, 152.40 mm): Symbol C11 [C_10u_0603]
[lib_symbol_issues]: The current configuration does not include the symbol library 'antmicroCapacitors0603'
    ; warning
    @(243.84 mm, 152.40 mm): Symbol C11 [C_10u_0603]
[lib_symbol_issues]: The current configuration does not include the symbol library 'antmicropower'
    ; warning
    @(243.84 mm, 158.75 mm): Symbol #PWR029 [GND]
[footprint_link_issues]: The current configuration does not include the footprint library 'antmicro-footprints'
    ; warning
    @(246.38 mm, 172.72 mm): Symbol R29 [R_0R_0402]
[lib_symbol_issues]: The current configuration does not include the symbol library 'antmicroResistors0402'
    ; warning
    @(246.38 mm, 172.72 mm): Symbol R29 [R_0R_0402]
[footprint_link_issues]: The current configuration does not include the footprint library 'antmicro-footprints'
    ; warning
    @(246.38 mm, 187.96 mm): Symbol R30 [R_0R_0402]
[lib_symbol_issues]: The current configuration does not include the symbol library 'antmicroResistors0402'
    ; warning
    @(246.38 mm, 187.96 mm): Symbol R30 [R_0R_0402]
[footprint_link_issues]: The current configuration does not include the footprint library 'antmicro-footprints'
    ; warning
    @(246.38 mm, 190.50 mm): Symbol R31 [R_0R_0402]
[lib_symbol_issues]: The current configuration does not include the symbol library 'antmicroResistors0402'
    ; warning
    @(246.38 mm, 190.50 mm): Symbol R31 [R_0R_0402]
[footprint_link_issues]: The current configuration does not include the footprint library 'antmicro-footprints'
    ; warning
    @(250.19 mm, 200.66 mm): Symbol R32 [R_47k_0402]
[lib_symbol_issues]: The current configuration does not include the symbol library 'antmicroResistors0402'
    ; warning
    @(250.19 mm, 200.66 mm): Symbol R32 [R_47k_0402]
[lib_symbol_issues]: The current configuration does not include the symbol library 'antmicropower'
    ; warning
    @(254.00 mm, 224.79 mm): Symbol #PWR0309 [+3V3]
[footprint_link_issues]: The current configuration does not include the footprint library 'antmicro-footprints'
    ; warning
    @(254.00 mm, 232.41 mm): Symbol R187 [R_200R_0402]
[lib_symbol_issues]: The current configuration does not include the symbol library 'antmicroResistors0402'
    ; warning
    @(254.00 mm, 232.41 mm): Symbol R187 [R_200R_0402]
[footprint_link_issues]: The current configuration does not include the footprint library 'antmicro-footprints'
    ; warning
    @(254.00 mm, 240.03 mm): Symbol D52 [LED_G_0603_LTST-C190GKT]
[lib_symbol_issues]: The current configuration does not include the symbol library 'antmicroLEDIndicationDiscrete'
    ; warning
    @(254.00 mm, 240.03 mm): Symbol D52 [LED_G_0603_LTST-C190GKT]
[footprint_link_issues]: The current configuration does not include the footprint library 'antmicro-footprints'
    ; warning
    @(255.27 mm, 152.40 mm): Symbol C12 [C_10u_0603]
[lib_symbol_issues]: The current configuration does not include the symbol library 'antmicroCapacitors0603'
    ; warning
    @(255.27 mm, 152.40 mm): Symbol C12 [C_10u_0603]
[lib_symbol_issues]: The current configuration does not include the symbol library 'antmicropower'
    ; warning
    @(255.27 mm, 158.75 mm): Symbol #PWR030 [GND]
[lib_symbol_issues]: The current configuration does not include the symbol library 'antmicropower'
    ; warning
    @(259.08 mm, 149.86 mm): Symbol #PWR031 [+3V3]
[footprint_link_issues]: The current configuration does not include the footprint library 'antmicro-footprints'
    ; warning
    @(264.16 mm, 185.42 mm): Symbol TP6 [TP_0.75mm_SMD]
[lib_symbol_issues]: The current configuration does not include the symbol library 'antmicroTestPoints'
    ; warning
    @(264.16 mm, 185.42 mm): Symbol TP6 [TP_0.75mm_SMD]
[footprint_link_issues]: The current configuration does not include the footprint library 'antmicro-footprints'
    ; warning
    @(264.16 mm, 195.58 mm): Symbol TP7 [TP_0.75mm_SMD]
[lib_symbol_issues]: The current configuration does not include the symbol library 'antmicroTestPoints'
    ; warning
    @(264.16 mm, 195.58 mm): Symbol TP7 [TP_0.75mm_SMD]
[footprint_link_issues]: The current configuration does not include the footprint library 'antmicro-footprints'
    ; warning
    @(264.16 mm, 198.12 mm): Symbol TP8 [TP_0.75mm_SMD]
[lib_symbol_issues]: The current configuration does not include the symbol library 'antmicroTestPoints'
    ; warning
    @(264.16 mm, 198.12 mm): Symbol TP8 [TP_0.75mm_SMD]
[footprint_link_issues]: The current configuration does not include the footprint library 'antmicro-footprints'
    ; warning
    @(264.16 mm, 203.20 mm): Symbol TP9 [TP_0.75mm_SMD]
[lib_symbol_issues]: The current configuration does not include the symbol library 'antmicroTestPoints'
    ; warning
    @(264.16 mm, 203.20 mm): Symbol TP9 [TP_0.75mm_SMD]
[lib_symbol_issues]: The current configuration does not include the symbol library 'antmicropower'
    ; warning
    @(276.86 mm, 199.39 mm): Symbol #PWR033 [+3V3]
[footprint_link_issues]: The current configuration does not include the footprint library 'antmicro-footprints'
    ; warning
    @(281.94 mm, 54.61 mm): Symbol C13 [C_220n_0402]
[lib_symbol_issues]: The current configuration does not include the symbol library 'antmicroCapacitors0402'
    ; warning
    @(281.94 mm, 54.61 mm): Symbol C13 [C_220n_0402]
[footprint_link_issues]: The current configuration does not include the footprint library 'antmicro-footprints'
    ; warning
    @(281.94 mm, 69.85 mm): Symbol C14 [C_220n_0402]
[lib_symbol_issues]: The current configuration does not include the symbol library 'antmicroCapacitors0402'
    ; warning
    @(281.94 mm, 69.85 mm): Symbol C14 [C_220n_0402]
[footprint_link_issues]: The current configuration does not include the footprint library 'antmicro-footprints'
    ; warning
    @(281.94 mm, 100.33 mm): Symbol C16 [C_220n_0402]
[lib_symbol_issues]: The current configuration does not include the symbol library 'antmicroCapacitors0402'
    ; warning
    @(281.94 mm, 100.33 mm): Symbol C16 [C_220n_0402]
[footprint_link_issues]: The current configuration does not include the footprint library 'antmicro-footprints'
    ; warning
    @(283.21 mm, 85.09 mm): Symbol C15 [C_220n_0402]
[lib_symbol_issues]: The current configuration does not include the symbol library 'antmicroCapacitors0402'
    ; warning
    @(283.21 mm, 85.09 mm): Symbol C15 [C_220n_0402]
[footprint_link_issues]: The current configuration does not include the footprint library 'antmicro-footprints'
    ; warning
    @(283.845 mm, 264.795 mm): Symbol A2 [Mech_M2_2242_H2.5mm]
[lib_symbol_issues]: The current configuration does not include the symbol library 'antmicroModules'
    ; warning
    @(283.845 mm, 264.795 mm): Symbol A2 [Mech_M2_2242_H2.5mm]
[footprint_link_issues]: The current configuration does not include the footprint library 'antmicro-footprints'
    ; warning
    @(284.48 mm, 275.59 mm): Symbol SP7 [Spacer_Drill3.7mm_H2.5mm_9774025151R]
[lib_symbol_issues]: The current configuration does not include the symbol library 'antmicroMechanicalParts'
    ; warning
    @(284.48 mm, 275.59 mm): Symbol SP7 [Spacer_Drill3.7mm_H2.5mm_9774025151R]
[footprint_link_issues]: The current configuration does not include the footprint library 'antmicro-footprints'
    ; warning
    @(285.75 mm, 57.15 mm): Symbol C17 [C_220n_0402]
[lib_symbol_issues]: The current configuration does not include the symbol library 'antmicroCapacitors0402'
    ; warning
    @(285.75 mm, 57.15 mm): Symbol C17 [C_220n_0402]
[footprint_link_issues]: The current configuration does not include the footprint library 'antmicro-footprints'
    ; warning
    @(285.75 mm, 72.39 mm): Symbol C18 [C_220n_0402]
[lib_symbol_issues]: The current configuration does not include the symbol library 'antmicroCapacitors0402'
    ; warning
    @(285.75 mm, 72.39 mm): Symbol C18 [C_220n_0402]
[footprint_link_issues]: The current configuration does not include the footprint library 'antmicro-footprints'
    ; warning
    @(285.75 mm, 102.87 mm): Symbol C20 [C_220n_0402]
[lib_symbol_issues]: The current configuration does not include the symbol library 'antmicroCapacitors0402'
    ; warning
    @(285.75 mm, 102.87 mm): Symbol C20 [C_220n_0402]
[lib_symbol_issues]: The current configuration does not include the symbol library 'antmicropower'
    ; warning
    @(285.75 mm, 276.86 mm): Symbol #PWR032 [GND]
[footprint_link_issues]: The current configuration does not include the footprint library 'antmicro-footprints'
    ; warning
    @(287.02 mm, 87.63 mm): Symbol C19 [C_220n_0402]
[lib_symbol_issues]: The current configuration does not include the symbol library 'antmicroCapacitors0402'
    ; warning
    @(287.02 mm, 87.63 mm): Symbol C19 [C_220n_0402]
[lib_symbol_issues]: The current configuration does not include the symbol library 'antmicropower'
    ; warning
    @(295.91 mm, 24.13 mm): Symbol #PWR034 [+3V3]
[footprint_link_issues]: The current configuration does not include the footprint library 'antmicro-footprints'
    ; warning
    @(295.91 mm, 26.67 mm): Symbol R37 [R_47k_0402]
[lib_symbol_issues]: The current configuration does not include the symbol library 'antmicroResistors0402'
    ; warning
    @(295.91 mm, 26.67 mm): Symbol R37 [R_47k_0402]
[footprint_link_issues]: The current configuration does not include the footprint library 'antmicro-footprints'
    ; warning
    @(304.80 mm, 26.67 mm): Symbol R38 [R_47k_0402]
[lib_symbol_issues]: The current configuration does not include the symbol library 'antmicroResistors0402'
    ; warning
    @(304.80 mm, 26.67 mm): Symbol R38 [R_47k_0402]
[footprint_link_issues]: The current configuration does not include the footprint library 'antmicro-footprints'
    ; warning
    @(307.34 mm, 207.01 mm): Symbol R22 [R_4x0R_0201_array]
[lib_symbol_issues]: The current configuration does not include the symbol library 'antmicroResistorNetworksArrays'
    ; warning
    @(307.34 mm, 207.01 mm): Symbol R22 [R_4x0R_0201_array]
[footprint_link_issues]: The current configuration does not include the footprint library 'antmicro-footprints'
    ; warning
    @(312.42 mm, 33.02 mm): Symbol J2 [Bus_M.2_1-2199230-6]
[lib_symbol_issues]: The current configuration does not include the symbol library 'antmicroPciConnectors'
    ; warning
    @(312.42 mm, 33.02 mm): Symbol J2 [Bus_M.2_1-2199230-6]
[lib_symbol_issues]: The current configuration does not include the symbol library 'antmicropower'
    ; warning
    @(344.17 mm, 27.94 mm): Symbol #FLG02 [PWR_FLAG]
[lib_symbol_issues]: The current configuration does not include the symbol library 'antmicropower'
    ; warning
    @(344.17 mm, 71.12 mm): Symbol #PWR0319 [+3V3]
[footprint_link_issues]: The current configuration does not include the footprint library 'antmicro-footprints'
    ; warning
    @(344.17 mm, 77.47 mm): Symbol R39 [R_200R_0402]
[lib_symbol_issues]: The current configuration does not include the symbol library 'antmicroResistors0402'
    ; warning
    @(344.17 mm, 77.47 mm): Symbol R39 [R_200R_0402]
[footprint_link_issues]: The current configuration does not include the footprint library 'antmicro-footprints'
    ; warning
    @(344.17 mm, 85.09 mm): Symbol D1 [LED_G_0603_LTST-C190GKT]
[lib_symbol_issues]: The current configuration does not include the symbol library 'antmicroLEDIndicationDiscrete'
    ; warning
    @(344.17 mm, 85.09 mm): Symbol D1 [LED_G_0603_LTST-C190GKT]
[lib_symbol_issues]: The current configuration does not include the symbol library 'antmicropower'
    ; warning
    @(344.17 mm, 111.76 mm): Symbol #PWR036 [GND]
[footprint_link_issues]: The current configuration does not include the footprint library 'antmicro-footprints'
    ; warning
    @(349.25 mm, 30.48 mm): Symbol C21 [C_10u_0603]
[lib_symbol_issues]: The current configuration does not include the symbol library 'antmicroCapacitors0603'
    ; warning
    @(349.25 mm, 30.48 mm): Symbol C21 [C_10u_0603]
[lib_symbol_issues]: The current configuration does not include the symbol library 'antmicropower'
    ; warning
    @(349.25 mm, 35.56 mm): Symbol #PWR037 [GND]
[footprint_link_issues]: The current configuration does not include the footprint library 'antmicro-footprints'
    ; warning
    @(359.41 mm, 30.48 mm): Symbol C22 [C_10u_0603]
[lib_symbol_issues]: The current configuration does not include the symbol library 'antmicroCapacitors0603'
    ; warning
    @(359.41 mm, 30.48 mm): Symbol C22 [C_10u_0603]
[lib_symbol_issues]: The current configuration does not include the symbol library 'antmicropower'
    ; warning
    @(359.41 mm, 35.56 mm): Symbol #PWR038 [GND]
[footprint_link_issues]: The current configuration does not include the footprint library 'antmicro-footprints'
    ; warning
    @(359.41 mm, 59.69 mm): Symbol TP10 [TP_0.75mm_SMD]
[lib_symbol_issues]: The current configuration does not include the symbol library 'antmicroTestPoints'
    ; warning
    @(359.41 mm, 59.69 mm): Symbol TP10 [TP_0.75mm_SMD]
[footprint_link_issues]: The current configuration does not include the footprint library 'antmicro-footprints'
    ; warning
    @(359.41 mm, 62.23 mm): Symbol TP11 [TP_0.75mm_SMD]
[lib_symbol_issues]: The current configuration does not include the symbol library 'antmicroTestPoints'
    ; warning
    @(359.41 mm, 62.23 mm): Symbol TP11 [TP_0.75mm_SMD]
[footprint_link_issues]: The current configuration does not include the footprint library 'antmicro-footprints'
    ; warning
    @(359.41 mm, 64.77 mm): Symbol TP12 [TP_0.75mm_SMD]
[lib_symbol_issues]: The current configuration does not include the symbol library 'antmicroTestPoints'
    ; warning
    @(359.41 mm, 64.77 mm): Symbol TP12 [TP_0.75mm_SMD]
[footprint_link_issues]: The current configuration does not include the footprint library 'antmicro-footprints'
    ; warning
    @(369.57 mm, 30.48 mm): Symbol C23 [C_10u_0603]
[lib_symbol_issues]: The current configuration does not include the symbol library 'antmicroCapacitors0603'
    ; warning
    @(369.57 mm, 30.48 mm): Symbol C23 [C_10u_0603]
[lib_symbol_issues]: The current configuration does not include the symbol library 'antmicropower'
    ; warning
    @(369.57 mm, 35.56 mm): Symbol #PWR039 [GND]
[lib_symbol_issues]: The current configuration does not include the symbol library 'antmicropower'
    ; warning
    @(379.73 mm, 19.05 mm): Symbol #PWR041 [+3V3]
[footprint_link_issues]: The current configuration does not include the footprint library 'antmicro-footprints'
    ; warning
    @(379.73 mm, 25.40 mm): Symbol R143 [R_0R_22.4A_0603]
[lib_symbol_issues]: The current configuration does not include the symbol library 'antmicroResistors0603'
    ; warning
    @(379.73 mm, 25.40 mm): Symbol R143 [R_0R_22.4A_0603]
[footprint_link_issues]: The current configuration does not include the footprint library 'antmicro-footprints'
    ; warning
    @(379.73 mm, 30.48 mm): Symbol C24 [C_10u_0603]
[lib_symbol_issues]: The current configuration does not include the symbol library 'antmicroCapacitors0603'
    ; warning
    @(379.73 mm, 30.48 mm): Symbol C24 [C_10u_0603]
[lib_symbol_issues]: The current configuration does not include the symbol library 'antmicropower'
    ; warning
    @(379.73 mm, 35.56 mm): Symbol #PWR042 [GND]
[footprint_link_issues]: The current configuration does not include the footprint library 'antmicro-footprints'
    ; warning
    @(395.605 mm, 110.49 mm): Symbol M3 [Mech_M2_2280_H2.5mm]
[lib_symbol_issues]: The current configuration does not include the symbol library 'antmicroModules'
    ; warning
    @(395.605 mm, 110.49 mm): Symbol M3 [Mech_M2_2280_H2.5mm]
[footprint_link_issues]: The current configuration does not include the footprint library 'antmicro-footprints'
    ; warning
    @(396.24 mm, 121.92 mm): Symbol SP8 [Spacer_Drill3.7mm_H2.5mm_9774025151R]
[lib_symbol_issues]: The current configuration does not include the symbol library 'antmicroMechanicalParts'
    ; warning
    @(396.24 mm, 121.92 mm): Symbol SP8 [Spacer_Drill3.7mm_H2.5mm_9774025151R]
[lib_symbol_issues]: The current configuration does not include the symbol library 'antmicropower'
    ; warning
    @(397.51 mm, 123.19 mm): Symbol #PWR043 [GND]
[footprint_link_issues]: The current configuration does not include the footprint library 'Inductor_SMD'
    ; warning
    @(55.88 mm, 162.56 mm): Symbol L1301 [L]
[lib_symbol_issues]: The current configuration does not include the symbol library 'Device'
    ; warning
    @(55.88 mm, 162.56 mm): Symbol L1301 [L]
[footprint_link_issues]: The current configuration does not include the footprint library 'Capacitor_SMD'
    ; warning
    @(55.88 mm, 175.26 mm): Symbol C1307 [C]
[lib_symbol_issues]: The current configuration does not include the symbol library 'Device'
    ; warning
    @(55.88 mm, 175.26 mm): Symbol C1307 [C]
[footprint_link_issues]: The current configuration does not include the footprint library 'Capacitor_SMD'
    ; warning
    @(55.88 mm, 187.96 mm): Symbol C1314 [C]
[lib_symbol_issues]: The current configuration does not include the symbol library 'Device'
    ; warning
    @(55.88 mm, 187.96 mm): Symbol C1314 [C]
[footprint_link_issues]: The current configuration does not include the footprint library 'Resistor_SMD'
    ; warning
    @(55.88 mm, 200.66 mm): Symbol R1303 [R]
[lib_symbol_issues]: The current configuration does not include the symbol library 'Device'
    ; warning
    @(55.88 mm, 200.66 mm): Symbol R1303 [R]
[footprint_link_issues]: The current configuration does not include the footprint library 'Capacitor_SMD'
    ; warning
    @(55.88 mm, 213.36 mm): Symbol C1322 [C]
[lib_symbol_issues]: The current configuration does not include the symbol library 'Device'
    ; warning
    @(55.88 mm, 213.36 mm): Symbol C1322 [C]
[footprint_link_issues]: The current configuration does not include the footprint library 'Resistor_SMD'
    ; warning
    @(55.88 mm, 226.06 mm): Symbol R1311 [R]
[lib_symbol_issues]: The current configuration does not include the symbol library 'Device'
    ; warning
    @(55.88 mm, 226.06 mm): Symbol R1311 [R]
[footprint_link_issues]: The current configuration does not include the footprint library 'Package_DFN_QFN'
    ; warning
    @(63.50 mm, 114.30 mm): Symbol U1301 [LAN7800]
[footprint_link_issues]: The current configuration does not include the footprint library 'antmicro-footprints'
    ; warning
    @(132.08 mm, 96.52 mm): Symbol J1301 [RJ45_PoE_MagJack]
[footprint_link_issues]: The current configuration does not include the footprint library 'Capacitor_SMD'
    ; warning
    @(132.08 mm, 162.56 mm): Symbol C1301 [C]
[lib_symbol_issues]: The current configuration does not include the symbol library 'Device'
    ; warning
    @(132.08 mm, 162.56 mm): Symbol C1301 [C]
[footprint_link_issues]: The current configuration does not include the footprint library 'Capacitor_SMD'
    ; warning
    @(132.08 mm, 175.26 mm): Symbol C1308 [C]
[lib_symbol_issues]: The current configuration does not include the symbol library 'Device'
    ; warning
    @(132.08 mm, 175.26 mm): Symbol C1308 [C]
[footprint_link_issues]: The current configuration does not include the footprint library 'Capacitor_SMD'
    ; warning
    @(132.08 mm, 187.96 mm): Symbol C1315 [C]
[lib_symbol_issues]: The current configuration does not include the symbol library 'Device'
    ; warning
    @(132.08 mm, 187.96 mm): Symbol C1315 [C]
[footprint_link_issues]: The current configuration does not include the footprint library 'Capacitor_SMD'
    ; warning
    @(132.08 mm, 200.66 mm): Symbol C1319 [C]
[lib_symbol_issues]: The current configuration does not include the symbol library 'Device'
    ; warning
    @(132.08 mm, 200.66 mm): Symbol C1319 [C]
[footprint_link_issues]: The current configuration does not include the footprint library 'Resistor_SMD'
    ; warning
    @(132.08 mm, 213.36 mm): Symbol R1306 [R]
[lib_symbol_issues]: The current configuration does not include the symbol library 'Device'
    ; warning
    @(132.08 mm, 213.36 mm): Symbol R1306 [R]
[footprint_link_issues]: The current configuration does not include the footprint library 'Resistor_SMD'
    ; warning
    @(132.08 mm, 226.06 mm): Symbol R1312 [R]
[lib_symbol_issues]: The current configuration does not include the symbol library 'Device'
    ; warning
    @(132.08 mm, 226.06 mm): Symbol R1312 [R]
[footprint_link_issues]: The current configuration does not include the footprint library 'Capacitor_SMD'
    ; warning
    @(208.28 mm, 162.56 mm): Symbol C1302 [C]
[lib_symbol_issues]: The current configuration does not include the symbol library 'Device'
    ; warning
    @(208.28 mm, 162.56 mm): Symbol C1302 [C]
[footprint_link_issues]: The current configuration does not include the footprint library 'Capacitor_SMD'
    ; warning
    @(208.28 mm, 175.26 mm): Symbol C1309 [C]
[lib_symbol_issues]: The current configuration does not include the symbol library 'Device'
    ; warning
    @(208.28 mm, 175.26 mm): Symbol C1309 [C]
[footprint_link_issues]: The current configuration does not include the footprint library 'Capacitor_SMD'
    ; warning
    @(208.28 mm, 187.96 mm): Symbol C1316 [C]
[lib_symbol_issues]: The current configuration does not include the symbol library 'Device'
    ; warning
    @(208.28 mm, 187.96 mm): Symbol C1316 [C]
[footprint_link_issues]: The current configuration does not include the footprint library 'Resistor_SMD'
    ; warning
    @(208.28 mm, 200.66 mm): Symbol R1304 [R]
[lib_symbol_issues]: The current configuration does not include the symbol library 'Device'
    ; warning
    @(208.28 mm, 200.66 mm): Symbol R1304 [R]
[footprint_link_issues]: The current configuration does not include the footprint library 'Resistor_SMD'
    ; warning
    @(208.28 mm, 213.36 mm): Symbol R1307 [R]
[lib_symbol_issues]: The current configuration does not include the symbol library 'Device'
    ; warning
    @(208.28 mm, 213.36 mm): Symbol R1307 [R]
[footprint_link_issues]: The current configuration does not include the footprint library 'Capacitor_SMD'
    ; warning
    @(208.28 mm, 226.06 mm): Symbol C1324 [C]
[lib_symbol_issues]: The current configuration does not include the symbol library 'Device'
    ; warning
    @(208.28 mm, 226.06 mm): Symbol C1324 [C]
[footprint_link_issues]: The current configuration does not include the footprint library 'Capacitor_SMD'
    ; warning
    @(284.48 mm, 162.56 mm): Symbol C1303 [C]
[lib_symbol_issues]: The current configuration does not include the symbol library 'Device'
    ; warning
    @(284.48 mm, 162.56 mm): Symbol C1303 [C]
[footprint_link_issues]: The current configuration does not include the footprint library 'Capacitor_SMD'
    ; warning
    @(284.48 mm, 175.26 mm): Symbol C1310 [C]
[lib_symbol_issues]: The current configuration does not include the symbol library 'Device'
    ; warning
    @(284.48 mm, 175.26 mm): Symbol C1310 [C]
[footprint_link_issues]: The current configuration does not include the footprint library 'Capacitor_SMD'
    ; warning
    @(284.48 mm, 187.96 mm): Symbol C1317 [C]
[lib_symbol_issues]: The current configuration does not include the symbol library 'Device'
    ; warning
    @(284.48 mm, 187.96 mm): Symbol C1317 [C]
[footprint_link_issues]: The current configuration does not include the footprint library 'Resistor_SMD'
    ; warning
    @(284.48 mm, 200.66 mm): Symbol R1305 [R]
[lib_symbol_issues]: The current configuration does not include the symbol library 'Device'
    ; warning
    @(284.48 mm, 200.66 mm): Symbol R1305 [R]
[footprint_link_issues]: The current configuration does not include the footprint library 'Resistor_SMD'
    ; warning
    @(284.48 mm, 213.36 mm): Symbol R1308 [R]
[lib_symbol_issues]: The current configuration does not include the symbol library 'Device'
    ; warning
    @(284.48 mm, 213.36 mm): Symbol R1308 [R]
[footprint_link_issues]: The current configuration does not include the footprint library 'Capacitor_SMD'
    ; warning
    @(360.68 mm, 162.56 mm): Symbol C1304 [C]
[lib_symbol_issues]: The current configuration does not include the symbol library 'Device'
    ; warning
    @(360.68 mm, 162.56 mm): Symbol C1304 [C]
[footprint_link_issues]: The current configuration does not include the footprint library 'Capacitor_SMD'
    ; warning
    @(360.68 mm, 175.26 mm): Symbol C1311 [C]
[lib_symbol_issues]: The current configuration does not include the symbol library 'Device'
    ; warning
    @(360.68 mm, 175.26 mm): Symbol C1311 [C]
[footprint_link_issues]: The current configuration does not include the footprint library 'Resistor_SMD'
    ; warning
    @(360.68 mm, 187.96 mm): Symbol R1301 [R]
[lib_symbol_issues]: The current configuration does not include the symbol library 'Device'
    ; warning
    @(360.68 mm, 187.96 mm): Symbol R1301 [R]
[footprint_link_issues]: The current configuration does not include the footprint library 'Crystal'
    ; warning
    @(360.68 mm, 200.66 mm): Symbol Y1301 [Crystal_GND24]
[lib_symbol_issues]: The current configuration does not include the symbol library 'Device'
    ; warning
    @(360.68 mm, 200.66 mm): Symbol Y1301 [Crystal_GND24]
[footprint_link_issues]: The current configuration does not include the footprint library 'Resistor_SMD'
    ; warning
    @(360.68 mm, 213.36 mm): Symbol R1309 [R]
[lib_symbol_issues]: The current configuration does not include the symbol library 'Device'
    ; warning
    @(360.68 mm, 213.36 mm): Symbol R1309 [R]
[footprint_link_issues]: The current configuration does not include the footprint library 'Capacitor_SMD'
    ; warning
    @(436.88 mm, 162.56 mm): Symbol C1305 [C]
[lib_symbol_issues]: The current configuration does not include the symbol library 'Device'
    ; warning
    @(436.88 mm, 162.56 mm): Symbol C1305 [C]
[footprint_link_issues]: The current configuration does not include the footprint library 'Capacitor_SMD'
    ; warning
    @(436.88 mm, 175.26 mm): Symbol C1312 [C]
[lib_symbol_issues]: The current configuration does not include the symbol library 'Device'
    ; warning
    @(436.88 mm, 175.26 mm): Symbol C1312 [C]
[footprint_link_issues]: The current configuration does not include the footprint library 'Resistor_SMD'
    ; warning
    @(436.88 mm, 187.96 mm): Symbol R1302 [R]
[lib_symbol_issues]: The current configuration does not include the symbol library 'Device'
    ; warning
    @(436.88 mm, 187.96 mm): Symbol R1302 [R]
[footprint_link_issues]: The current configuration does not include the footprint library 'Capacitor_SMD'
    ; warning
    @(436.88 mm, 200.66 mm): Symbol C1320 [C]
[lib_symbol_issues]: The current configuration does not include the symbol library 'Device'
    ; warning
    @(436.88 mm, 200.66 mm): Symbol C1320 [C]
[footprint_link_issues]: The current configuration does not include the footprint library 'Capacitor_SMD'
    ; warning
    @(436.88 mm, 213.36 mm): Symbol C1323 [C]
[lib_symbol_issues]: The current configuration does not include the symbol library 'Device'
    ; warning
    @(436.88 mm, 213.36 mm): Symbol C1323 [C]
[footprint_link_issues]: The current configuration does not include the footprint library 'Capacitor_SMD'
    ; warning
    @(513.08 mm, 162.56 mm): Symbol C1306 [C]
[lib_symbol_issues]: The current configuration does not include the symbol library 'Device'
    ; warning
    @(513.08 mm, 162.56 mm): Symbol C1306 [C]
[footprint_link_issues]: The current configuration does not include the footprint library 'Capacitor_SMD'
    ; warning
    @(513.08 mm, 175.26 mm): Symbol C1313 [C]
[lib_symbol_issues]: The current configuration does not include the symbol library 'Device'
    ; warning
    @(513.08 mm, 175.26 mm): Symbol C1313 [C]
[footprint_link_issues]: The current configuration does not include the footprint library 'Capacitor_SMD'
    ; warning
    @(513.08 mm, 187.96 mm): Symbol C1318 [C]
[lib_symbol_issues]: The current configuration does not include the symbol library 'Device'
    ; warning
    @(513.08 mm, 187.96 mm): Symbol C1318 [C]
[footprint_link_issues]: The current configuration does not include the footprint library 'Capacitor_SMD'
    ; warning
    @(513.08 mm, 200.66 mm): Symbol C1321 [C]
[lib_symbol_issues]: The current configuration does not include the symbol library 'Device'
    ; warning
    @(513.08 mm, 200.66 mm): Symbol C1321 [C]
[footprint_link_issues]: The current configuration does not include the footprint library 'Resistor_SMD'
    ; warning
    @(513.08 mm, 213.36 mm): Symbol R1310 [R]
[lib_symbol_issues]: The current configuration does not include the symbol library 'Device'
    ; warning
    @(513.08 mm, 213.36 mm): Symbol R1310 [R]
[footprint_link_issues]: The current configuration does not include the footprint library 'Connector_PinHeader_2.54mm'
    ; warning
    @(53.34 mm, 144.78 mm): Symbol J1001 [STACK_2x20]
[footprint_link_issues]: The current configuration does not include the footprint library 'Resistor_SMD'
    ; warning
    @(55.88 mm, 210.82 mm): Symbol R1001 [R]
[lib_symbol_issues]: The current configuration does not include the symbol library 'Device'
    ; warning
    @(55.88 mm, 210.82 mm): Symbol R1001 [R]
[footprint_link_issues]: The current configuration does not include the footprint library 'MountingHole'
    ; warning
    @(55.88 mm, 223.52 mm): Symbol H1002 [MountingHole_Pad]
[lib_symbol_issues]: The current configuration does not include the symbol library 'Mechanical'
    ; warning
    @(55.88 mm, 223.52 mm): Symbol H1002 [MountingHole_Pad]
[footprint_link_issues]: The current configuration does not include the footprint library 'antmicro-footprints'
    ; warning
    @(96.52 mm, 99.06 mm): Symbol Q1001 [SSM3J332R]
[footprint_link_issues]: The current configuration does not include the footprint library 'Resistor_SMD'
    ; warning
    @(132.08 mm, 210.82 mm): Symbol R1002 [R]
[lib_symbol_issues]: The current configuration does not include the symbol library 'Device'
    ; warning
    @(132.08 mm, 210.82 mm): Symbol R1002 [R]
[footprint_link_issues]: The current configuration does not include the footprint library 'antmicro-footprints'
    ; warning
    @(147.32 mm, 99.06 mm): Symbol Q1002 [PJE138K]
[footprint_link_issues]: The current configuration does not include the footprint library 'antmicro-footprints'
    ; warning
    @(198.12 mm, 99.06 mm): Symbol Q1003 [PJE138K]
[footprint_link_issues]: The current configuration does not include the footprint library 'Resistor_SMD'
    ; warning
    @(208.28 mm, 210.82 mm): Symbol R1003 [R]
[lib_symbol_issues]: The current configuration does not include the symbol library 'Device'
    ; warning
    @(208.28 mm, 210.82 mm): Symbol R1003 [R]
[footprint_link_issues]: The current configuration does not include the footprint library 'antmicro-footprints'
    ; warning
    @(246.38 mm, 99.06 mm): Symbol Q1004 [PJE138K]
[footprint_link_issues]: The current configuration does not include the footprint library 'Resistor_SMD'
    ; warning
    @(284.48 mm, 210.82 mm): Symbol R1004 [R]
[lib_symbol_issues]: The current configuration does not include the symbol library 'Device'
    ; warning
    @(284.48 mm, 210.82 mm): Symbol R1004 [R]
[footprint_link_issues]: The current configuration does not include the footprint library 'antmicro-footprints'
    ; warning
    @(299.72 mm, 101.60 mm): Symbol U1001 [NTS0102]
[footprint_link_issues]: The current configuration does not include the footprint library 'Capacitor_SMD'
    ; warning
    @(360.68 mm, 210.82 mm): Symbol C1001 [C]
[lib_symbol_issues]: The current configuration does not include the symbol library 'Device'
    ; warning
    @(360.68 mm, 210.82 mm): Symbol C1001 [C]
[footprint_link_issues]: The current configuration does not include the footprint library 'Capacitor_SMD'
    ; warning
    @(436.88 mm, 210.82 mm): Symbol C1002 [C]
[lib_symbol_issues]: The current configuration does not include the symbol library 'Device'
    ; warning
    @(436.88 mm, 210.82 mm): Symbol C1002 [C]
[footprint_link_issues]: The current configuration does not include the footprint library 'MountingHole'
    ; warning
    @(513.08 mm, 210.82 mm): Symbol H1001 [MountingHole_Pad]
[lib_symbol_issues]: The current configuration does not include the symbol library 'Mechanical'
    ; warning
    @(513.08 mm, 210.82 mm): Symbol H1001 [MountingHole_Pad]
[lib_symbol_issues]: The current configuration does not include the symbol library 'antmicropower'
    ; warning
    @(29.21 mm, 148.59 mm): Symbol #PWR0225 [+1V8]
[footprint_link_issues]: The current configuration does not include the footprint library 'antmicro-footprints'
    ; warning
    @(29.21 mm, 156.21 mm): Symbol C44 [C_100n_0402]
[lib_symbol_issues]: The current configuration does not include the symbol library 'antmicroCapacitors0402'
    ; warning
    @(29.21 mm, 156.21 mm): Symbol C44 [C_100n_0402]
[lib_symbol_issues]: The current configuration does not include the symbol library 'antmicropower'
    ; warning
    @(29.21 mm, 158.75 mm): Symbol #PWR0218 [GND]
[isolated_pin_label]: Label connected to only one pin
    ; warning
    @(34.29 mm, 232.41 mm): Global Label 'EEPROM_PWR'
[footprint_link_issues]: The current configuration does not include the footprint library 'antmicro-footprints'
    ; warning
    @(35.56 mm, 163.83 mm): Symbol U33 [NTS0102_XSON]
[lib_symbol_issues]: The current configuration does not include the symbol library 'antmicroLogicTranslatorsLevelShifters'
    ; warning
    @(35.56 mm, 163.83 mm): Symbol U33 [NTS0102_XSON]
[lib_symbol_issues]: The current configuration does not include the symbol library 'antmicropower'
    ; warning
    @(36.83 mm, 229.87 mm): Symbol #FLG07 [PWR_FLAG]
[footprint_link_issues]: The current configuration does not include the footprint library 'antmicro-footprints'
    ; warning
    @(41.91 mm, 71.12 mm): Symbol R215 [R_0R_0402]
[lib_symbol_issues]: The current configuration does not include the symbol library 'antmicroResistors0402'
    ; warning
    @(41.91 mm, 71.12 mm): Symbol R215 [R_0R_0402]
[footprint_link_issues]: The current configuration does not include the footprint library 'antmicro-footprints'
    ; warning
    @(41.91 mm, 73.66 mm): Symbol R216 [R_0R_0402]
[lib_symbol_issues]: The current configuration does not include the symbol library 'antmicroResistors0402'
    ; warning
    @(41.91 mm, 73.66 mm): Symbol R216 [R_0R_0402]
[lib_symbol_issues]: The current configuration does not include the symbol library 'antmicropower'
    ; warning
    @(44.45 mm, 53.34 mm): Symbol #PWR0219 [+1V8]
[footprint_link_issues]: The current configuration does not include the footprint library 'antmicro-footprints'
    ; warning
    @(44.45 mm, 60.96 mm): Symbol R219 [R_10k_0402]
[lib_symbol_issues]: The current configuration does not include the symbol library 'antmicroResistors0402'
    ; warning
    @(44.45 mm, 60.96 mm): Symbol R219 [R_10k_0402]
[lib_symbol_issues]: The current configuration does not include the symbol library 'antmicropower'
    ; warning
    @(44.45 mm, 81.28 mm): Symbol #PWR0179 [+3V3]
[footprint_link_issues]: The current configuration does not include the footprint library 'antmicro-footprints'
    ; warning
    @(44.45 mm, 82.55 mm): Symbol R217 [R_0R_0402]
[lib_symbol_issues]: The current configuration does not include the symbol library 'antmicroResistors0402'
    ; warning
    @(44.45 mm, 82.55 mm): Symbol R217 [R_0R_0402]
[lib_symbol_issues]: The current configuration does not include the symbol library 'antmicropower'
    ; warning
    @(44.45 mm, 247.65 mm): Symbol #PWR0214 [GND]
[unconnected_wire_endpoint]: Unconnected wire endpoint
    ; warning
    @(36.83 mm, 232.41 mm): Horizontal Wire, length 8.89 mm
[unconnected_wire_endpoint]: Unconnected wire endpoint
    ; warning
    @(39.37 mm, 234.95 mm): Horizontal Wire, length 6.35 mm
[unconnected_wire_endpoint]: Unconnected wire endpoint
    ; warning
    @(44.45 mm, 237.49 mm): Horizontal Wire, length 1.27 mm
[unconnected_wire_endpoint]: Unconnected wire endpoint
    ; warning
    @(39.37 mm, 240.03 mm): Horizontal Wire, length 6.35 mm
[unconnected_wire_endpoint]: Unconnected wire endpoint
    ; warning
    @(44.45 mm, 242.57 mm): Horizontal Wire, length 1.27 mm
[footprint_link_issues]: The current configuration does not include the footprint library 'antmicro-footprints'
    ; warning
    @(55.88 mm, 87.63 mm): Symbol R218 [R_0R_0402]
[lib_symbol_issues]: The current configuration does not include the symbol library 'antmicroResistors0402'
    ; warning
    @(55.88 mm, 87.63 mm): Symbol R218 [R_0R_0402]
[lib_symbol_issues]: The current configuration does not include the symbol library 'antmicropower'
    ; warning
    @(55.88 mm, 88.90 mm): Symbol #PWR0204 [GND]
[lib_symbol_issues]: The current configuration does not include the symbol library 'antmicropower'
    ; warning
    @(57.15 mm, 53.34 mm): Symbol #PWR0222 [+3V3]
[footprint_link_issues]: The current configuration does not include the footprint library 'antmicro-footprints'
    ; warning
    @(57.15 mm, 60.96 mm): Symbol C104 [C_100n_0402]
[lib_symbol_issues]: The current configuration does not include the symbol library 'antmicroCapacitors0402'
    ; warning
    @(57.15 mm, 60.96 mm): Symbol C104 [C_100n_0402]
[lib_symbol_issues]: The current configuration does not include the symbol library 'antmicropower'
    ; warning
    @(57.15 mm, 62.23 mm): Symbol #PWR0206 [GND]
[lib_symbol_issues]: The current configuration does not include the symbol library 'antmicropower'
    ; warning
    @(57.15 mm, 175.26 mm): Symbol #PWR0226 [GND]
[lib_symbol_issues]: The current configuration does not include the symbol library 'antmicropower'
    ; warning
    @(62.23 mm, 148.59 mm): Symbol #PWR0172 [+5V]
[footprint_link_issues]: The current configuration does not include the footprint library 'antmicro-footprints'
    ; warning
    @(62.23 mm, 156.21 mm): Symbol C48 [C_100n_0402]
[lib_symbol_issues]: The current configuration does not include the symbol library 'antmicroCapacitors0402'
    ; warning
    @(62.23 mm, 156.21 mm): Symbol C48 [C_100n_0402]
[lib_symbol_issues]: The current configuration does not include the symbol library 'antmicropower'
    ; warning
    @(62.23 mm, 157.48 mm): Symbol #PWR0223 [GND]
[unconnected_wire_endpoint]: Unconnected wire endpoint
    ; warning
    @(53.34 mm, 257.81 mm): Horizontal Wire, length 10.16 mm
[footprint_link_issues]: The current configuration does not include the footprint library 'antmicro-footprints'
    ; warning
    @(68.58 mm, 60.96 mm): Symbol U34 [PCAL6408A_VQFN]
[lib_symbol_issues]: The current configuration does not include the symbol library 'antmicroInterfaceIOExpanders'
    ; warning
    @(68.58 mm, 60.96 mm): Symbol U34 [PCAL6408A_VQFN]
[unconnected_wire_endpoint]: Unconnected wire endpoint
    ; warning
    @(68.58 mm, 257.81 mm): Horizontal Wire, length 10.16 mm
[lib_symbol_issues]: The current configuration does not include the symbol library 'antmicropower'
    ; warning
    @(73.66 mm, 148.59 mm): Symbol #PWR0228 [+5V]
[lib_symbol_issues]: The current configuration does not include the symbol library 'antmicropower'
    ; warning
    @(73.66 mm, 175.26 mm): Symbol #PWR0227 [GND]
[unconnected_wire_endpoint]: Unconnected wire endpoint
    ; warning
    @(76.20 mm, 234.95 mm): Horizontal Wire, length 1.27 mm
[unconnected_wire_endpoint]: Unconnected wire endpoint
    ; warning
    @(74.93 mm, 237.49 mm): Horizontal Wire, length 6.35 mm
[unconnected_wire_endpoint]: Unconnected wire endpoint
    ; warning
    @(74.93 mm, 242.57 mm): Horizontal Wire, length 6.35 mm
[footprint_link_issues]: The current configuration does not include the footprint library 'antmicro-footprints'
    ; warning
    @(76.20 mm, 173.99 mm): Symbol J10 [Molex_PicoBlade_1x4_0533980471]
[lib_symbol_issues]: The current configuration does not include the symbol library 'antmicroWire2BoardConnectors'
    ; warning
    @(76.20 mm, 173.99 mm): Symbol J10 [Molex_PicoBlade_1x4_0533980471]
[lib_symbol_issues]: The current configuration does not include the symbol library 'antmicropower'
    ; warning
    @(76.20 mm, 247.65 mm): Symbol #PWR0351 [GND]
[unconnected_wire_endpoint]: Unconnected wire endpoint
    ; warning
    @(68.58 mm, 257.81 mm): Horizontal Wire, length 10.16 mm
[unconnected_wire_endpoint]: Unconnected wire endpoint
    ; warning
    @(53.34 mm, 260.35 mm): Horizontal Wire, length 25.40 mm
[unconnected_wire_endpoint]: Unconnected wire endpoint
    ; warning
    @(53.34 mm, 262.89 mm): Horizontal Wire, length 25.40 mm
[unconnected_wire_endpoint]: Unconnected wire endpoint
    ; warning
    @(82.55 mm, 232.41 mm): Horizontal Wire, length 5.08 mm
[unconnected_wire_endpoint]: Unconnected wire endpoint
    ; warning
    @(82.55 mm, 234.95 mm): Horizontal Wire, length 5.08 mm
[unconnected_wire_endpoint]: Unconnected wire endpoint
    ; warning
    @(82.55 mm, 237.49 mm): Horizontal Wire, length 5.08 mm
[unconnected_wire_endpoint]: Unconnected wire endpoint
    ; warning
    @(82.55 mm, 240.03 mm): Horizontal Wire, length 5.08 mm
[unconnected_wire_endpoint]: Unconnected wire endpoint
    ; warning
    @(88.90 mm, 257.81 mm): Horizontal Wire, length 5.08 mm
[unconnected_wire_endpoint]: Unconnected wire endpoint
    ; warning
    @(88.90 mm, 260.35 mm): Horizontal Wire, length 3.81 mm
[unconnected_wire_endpoint]: Unconnected wire endpoint
    ; warning
    @(88.90 mm, 262.89 mm): Horizontal Wire, length 3.81 mm
[lib_symbol_issues]: The current configuration does not include the symbol library 'antmicropower'
    ; warning
    @(90.17 mm, 85.09 mm): Symbol #PWR0203 [GND]
[unconnected_wire_endpoint]: Unconnected wire endpoint
    ; warning
    @(97.79 mm, 232.41 mm): Horizontal Wire, length 1.27 mm
[unconnected_wire_endpoint]: Unconnected wire endpoint
    ; warning
    @(97.79 mm, 234.95 mm): Horizontal Wire, length 1.27 mm
[unconnected_wire_endpoint]: Unconnected wire endpoint
    ; warning
    @(97.79 mm, 237.49 mm): Horizontal Wire, length 1.27 mm
[unconnected_wire_endpoint]: Unconnected wire endpoint
    ; warning
    @(97.79 mm, 240.03 mm): Horizontal Wire, length 1.27 mm
[isolated_pin_label]: Label connected to only one pin
    ; warning
    @(109.22 mm, 138.43 mm): Global Label 'GPIO07'
[isolated_pin_label]: Label connected to only one pin
    ; warning
    @(109.22 mm, 140.97 mm): Global Label 'GPIO01'
[isolated_pin_label]: Label connected to only one pin
    ; warning
    @(109.22 mm, 158.75 mm): Global Label 'GPIO09'
[isolated_pin_label]: Label connected to only one pin
    ; warning
    @(110.49 mm, 191.77 mm): Global Label '~{SPI0_CS1}'
[isolated_pin_label]: Label connected to only one pin
    ; warning
    @(110.49 mm, 194.31 mm): Global Label '~{SPI0_CS0}'
[isolated_pin_label]: Label connected to only one pin
    ; warning
    @(110.49 mm, 196.85 mm): Global Label 'SPIO_MISO'
[isolated_pin_label]: Label connected to only one pin
    ; warning
    @(111.76 mm, 173.99 mm): Global Label 'SPIO_MOSI'
[isolated_pin_label]: Label connected to only one pin
    ; warning
    @(111.76 mm, 176.53 mm): Global Label 'SPIO_SCK'
[isolated_pin_label]: Label connected to only one pin
    ; warning
    @(111.76 mm, 179.07 mm): Global Label 'I2S0_LRCK'
[isolated_pin_label]: Label connected to only one pin
    ; warning
    @(111.76 mm, 181.61 mm): Global Label 'I2S0_SDIN'
[footprint_link_issues]: The current configuration does not include the footprint library 'antmicro-footprints'
    ; warning
    @(113.03 mm, 60.96 mm): Symbol R25 [R_4x0R_0201_array]
[lib_symbol_issues]: The current configuration does not include the symbol library 'antmicroResistorNetworksArrays'
    ; warning
    @(113.03 mm, 60.96 mm): Symbol R25 [R_4x0R_0201_array]
[footprint_link_issues]: The current configuration does not include the footprint library 'antmicro-footprints'
    ; warning
    @(113.03 mm, 71.12 mm): Symbol R195 [R_4x0R_0201_array]
[lib_symbol_issues]: The current configuration does not include the symbol library 'antmicroResistorNetworksArrays'
    ; warning
    @(113.03 mm, 71.12 mm): Symbol R195 [R_4x0R_0201_array]
[isolated_pin_label]: Label connected to only one pin
    ; warning
    @(113.03 mm, 146.05 mm): Global Label 'PCIE2_RST*'
[isolated_pin_label]: Label connected to only one pin
    ; warning
    @(116.84 mm, 143.51 mm): Global Label 'PCIE2_CLKREQ*'
[unconnected_wire_endpoint]: Unconnected wire endpoint
    ; warning
    @(109.22 mm, 138.43 mm): Horizontal Wire, length 12.70 mm
[unconnected_wire_endpoint]: Unconnected wire endpoint
    ; warning
    @(109.22 mm, 140.97 mm): Horizontal Wire, length 12.70 mm
[unconnected_wire_endpoint]: Unconnected wire endpoint
    ; warning
    @(116.84 mm, 143.51 mm): Horizontal Wire, length 5.08 mm
[unconnected_wire_endpoint]: Unconnected wire endpoint
    ; warning
    @(113.03 mm, 146.05 mm): Horizontal Wire, length 8.89 mm
[unconnected_wire_endpoint]: Unconnected wire endpoint
    ; warning
    @(109.22 mm, 156.21 mm): Horizontal Wire, length 12.70 mm
[unconnected_wire_endpoint]: Unconnected wire endpoint
    ; warning
    @(109.22 mm, 158.75 mm): Horizontal Wire, length 12.70 mm
[unconnected_wire_endpoint]: Unconnected wire endpoint
    ; warning
    @(111.76 mm, 173.99 mm): Horizontal Wire, length 10.16 mm
[unconnected_wire_endpoint]: Unconnected wire endpoint
    ; warning
    @(111.76 mm, 176.53 mm): Horizontal Wire, length 10.16 mm
[unconnected_wire_endpoint]: Unconnected wire endpoint
    ; warning
    @(111.76 mm, 179.07 mm): Horizontal Wire, length 10.16 mm
[unconnected_wire_endpoint]: Unconnected wire endpoint
    ; warning
    @(111.76 mm, 181.61 mm): Horizontal Wire, length 10.16 mm
[unconnected_wire_endpoint]: Unconnected wire endpoint
    ; warning
    @(110.49 mm, 191.77 mm): Horizontal Wire, length 11.43 mm
[unconnected_wire_endpoint]: Unconnected wire endpoint
    ; warning
    @(110.49 mm, 194.31 mm): Horizontal Wire, length 11.43 mm
[unconnected_wire_endpoint]: Unconnected wire endpoint
    ; warning
    @(110.49 mm, 196.85 mm): Horizontal Wire, length 11.43 mm
[unconnected_wire_endpoint]: Unconnected wire endpoint
    ; warning
    @(154.94 mm, 138.43 mm): Horizontal Wire, length 22.86 mm
[unconnected_wire_endpoint]: Unconnected wire endpoint
    ; warning
    @(154.94 mm, 140.97 mm): Horizontal Wire, length 22.86 mm
[unconnected_wire_endpoint]: Unconnected wire endpoint
    ; warning
    @(154.94 mm, 143.51 mm): Horizontal Wire, length 22.86 mm
[unconnected_wire_endpoint]: Unconnected wire endpoint
    ; warning
    @(154.94 mm, 146.05 mm): Horizontal Wire, length 22.86 mm
[unconnected_wire_endpoint]: Unconnected wire endpoint
    ; warning
    @(154.94 mm, 156.21 mm): Horizontal Wire, length 22.86 mm
[unconnected_wire_endpoint]: Unconnected wire endpoint
    ; warning
    @(154.94 mm, 158.75 mm): Horizontal Wire, length 22.86 mm
[unconnected_wire_endpoint]: Unconnected wire endpoint
    ; warning
    @(154.94 mm, 173.99 mm): Horizontal Wire, length 22.86 mm
[unconnected_wire_endpoint]: Unconnected wire endpoint
    ; warning
    @(154.94 mm, 176.53 mm): Horizontal Wire, length 22.86 mm
[unconnected_wire_endpoint]: Unconnected wire endpoint
    ; warning
    @(154.94 mm, 179.07 mm): Horizontal Wire, length 22.86 mm
[unconnected_wire_endpoint]: Unconnected wire endpoint
    ; warning
    @(154.94 mm, 181.61 mm): Horizontal Wire, length 22.86 mm
[unconnected_wire_endpoint]: Unconnected wire endpoint
    ; warning
    @(154.94 mm, 191.77 mm): Horizontal Wire, length 22.86 mm
[unconnected_wire_endpoint]: Unconnected wire endpoint
    ; warning
    @(154.94 mm, 194.31 mm): Horizontal Wire, length 22.86 mm
[unconnected_wire_endpoint]: Unconnected wire endpoint
    ; warning
    @(154.94 mm, 196.85 mm): Horizontal Wire, length 22.86 mm
[footprint_link_issues]: The current configuration does not include the footprint library 'antmicro-footprints'
    ; warning
    @(140.97 mm, 260.35 mm): Symbol R222 [R_100k_0402]
[lib_symbol_issues]: The current configuration does not include the symbol library 'antmicroResistors0402'
    ; warning
    @(140.97 mm, 260.35 mm): Symbol R222 [R_100k_0402]
[lib_symbol_issues]: The current configuration does not include the symbol library 'antmicropower'
    ; warning
    @(140.97 mm, 261.62 mm): Symbol #PWR0235 [GND]
[footprint_link_issues]: The current configuration does not include the footprint library 'antmicro-footprints'
    ; warning
    @(143.51 mm, 254.00 mm): Symbol Q9 [PJE138K]
[lib_symbol_issues]: The current configuration does not include the symbol library 'antmicroTransistorsFETsMOSFETsSingle'
    ; warning
    @(143.51 mm, 254.00 mm): Symbol Q9 [PJE138K]
[lib_symbol_issues]: The current configuration does not include the symbol library 'antmicropower'
    ; warning
    @(149.86 mm, 232.41 mm): Symbol #PWR0230 [+3V3]
[footprint_link_issues]: The current configuration does not include the footprint library 'antmicro-footprints'
    ; warning
    @(149.86 mm, 238.76 mm): Symbol R223 [R_200R_0402]
[lib_symbol_issues]: The current configuration does not include the symbol library 'antmicroResistors0402'
    ; warning
    @(149.86 mm, 238.76 mm): Symbol R223 [R_200R_0402]
[footprint_link_issues]: The current configuration does not include the footprint library 'antmicro-footprints'
    ; warning
    @(149.86 mm, 245.11 mm): Symbol D26 [LED_G_0603_LTST-C190GKT]
[lib_symbol_issues]: The current configuration does not include the symbol library 'antmicroLEDIndicationDiscrete'
    ; warning
    @(149.86 mm, 245.11 mm): Symbol D26 [LED_G_0603_LTST-C190GKT]
[lib_symbol_issues]: The current configuration does not include the symbol library 'antmicropower'
    ; warning
    @(149.86 mm, 261.62 mm): Symbol #PWR0229 [GND]
[lib_symbol_issues]: The current configuration does not include the symbol library 'antmicropower'
    ; warning
    @(152.40 mm, 33.02 mm): Symbol #PWR0320 [+3V3]
[footprint_link_issues]: The current configuration does not include the footprint library 'antmicro-footprints'
    ; warning
    @(152.40 mm, 35.56 mm): Symbol C130 [C_100n_0402]
[lib_symbol_issues]: The current configuration does not include the symbol library 'antmicroCapacitors0402'
    ; warning
    @(152.40 mm, 35.56 mm): Symbol C130 [C_100n_0402]
[lib_symbol_issues]: The current configuration does not include the symbol library 'antmicropower'
    ; warning
    @(152.40 mm, 41.91 mm): Symbol #PWR0217 [GND]
[footprint_link_issues]: The current configuration does not include the footprint library 'antmicro-footprints'
    ; warning
    @(162.56 mm, 40.64 mm): Symbol R189 [R_10k_0402]
[lib_symbol_issues]: The current configuration does not include the symbol library 'antmicroResistors0402'
    ; warning
    @(162.56 mm, 40.64 mm): Symbol R189 [R_10k_0402]
[footprint_link_issues]: The current configuration does not include the footprint library 'antmicro-footprints'
    ; warning
    @(162.56 mm, 57.15 mm): Symbol R192 [R_100k_0402]
[lib_symbol_issues]: The current configuration does not include the symbol library 'antmicroResistors0402'
    ; warning
    @(162.56 mm, 57.15 mm): Symbol R192 [R_100k_0402]
[lib_symbol_issues]: The current configuration does not include the symbol library 'antmicropower'
    ; warning
    @(162.56 mm, 58.42 mm): Symbol #PWR0185 [GND]
[footprint_link_issues]: The current configuration does not include the footprint library 'antmicro-footprints'
    ; warning
    @(172.72 mm, 45.72 mm): Symbol U35 [AP22653_DFN]
[lib_symbol_issues]: The current configuration does not include the symbol library 'antmicroPMICPowerDistributionSwitchesLoadDrivers'
    ; warning
    @(172.72 mm, 45.72 mm): Symbol U35 [AP22653_DFN]
[isolated_pin_label]: Label connected to only one pin
    ; warning
    @(173.99 mm, 156.21 mm): Global Label 'I2S0_SCLK'
[isolated_pin_label]: Label connected to only one pin
    ; warning
    @(173.99 mm, 161.29 mm): Global Label 'GPIO11'
[isolated_pin_label]: Label connected to only one pin
    ; warning
    @(175.26 mm, 191.77 mm): Global Label '~{SPI1_CS1}'
[isolated_pin_label]: Label connected to only one pin
    ; warning
    @(175.26 mm, 194.31 mm): Global Label '~{SPI1_CS0}'
[isolated_pin_label]: Label connected to only one pin
    ; warning
    @(177.80 mm, 173.99 mm): Global Label 'SPI1_MISO'
[isolated_pin_label]: Label connected to only one pin
    ; warning
    @(177.80 mm, 176.53 mm): Global Label 'SPI1_MOSI'
[isolated_pin_label]: Label connected to only one pin
    ; warning
    @(177.80 mm, 179.07 mm): Global Label 'SPI1_SCK'
[isolated_pin_label]: Label connected to only one pin
    ; warning
    @(177.80 mm, 181.61 mm): Global Label 'I2S0_SDOUT'
[isolated_pin_label]: Label connected to only one pin
    ; warning
    @(181.61 mm, 142.24 mm): Global Label 'PCIE3_CLKREQ*'
[isolated_pin_label]: Label connected to only one pin
    ; warning
    @(181.61 mm, 144.78 mm): Global Label 'PCIE3_RST*'
[footprint_link_issues]: The current configuration does not include the footprint library 'antmicro-footprints'
    ; warning
    @(185.42 mm, 96.52 mm): Symbol D56 [TPD1E0B04_XDFN-2]
[lib_symbol_issues]: The current configuration does not include the symbol library 'antmicroTVSDiodes'
    ; warning
    @(185.42 mm, 96.52 mm): Symbol D56 [TPD1E0B04_XDFN-2]
[lib_symbol_issues]: The current configuration does not include the symbol library 'antmicropower'
    ; warning
    @(185.42 mm, 97.79 mm): Symbol #PWR0207 [GND]
[lib_symbol_issues]: The current configuration does not include the symbol library 'antmicropower'
    ; warning
    @(189.23 mm, 55.88 mm): Symbol #PWR0212 [GND]
[unconnected_wire_endpoint]: Unconnected wire endpoint
    ; warning
    @(181.61 mm, 137.16 mm): Horizontal Wire, length 7.62 mm
[unconnected_wire_endpoint]: Unconnected wire endpoint
    ; warning
    @(181.61 mm, 139.70 mm): Horizontal Wire, length 7.62 mm
[unconnected_wire_endpoint]: Unconnected wire endpoint
    ; warning
    @(181.61 mm, 142.24 mm): Horizontal Wire, length 7.62 mm
[unconnected_wire_endpoint]: Unconnected wire endpoint
    ; warning
    @(181.61 mm, 144.78 mm): Horizontal Wire, length 7.62 mm
[unconnected_wire_endpoint]: Unconnected wire endpoint
    ; warning
    @(173.99 mm, 156.21 mm): Horizontal Wire, length 15.24 mm
[unconnected_wire_endpoint]: Unconnected wire endpoint
    ; warning
    @(173.99 mm, 158.75 mm): Horizontal Wire, length 15.24 mm
[unconnected_wire_endpoint]: Unconnected wire endpoint
    ; warning
    @(173.99 mm, 161.29 mm): Horizontal Wire, length 15.24 mm
[unconnected_wire_endpoint]: Unconnected wire endpoint
    ; warning
    @(173.99 mm, 163.83 mm): Horizontal Wire, length 15.24 mm
[unconnected_wire_endpoint]: Unconnected wire endpoint
    ; warning
    @(177.80 mm, 173.99 mm): Horizontal Wire, length 11.43 mm
[unconnected_wire_endpoint]: Unconnected wire endpoint
    ; warning
    @(177.80 mm, 176.53 mm): Horizontal Wire, length 11.43 mm
[unconnected_wire_endpoint]: Unconnected wire endpoint
    ; warning
    @(177.80 mm, 179.07 mm): Horizontal Wire, length 11.43 mm
[unconnected_wire_endpoint]: Unconnected wire endpoint
    ; warning
    @(177.80 mm, 181.61 mm): Horizontal Wire, length 11.43 mm
[unconnected_wire_endpoint]: Unconnected wire endpoint
    ; warning
    @(175.26 mm, 191.77 mm): Horizontal Wire, length 13.97 mm
[unconnected_wire_endpoint]: Unconnected wire endpoint
    ; warning
    @(175.26 mm, 194.31 mm): Horizontal Wire, length 13.97 mm
[footprint_link_issues]: The current configuration does not include the footprint library 'antmicro-footprints'
    ; warning
    @(191.77 mm, 96.52 mm): Symbol D57 [TPD1E0B04_XDFN-2]
[lib_symbol_issues]: The current configuration does not include the symbol library 'antmicroTVSDiodes'
    ; warning
    @(191.77 mm, 96.52 mm): Symbol D57 [TPD1E0B04_XDFN-2]
[lib_symbol_issues]: The current configuration does not include the symbol library 'antmicropower'
    ; warning
    @(191.77 mm, 97.79 mm): Symbol #PWR0210 [GND]
[footprint_link_issues]: The current configuration does not include the footprint library 'antmicro-footprints'
    ; warning
    @(194.31 mm, 54.61 mm): Symbol R190 [R_15k_0402]
[lib_symbol_issues]: The current configuration does not include the symbol library 'antmicroResistors0402'
    ; warning
    @(194.31 mm, 54.61 mm): Symbol R190 [R_15k_0402]
[lib_symbol_issues]: The current configuration does not include the symbol library 'antmicropower'
    ; warning
    @(194.31 mm, 55.88 mm): Symbol #PWR0213 [GND]
[unconnected_wire_endpoint]: Unconnected wire endpoint
    ; warning
    @(224.79 mm, 137.16 mm): Horizontal Wire, length 25.40 mm
[unconnected_wire_endpoint]: Unconnected wire endpoint
    ; warning
    @(224.79 mm, 139.70 mm): Horizontal Wire, length 25.40 mm
[unconnected_wire_endpoint]: Unconnected wire endpoint
    ; warning
    @(224.79 mm, 142.24 mm): Horizontal Wire, length 25.40 mm
[unconnected_wire_endpoint]: Unconnected wire endpoint
    ; warning
    @(224.79 mm, 144.78 mm): Horizontal Wire, length 25.40 mm
[unconnected_wire_endpoint]: Unconnected wire endpoint
    ; warning
    @(224.79 mm, 156.21 mm): Horizontal Wire, length 25.40 mm
[unconnected_wire_endpoint]: Unconnected wire endpoint
    ; warning
    @(224.79 mm, 158.75 mm): Horizontal Wire, length 25.40 mm
[unconnected_wire_endpoint]: Unconnected wire endpoint
    ; warning
    @(224.79 mm, 161.29 mm): Horizontal Wire, length 25.40 mm
[unconnected_wire_endpoint]: Unconnected wire endpoint
    ; warning
    @(224.79 mm, 163.83 mm): Horizontal Wire, length 25.40 mm
[unconnected_wire_endpoint]: Unconnected wire endpoint
    ; warning
    @(224.79 mm, 173.99 mm): Horizontal Wire, length 25.40 mm
[unconnected_wire_endpoint]: Unconnected wire endpoint
    ; warning
    @(224.79 mm, 176.53 mm): Horizontal Wire, length 25.40 mm
[unconnected_wire_endpoint]: Unconnected wire endpoint
    ; warning
    @(224.79 mm, 179.07 mm): Horizontal Wire, length 25.40 mm
[unconnected_wire_endpoint]: Unconnected wire endpoint
    ; warning
    @(224.79 mm, 181.61 mm): Horizontal Wire, length 25.40 mm
[unconnected_wire_endpoint]: Unconnected wire endpoint
    ; warning
    @(224.79 mm, 191.77 mm): Horizontal Wire, length 25.40 mm
[unconnected_wire_endpoint]: Unconnected wire endpoint
    ; warning
    @(224.79 mm, 194.31 mm): Horizontal Wire, length 25.40 mm
[footprint_link_issues]: The current configuration does not include the footprint library 'antmicro-footprints'
    ; warning
    @(199.39 mm, 260.35 mm): Symbol R230 [R_100k_0402]
[lib_symbol_issues]: The current configuration does not include the symbol library 'antmicroResistors0402'
    ; warning
    @(199.39 mm, 260.35 mm): Symbol R230 [R_100k_0402]
[lib_symbol_issues]: The current configuration does not include the symbol library 'antmicropower'
    ; warning
    @(199.39 mm, 261.62 mm): Symbol #PWR0233 [GND]
[footprint_link_issues]: The current configuration does not include the footprint library 'antmicro-footprints'
    ; warning
    @(201.93 mm, 254.00 mm): Symbol Q10 [PJE138K]
[lib_symbol_issues]: The current configuration does not include the symbol library 'antmicroTransistorsFETsMOSFETsSingle'
    ; warning
    @(201.93 mm, 254.00 mm): Symbol Q10 [PJE138K]
[footprint_link_issues]: The current configuration does not include the footprint library 'antmicro-footprints'
    ; warning
    @(204.47 mm, 54.61 mm): Symbol R191 [R_200R_0402]
[lib_symbol_issues]: The current configuration does not include the symbol library 'antmicroResistors0402'
    ; warning
    @(204.47 mm, 54.61 mm): Symbol R191 [R_200R_0402]
[footprint_link_issues]: The current configuration does not include the footprint library 'antmicro-footprints'
    ; warning
    @(204.47 mm, 60.96 mm): Symbol D54 [LED_G_0603_LTST-C190GKT]
[lib_symbol_issues]: The current configuration does not include the symbol library 'antmicroLEDIndicationDiscrete'
    ; warning
    @(204.47 mm, 60.96 mm): Symbol D54 [LED_G_0603_LTST-C190GKT]
[lib_symbol_issues]: The current configuration does not include the symbol library 'antmicropower'
    ; warning
    @(204.47 mm, 62.23 mm): Symbol #PWR0184 [GND]
[lib_symbol_issues]: The current configuration does not include the symbol library 'antmicropower'
    ; warning
    @(208.28 mm, 232.41 mm): Symbol #PWR0232 [+3V3]
[footprint_link_issues]: The current configuration does not include the footprint library 'antmicro-footprints'
    ; warning
    @(208.28 mm, 238.76 mm): Symbol R231 [R_200R_0402]
[lib_symbol_issues]: The current configuration does not include the symbol library 'antmicroResistors0402'
    ; warning
    @(208.28 mm, 238.76 mm): Symbol R231 [R_200R_0402]
[footprint_link_issues]: The current configuration does not include the footprint library 'antmicro-footprints'
    ; warning
    @(208.28 mm, 245.11 mm): Symbol D27 [LED_G_0603_LTST-C190GKT]
[lib_symbol_issues]: The current configuration does not include the symbol library 'antmicroLEDIndicationDiscrete'
    ; warning
    @(208.28 mm, 245.11 mm): Symbol D27 [LED_G_0603_LTST-C190GKT]
[lib_symbol_issues]: The current configuration does not include the symbol library 'antmicropower'
    ; warning
    @(208.28 mm, 261.62 mm): Symbol #PWR0231 [GND]
[lib_symbol_issues]: The current configuration does not include the symbol library 'antmicropower'
    ; warning
    @(217.17 mm, 92.71 mm): Symbol #PWR0211 [GND]
[footprint_link_issues]: The current configuration does not include the footprint library 'antmicro-footprints'
    ; warning
    @(218.44 mm, 81.28 mm): Symbol J14 [JST_SH_1x4_SM04B-SRSS-TB-LF-SN]
[lib_symbol_issues]: The current configuration does not include the symbol library 'antmicroWire2BoardConnectors'
    ; warning
    @(218.44 mm, 81.28 mm): Symbol J14 [JST_SH_1x4_SM04B-SRSS-TB-LF-SN]
[lib_symbol_issues]: The current configuration does not include the symbol library 'antmicropower'
    ; warning
    @(246.38 mm, 167.64 mm): Symbol #PWR0322 [VCC]
[unconnected_wire_endpoint]: Unconnected wire endpoint
    ; warning
    @(246.38 mm, 167.64 mm): Vertical Wire, length 1.27 mm
[unconnected_wire_endpoint]: Unconnected wire endpoint
    ; warning
    @(246.38 mm, 173.99 mm): Vertical Wire, length 5.08 mm
[unconnected_wire_endpoint]: Unconnected wire endpoint
    ; warning
    @(246.38 mm, 179.07 mm): Vertical Wire, length 1.27 mm
[unconnected_wire_endpoint]: Unconnected wire endpoint
    ; warning
    @(246.38 mm, 185.42 mm): Vertical Wire, length 1.27 mm
[lib_symbol_issues]: The current configuration does not include the symbol library 'antmicropower'
    ; warning
    @(246.38 mm, 186.69 mm): Symbol #PWR0241 [GND]
[lib_symbol_issues]: The current configuration does not include the symbol library 'antmicropower'
    ; warning
    @(261.62 mm, 224.79 mm): Symbol #PWR0234 [+1V8]
[footprint_link_issues]: The current configuration does not include the footprint library 'antmicro-footprints'
    ; warning
    @(261.62 mm, 231.14 mm): Symbol R232 [R_10k_0402]
[lib_symbol_issues]: The current configuration does not include the symbol library 'antmicroResistors0402'
    ; warning
    @(261.62 mm, 231.14 mm): Symbol R232 [R_10k_0402]
[footprint_link_issues]: The current configuration does not include the footprint library 'antmicro-footprints'
    ; warning
    @(261.62 mm, 241.30 mm): Symbol D58 [TPD1E0B04_XDFN-2]
[lib_symbol_issues]: The current configuration does not include the symbol library 'antmicroTVSDiodes'
    ; warning
    @(261.62 mm, 241.30 mm): Symbol D58 [TPD1E0B04_XDFN-2]
[lib_symbol_issues]: The current configuration does not include the symbol library 'antmicropower'
    ; warning
    @(261.62 mm, 254.00 mm): Symbol #PWR0243 [+1V8]
[footprint_link_issues]: The current configuration does not include the footprint library 'antmicro-footprints'
    ; warning
    @(261.62 mm, 260.35 mm): Symbol R242 [R_10k_0402]
[lib_symbol_issues]: The current configuration does not include the symbol library 'antmicroResistors0402'
    ; warning
    @(261.62 mm, 260.35 mm): Symbol R242 [R_10k_0402]
[footprint_link_issues]: The current configuration does not include the footprint library 'antmicro-footprints'
    ; warning
    @(261.62 mm, 270.51 mm): Symbol D59 [TPD1E0B04_XDFN-2]
[lib_symbol_issues]: The current configuration does not include the symbol library 'antmicroTVSDiodes'
    ; warning
    @(261.62 mm, 270.51 mm): Symbol D59 [TPD1E0B04_XDFN-2]
[lib_symbol_issues]: The current configuration does not include the symbol library 'antmicropower'
    ; warning
    @(262.89 mm, 167.64 mm): Symbol #PWR0238 [+5V]
[unconnected_wire_endpoint]: Unconnected wire endpoint
    ; warning
    @(262.89 mm, 167.64 mm): Vertical Wire, length 1.27 mm
[unconnected_wire_endpoint]: Unconnected wire endpoint
    ; warning
    @(262.89 mm, 173.99 mm): Vertical Wire, length 5.08 mm
[unconnected_wire_endpoint]: Unconnected wire endpoint
    ; warning
    @(262.89 mm, 179.07 mm): Vertical Wire, length 1.27 mm
[unconnected_wire_endpoint]: Unconnected wire endpoint
    ; warning
    @(262.89 mm, 185.42 mm): Vertical Wire, length 1.27 mm
[lib_symbol_issues]: The current configuration does not include the symbol library 'antmicropower'
    ; warning
    @(262.89 mm, 186.69 mm): Symbol #PWR0321 [GND]
[footprint_link_issues]: The current configuration does not include the footprint library 'antmicro-footprints'
    ; warning
    @(267.97 mm, 233.68 mm): Symbol S2 [SW_KMR211NGLFS_SMD]
[lib_symbol_issues]: The current configuration does not include the symbol library 'antmicroPushbuttonSwitches'
    ; warning
    @(267.97 mm, 233.68 mm): Symbol S2 [SW_KMR211NGLFS_SMD]
[lib_symbol_issues]: The current configuration does not include the symbol library 'antmicropower'
    ; warning
    @(267.97 mm, 246.38 mm): Symbol #PWR0314 [GND]
[footprint_link_issues]: The current configuration does not include the footprint library 'antmicro-footprints'
    ; warning
    @(267.97 mm, 262.89 mm): Symbol S3 [SW_KMR211NGLFS_SMD]
[lib_symbol_issues]: The current configuration does not include the symbol library 'antmicroPushbuttonSwitches'
    ; warning
    @(267.97 mm, 262.89 mm): Symbol S3 [SW_KMR211NGLFS_SMD]
[lib_symbol_issues]: The current configuration does not include the symbol library 'antmicropower'
    ; warning
    @(267.97 mm, 275.59 mm): Symbol #PWR0315 [GND]
[isolated_pin_label]: Label connected to only one pin
    ; warning
    @(271.78 mm, 38.10 mm): Global Label 'PCIE2_TX1_N'
[isolated_pin_label]: Label connected to only one pin
    ; warning
    @(271.78 mm, 40.64 mm): Global Label 'PCIE2_TX1_P'
[isolated_pin_label]: Label connected to only one pin
    ; warning
    @(271.78 mm, 45.72 mm): Global Label 'PCIE2_TX0_N'
[isolated_pin_label]: Label connected to only one pin
    ; warning
    @(271.78 mm, 48.26 mm): Global Label 'PCIE2_TX0_P'
[isolated_pin_label]: Label connected to only one pin
    ; warning
    @(271.78 mm, 53.34 mm): Global Label 'PCIE2_CLK_N'
[isolated_pin_label]: Label connected to only one pin
    ; warning
    @(271.78 mm, 55.88 mm): Global Label 'PCIE2_CLK_P'
[isolated_pin_label]: Label connected to only one pin
    ; warning
    @(271.78 mm, 60.96 mm): Global Label 'USBSS1_TX_N'
[isolated_pin_label]: Label connected to only one pin
    ; warning
    @(271.78 mm, 63.50 mm): Global Label 'USBSS1_TX_P'
[unconnected_wire_endpoint]: Unconnected wire endpoint
    ; warning
    @(271.78 mm, 38.10 mm): Horizontal Wire, length 5.08 mm
[unconnected_wire_endpoint]: Unconnected wire endpoint
    ; warning
    @(271.78 mm, 45.72 mm): Horizontal Wire, length 5.08 mm
[unconnected_wire_endpoint]: Unconnected wire endpoint
    ; warning
    @(271.78 mm, 60.96 mm): Horizontal Wire, length 5.08 mm
[unconnected_wire_endpoint]: Unconnected wire endpoint
    ; warning
    @(271.78 mm, 86.36 mm): Horizontal Wire, length 7.62 mm
[unconnected_wire_endpoint]: Unconnected wire endpoint
    ; warning
    @(271.78 mm, 88.90 mm): Horizontal Wire, length 7.62 mm
[lib_symbol_issues]: The current configuration does not include the symbol library 'antmicropower'
    ; warning
    @(279.40 mm, 167.64 mm): Symbol #PWR0236 [+3V3]
[unconnected_wire_endpoint]: Unconnected wire endpoint
    ; warning
    @(279.40 mm, 167.64 mm): Vertical Wire, length 1.27 mm
[unconnected_wire_endpoint]: Unconnected wire endpoint
    ; warning
    @(279.40 mm, 173.99 mm): Vertical Wire, length 5.08 mm
[unconnected_wire_endpoint]: Unconnected wire endpoint
    ; warning
    @(279.40 mm, 179.07 mm): Vertical Wire, length 1.27 mm
[unconnected_wire_endpoint]: Unconnected wire endpoint
    ; warning
    @(279.40 mm, 185.42 mm): Vertical Wire, length 1.27 mm
[lib_symbol_issues]: The current configuration does not include the symbol library 'antmicropower'
    ; warning
    @(279.40 mm, 186.69 mm): Symbol #PWR0242 [GND]
[unconnected_wire_endpoint]: Unconnected wire endpoint
    ; warning
    @(271.78 mm, 40.64 mm): Horizontal Wire, length 8.89 mm
[unconnected_wire_endpoint]: Unconnected wire endpoint
    ; warning
    @(271.78 mm, 48.26 mm): Horizontal Wire, length 8.89 mm
[unconnected_wire_endpoint]: Unconnected wire endpoint
    ; warning
    @(271.78 mm, 63.50 mm): Horizontal Wire, length 8.89 mm
[unconnected_wire_endpoint]: Unconnected wire endpoint
    ; warning
    @(281.94 mm, 38.10 mm): Horizontal Wire, length 38.10 mm
[unconnected_wire_endpoint]: Unconnected wire endpoint
    ; warning
    @(281.94 mm, 45.72 mm): Horizontal Wire, length 38.10 mm
[unconnected_wire_endpoint]: Unconnected wire endpoint
    ; warning
    @(281.94 mm, 60.96 mm): Horizontal Wire, length 38.10 mm
[unconnected_wire_endpoint]: Unconnected wire endpoint
    ; warning
    @(284.48 mm, 86.36 mm): Horizontal Wire, length 35.56 mm
[unconnected_wire_endpoint]: Unconnected wire endpoint
    ; warning
    @(284.48 mm, 88.90 mm): Horizontal Wire, length 35.56 mm
[unconnected_wire_endpoint]: Unconnected wire endpoint
    ; warning
    @(285.75 mm, 40.64 mm): Horizontal Wire, length 34.29 mm
[unconnected_wire_endpoint]: Unconnected wire endpoint
    ; warning
    @(285.75 mm, 48.26 mm): Horizontal Wire, length 34.29 mm
[unconnected_wire_endpoint]: Unconnected wire endpoint
    ; warning
    @(285.75 mm, 63.50 mm): Horizontal Wire, length 34.29 mm
[lib_symbol_issues]: The current configuration does not include the symbol library 'antmicropower'
    ; warning
    @(295.91 mm, 167.64 mm): Symbol #PWR0237 [+1V8]
[unconnected_wire_endpoint]: Unconnected wire endpoint
    ; warning
    @(295.91 mm, 167.64 mm): Vertical Wire, length 1.27 mm
[unconnected_wire_endpoint]: Unconnected wire endpoint
    ; warning
    @(295.91 mm, 173.99 mm): Vertical Wire, length 5.08 mm
[unconnected_wire_endpoint]: Unconnected wire endpoint
    ; warning
    @(295.91 mm, 179.07 mm): Vertical Wire, length 1.27 mm
[unconnected_wire_endpoint]: Unconnected wire endpoint
    ; warning
    @(295.91 mm, 185.42 mm): Vertical Wire, length 1.27 mm
[lib_symbol_issues]: The current configuration does not include the symbol library 'antmicropower'
    ; warning
    @(295.91 mm, 186.69 mm): Symbol #PWR0244 [GND]
[unconnected_wire_endpoint]: Unconnected wire endpoint
    ; warning
    @(295.91 mm, 114.30 mm): Horizontal Wire, length 7.62 mm
[unconnected_wire_endpoint]: Unconnected wire endpoint
    ; warning
    @(295.91 mm, 116.84 mm): Horizontal Wire, length 7.62 mm
[unconnected_wire_endpoint]: Unconnected wire endpoint
    ; warning
    @(308.61 mm, 114.30 mm): Horizontal Wire, length 11.43 mm
[unconnected_wire_endpoint]: Unconnected wire endpoint
    ; warning
    @(308.61 mm, 116.84 mm): Horizontal Wire, length 11.43 mm
[unconnected_wire_endpoint]: Unconnected wire endpoint
    ; warning
    @(312.42 mm, 166.37 mm): Vertical Wire, length 2.54 mm
[unconnected_wire_endpoint]: Unconnected wire endpoint
    ; warning
    @(312.42 mm, 173.99 mm): Vertical Wire, length 5.08 mm
[unconnected_wire_endpoint]: Unconnected wire endpoint
    ; warning
    @(312.42 mm, 179.07 mm): Vertical Wire, length 1.27 mm
[unconnected_wire_endpoint]: Unconnected wire endpoint
    ; warning
    @(312.42 mm, 185.42 mm): Vertical Wire, length 1.27 mm
[lib_symbol_issues]: The current configuration does not include the symbol library 'antmicropower'
    ; warning
    @(312.42 mm, 186.69 mm): Symbol #PWR0245 [GND]
[lib_symbol_issues]: The current configuration does not include the symbol library 'antmicropower'
    ; warning
    @(317.50 mm, 137.16 mm): Symbol #PWR0239 [GND]
[unconnected_wire_endpoint]: Unconnected wire endpoint
    ; warning
    @(320.04 mm, 35.56 mm): Horizontal Wire, length 2.54 mm
[unconnected_wire_endpoint]: Unconnected wire endpoint
    ; warning
    @(281.94 mm, 38.10 mm): Horizontal Wire, length 38.10 mm
[unconnected_wire_endpoint]: Unconnected wire endpoint
    ; warning
    @(285.75 mm, 40.64 mm): Horizontal Wire, length 34.29 mm
[unconnected_wire_endpoint]: Unconnected wire endpoint
    ; warning
    @(317.50 mm, 43.18 mm): Horizontal Wire, length 2.54 mm
[unconnected_wire_endpoint]: Unconnected wire endpoint
    ; warning
    @(281.94 mm, 45.72 mm): Horizontal Wire, length 38.10 mm
[unconnected_wire_endpoint]: Unconnected wire endpoint
    ; warning
    @(285.75 mm, 48.26 mm): Horizontal Wire, length 34.29 mm
[unconnected_wire_endpoint]: Unconnected wire endpoint
    ; warning
    @(320.04 mm, 50.80 mm): Horizontal Wire, length 2.54 mm
[unconnected_wire_endpoint]: Unconnected wire endpoint
    ; warning
    @(271.78 mm, 53.34 mm): Horizontal Wire, length 48.26 mm
[unconnected_wire_endpoint]: Unconnected wire endpoint
    ; warning
    @(271.78 mm, 55.88 mm): Horizontal Wire, length 48.26 mm
[unconnected_wire_endpoint]: Unconnected wire endpoint
    ; warning
    @(320.04 mm, 58.42 mm): Horizontal Wire, length 2.54 mm
[unconnected_wire_endpoint]: Unconnected wire endpoint
    ; warning
    @(281.94 mm, 60.96 mm): Horizontal Wire, length 38.10 mm
[unconnected_wire_endpoint]: Unconnected wire endpoint
    ; warning
    @(285.75 mm, 63.50 mm): Horizontal Wire, length 34.29 mm
[unconnected_wire_endpoint]: Unconnected wire endpoint
    ; warning
    @(320.04 mm, 66.04 mm): Horizontal Wire, length 2.54 mm
[unconnected_wire_endpoint]: Unconnected wire endpoint
    ; warning
    @(292.10 mm, 68.58 mm): Horizontal Wire, length 27.94 mm
[unconnected_wire_endpoint]: Unconnected wire endpoint
    ; warning
    @(292.10 mm, 71.12 mm): Horizontal Wire, length 27.94 mm
[unconnected_wire_endpoint]: Unconnected wire endpoint
    ; warning
    @(292.10 mm, 73.66 mm): Horizontal Wire, length 27.94 mm
[unconnected_wire_endpoint]: Unconnected wire endpoint
    ; warning
    @(292.10 mm, 76.20 mm): Horizontal Wire, length 27.94 mm
[unconnected_wire_endpoint]: Unconnected wire endpoint
    ; warning
    @(292.10 mm, 78.74 mm): Horizontal Wire, length 27.94 mm
[unconnected_wire_endpoint]: Unconnected wire endpoint
    ; warning
    @(317.50 mm, 81.28 mm): Horizontal Wire, length 2.54 mm
[unconnected_wire_endpoint]: Unconnected wire endpoint
    ; warning
    @(292.10 mm, 83.82 mm): Horizontal Wire, length 27.94 mm
[unconnected_wire_endpoint]: Unconnected wire endpoint
    ; warning
    @(284.48 mm, 86.36 mm): Horizontal Wire, length 35.56 mm
[unconnected_wire_endpoint]: Unconnected wire endpoint
    ; warning
    @(284.48 mm, 88.90 mm): Horizontal Wire, length 35.56 mm
[unconnected_wire_endpoint]: Unconnected wire endpoint
    ; warning
    @(292.10 mm, 91.44 mm): Horizontal Wire, length 27.94 mm
[unconnected_wire_endpoint]: Unconnected wire endpoint
    ; warning
    @(292.10 mm, 93.98 mm): Horizontal Wire, length 27.94 mm
[unconnected_wire_endpoint]: Unconnected wire endpoint
    ; warning
    @(317.50 mm, 96.52 mm): Horizontal Wire, length 2.54 mm
[unconnected_wire_endpoint]: Unconnected wire endpoint
    ; warning
    @(292.10 mm, 99.06 mm): Horizontal Wire, length 27.94 mm
[unconnected_wire_endpoint]: Unconnected wire endpoint
    ; warning
    @(292.10 mm, 101.60 mm): Horizontal Wire, length 27.94 mm
[unconnected_wire_endpoint]: Unconnected wire endpoint
    ; warning
    @(292.10 mm, 104.14 mm): Horizontal Wire, length 27.94 mm
[unconnected_wire_endpoint]: Unconnected wire endpoint
    ; warning
    @(292.10 mm, 106.68 mm): Horizontal Wire, length 27.94 mm
[unconnected_wire_endpoint]: Unconnected wire endpoint
    ; warning
    @(292.10 mm, 109.22 mm): Horizontal Wire, length 27.94 mm
[unconnected_wire_endpoint]: Unconnected wire endpoint
    ; warning
    @(317.50 mm, 111.76 mm): Horizontal Wire, length 2.54 mm
[unconnected_wire_endpoint]: Unconnected wire endpoint
    ; warning
    @(308.61 mm, 114.30 mm): Horizontal Wire, length 11.43 mm
[unconnected_wire_endpoint]: Unconnected wire endpoint
    ; warning
    @(308.61 mm, 116.84 mm): Horizontal Wire, length 11.43 mm
[unconnected_wire_endpoint]: Unconnected wire endpoint
    ; warning
    @(320.04 mm, 119.38 mm): Horizontal Wire, length 5.08 mm
[unconnected_wire_endpoint]: Unconnected wire endpoint
    ; warning
    @(314.96 mm, 121.92 mm): Horizontal Wire, length 5.08 mm
[unconnected_wire_endpoint]: Unconnected wire endpoint
    ; warning
    @(317.50 mm, 124.46 mm): Horizontal Wire, length 2.54 mm
[unconnected_wire_endpoint]: Unconnected wire endpoint
    ; warning
    @(303.53 mm, 127.00 mm): Horizontal Wire, length 16.51 mm
[unconnected_wire_endpoint]: Unconnected wire endpoint
    ; warning
    @(320.04 mm, 129.54 mm): Horizontal Wire, length 2.54 mm
[unconnected_wire_endpoint]: Unconnected wire endpoint
    ; warning
    @(314.96 mm, 132.08 mm): Horizontal Wire, length 5.08 mm
[unconnected_wire_endpoint]: Unconnected wire endpoint
    ; warning
    @(314.96 mm, 134.62 mm): Horizontal Wire, length 5.08 mm
[lib_symbol_issues]: The current configuration does not include the symbol library 'antmicropower'
    ; warning
    @(330.20 mm, 246.38 mm): Symbol #PWR011 [GND]
[unconnected_wire_endpoint]: Unconnected wire endpoint
    ; warning
    @(331.47 mm, 35.56 mm): Horizontal Wire, length 2.54 mm
[unconnected_wire_endpoint]: Unconnected wire endpoint
    ; warning
    @(331.47 mm, 38.10 mm): Horizontal Wire, length 2.54 mm
[unconnected_wire_endpoint]: Unconnected wire endpoint
    ; warning
    @(331.47 mm, 40.64 mm): Horizontal Wire, length 11.43 mm
[unconnected_wire_endpoint]: Unconnected wire endpoint
    ; warning
    @(331.47 mm, 43.18 mm): Horizontal Wire, length 11.43 mm
[unconnected_wire_endpoint]: Unconnected wire endpoint
    ; warning
    @(331.47 mm, 45.72 mm): Horizontal Wire, length 2.54 mm
[unconnected_wire_endpoint]: Unconnected wire endpoint
    ; warning
    @(331.47 mm, 48.26 mm): Horizontal Wire, length 11.43 mm
[unconnected_wire_endpoint]: Unconnected wire endpoint
    ; warning
    @(331.47 mm, 50.80 mm): Horizontal Wire, length 11.43 mm
[unconnected_wire_endpoint]: Unconnected wire endpoint
    ; warning
    @(334.01 mm, 53.34 mm): Horizontal Wire, length 2.54 mm
[unconnected_wire_endpoint]: Unconnected wire endpoint
    ; warning
    @(331.47 mm, 55.88 mm): Horizontal Wire, length 11.43 mm
[unconnected_wire_endpoint]: Unconnected wire endpoint
    ; warning
    @(331.47 mm, 58.42 mm): Horizontal Wire, length 11.43 mm
[unconnected_wire_endpoint]: Unconnected wire endpoint
    ; warning
    @(331.47 mm, 60.96 mm): Horizontal Wire, length 2.54 mm
[unconnected_wire_endpoint]: Unconnected wire endpoint
    ; warning
    @(342.90 mm, 63.50 mm): Horizontal Wire, length 11.43 mm
[unconnected_wire_endpoint]: Unconnected wire endpoint
    ; warning
    @(342.90 mm, 66.04 mm): Horizontal Wire, length 11.43 mm
[unconnected_wire_endpoint]: Unconnected wire endpoint
    ; warning
    @(331.47 mm, 68.58 mm): Horizontal Wire, length 2.54 mm
[unconnected_wire_endpoint]: Unconnected wire endpoint
    ; warning
    @(331.47 mm, 71.12 mm): Horizontal Wire, length 27.94 mm
[unconnected_wire_endpoint]: Unconnected wire endpoint
    ; warning
    @(331.47 mm, 73.66 mm): Horizontal Wire, length 27.94 mm
[unconnected_wire_endpoint]: Unconnected wire endpoint
    ; warning
    @(331.47 mm, 76.20 mm): Horizontal Wire, length 27.94 mm
[unconnected_wire_endpoint]: Unconnected wire endpoint
    ; warning
    @(331.47 mm, 78.74 mm): Horizontal Wire, length 27.94 mm
[unconnected_wire_endpoint]: Unconnected wire endpoint
    ; warning
    @(331.47 mm, 81.28 mm): Horizontal Wire, length 2.54 mm
[unconnected_wire_endpoint]: Unconnected wire endpoint
    ; warning
    @(331.47 mm, 83.82 mm): Horizontal Wire, length 27.94 mm
[unconnected_wire_endpoint]: Unconnected wire endpoint
    ; warning
    @(331.47 mm, 86.36 mm): Horizontal Wire, length 27.94 mm
[unconnected_wire_endpoint]: Unconnected wire endpoint
    ; warning
    @(331.47 mm, 88.90 mm): Horizontal Wire, length 27.94 mm
[unconnected_wire_endpoint]: Unconnected wire endpoint
    ; warning
    @(331.47 mm, 91.44 mm): Horizontal Wire, length 27.94 mm
[unconnected_wire_endpoint]: Unconnected wire endpoint
    ; warning
    @(331.47 mm, 93.98 mm): Horizontal Wire, length 27.94 mm
[unconnected_wire_endpoint]: Unconnected wire endpoint
    ; warning
    @(331.47 mm, 96.52 mm): Horizontal Wire, length 2.54 mm
[unconnected_wire_endpoint]: Unconnected wire endpoint
    ; warning
    @(331.47 mm, 99.06 mm): Horizontal Wire, length 27.94 mm
[unconnected_wire_endpoint]: Unconnected wire endpoint
    ; warning
    @(331.47 mm, 101.60 mm): Horizontal Wire, length 27.94 mm
[unconnected_wire_endpoint]: Unconnected wire endpoint
    ; warning
    @(331.47 mm, 104.14 mm): Horizontal Wire, length 27.94 mm
[unconnected_wire_endpoint]: Unconnected wire endpoint
    ; warning
    @(331.47 mm, 106.68 mm): Horizontal Wire, length 27.94 mm
[unconnected_wire_endpoint]: Unconnected wire endpoint
    ; warning
    @(331.47 mm, 109.22 mm): Horizontal Wire, length 27.94 mm
[unconnected_wire_endpoint]: Unconnected wire endpoint
    ; warning
    @(331.47 mm, 111.76 mm): Horizontal Wire, length 2.54 mm
[unconnected_wire_endpoint]: Unconnected wire endpoint
    ; warning
    @(344.17 mm, 114.30 mm): Horizontal Wire, length 12.70 mm
[unconnected_wire_endpoint]: Unconnected wire endpoint
    ; warning
    @(331.47 mm, 116.84 mm): Horizontal Wire, length 12.70 mm
[unconnected_wire_endpoint]: Unconnected wire endpoint
    ; warning
    @(344.17 mm, 119.38 mm): Horizontal Wire, length 12.70 mm
[unconnected_wire_endpoint]: Unconnected wire endpoint
    ; warning
    @(344.17 mm, 121.92 mm): Horizontal Wire, length 12.70 mm
[unconnected_wire_endpoint]: Unconnected wire endpoint
    ; warning
    @(331.47 mm, 124.46 mm): Horizontal Wire, length 2.54 mm
[unconnected_wire_endpoint]: Unconnected wire endpoint
    ; warning
    @(331.47 mm, 127.00 mm): Horizontal Wire, length 21.59 mm
[unconnected_wire_endpoint]: Unconnected wire endpoint
    ; warning
    @(331.47 mm, 129.54 mm): Horizontal Wire, length 2.54 mm
[unconnected_wire_endpoint]: Unconnected wire endpoint
    ; warning
    @(331.47 mm, 132.08 mm): Horizontal Wire, length 5.08 mm
[unconnected_wire_endpoint]: Unconnected wire endpoint
    ; warning
    @(336.55 mm, 134.62 mm): Horizontal Wire, length 5.08 mm
[footprint_link_issues]: The current configuration does not include the footprint library 'antmicro-footprints'
    ; warning
    @(331.47 mm, 234.95 mm): Symbol U30 [TPD4E05U06QDQARQ1]
[lib_symbol_issues]: The current configuration does not include the symbol library 'antmicroTVSDiodes'
    ; warning
    @(331.47 mm, 234.95 mm): Symbol U30 [TPD4E05U06QDQARQ1]
[lib_symbol_issues]: The current configuration does not include the symbol library 'antmicropower'
    ; warning
    @(334.01 mm, 137.16 mm): Symbol #PWR0240 [GND]
[isolated_pin_label]: Label connected to only one pin
    ; warning
    @(342.90 mm, 40.64 mm): Global Label 'PCIE2_RX1_N'
[isolated_pin_label]: Label connected to only one pin
    ; warning
    @(342.90 mm, 43.18 mm): Global Label 'PCIE2_RX1_P'
[isolated_pin_label]: Label connected to only one pin
    ; warning
    @(342.90 mm, 48.26 mm): Global Label 'PCIE2_RX0_N'
[isolated_pin_label]: Label connected to only one pin
    ; warning
    @(342.90 mm, 50.80 mm): Global Label 'PCIE2_RX0_P'
[isolated_pin_label]: Label connected to only one pin
    ; warning
    @(342.90 mm, 55.88 mm): Global Label 'PCIE3_CLK_N'
[isolated_pin_label]: Label connected to only one pin
    ; warning
    @(342.90 mm, 58.42 mm): Global Label 'PCIE3_CLK_P'
[isolated_pin_label]: Label connected to only one pin
    ; warning
    @(342.90 mm, 63.50 mm): Global Label 'USBSS1_RX_N'
[isolated_pin_label]: Label connected to only one pin
    ; warning
    @(342.90 mm, 66.04 mm): Global Label 'USBSS1_RX_P'
[unconnected_wire_endpoint]: Unconnected wire endpoint
    ; warning
    @(344.17 mm, 114.30 mm): Horizontal Wire, length 12.70 mm
[unconnected_wire_endpoint]: Unconnected wire endpoint
    ; warning
    @(331.47 mm, 116.84 mm): Horizontal Wire, length 12.70 mm
[unconnected_wire_endpoint]: Unconnected wire endpoint
    ; warning
    @(344.17 mm, 119.38 mm): Horizontal Wire, length 12.70 mm
[unconnected_wire_endpoint]: Unconnected wire endpoint
    ; warning
    @(344.17 mm, 121.92 mm): Horizontal Wire, length 12.70 mm
[unconnected_wire_endpoint]: Unconnected wire endpoint
    ; warning
    @(349.25 mm, 114.30 mm): Horizontal Wire, length 10.16 mm
[unconnected_wire_endpoint]: Unconnected wire endpoint
    ; warning
    @(349.25 mm, 116.84 mm): Horizontal Wire, length 10.16 mm
[unconnected_wire_endpoint]: Unconnected wire endpoint
    ; warning
    @(349.25 mm, 119.38 mm): Horizontal Wire, length 10.16 mm
[unconnected_wire_endpoint]: Unconnected wire endpoint
    ; warning
    @(349.25 mm, 121.92 mm): Horizontal Wire, length 10.16 mm
[isolated_pin_label]: Label connected to only one pin
    ; warning
    @(372.11 mm, 167.64 mm): Global Label 'PCIE2_RX0_N'
[isolated_pin_label]: Label connected to only one pin
    ; warning
    @(372.11 mm, 172.72 mm): Global Label 'PCIE2_RX0_P'
[isolated_pin_label]: Label connected to only one pin
    ; warning
    @(372.11 mm, 187.96 mm): Global Label 'PCIE2_CLK_N'
[isolated_pin_label]: Label connected to only one pin
    ; warning
    @(372.11 mm, 193.04 mm): Global Label 'PCIE2_CLK_P'
[isolated_pin_label]: Label connected to only one pin
    ; warning
    @(372.11 mm, 198.12 mm): Global Label 'PCIE2_RX1_N'
[isolated_pin_label]: Label connected to only one pin
    ; warning
    @(372.11 mm, 203.20 mm): Global Label 'PCIE2_RX1_P'
[isolated_pin_label]: Label connected to only one pin
    ; warning
    @(372.11 mm, 218.44 mm): Global Label 'PCIE3_CLK_N'
[isolated_pin_label]: Label connected to only one pin
    ; warning
    @(372.11 mm, 223.52 mm): Global Label 'PCIE3_CLK_P'
[isolated_pin_label]: Label connected to only one pin
    ; warning
    @(372.11 mm, 228.60 mm): Global Label 'USBSS1_RX_N'
[isolated_pin_label]: Label connected to only one pin
    ; warning
    @(372.11 mm, 233.68 mm): Global Label 'USBSS1_RX_P'
[footprint_link_issues]: The current configuration does not include the footprint library 'antmicro-footprints'
    ; warning
    @(388.62 mm, 157.48 mm): Symbol D22 [TPD1E0B04_XDFN-2]
[lib_symbol_issues]: The current configuration does not include the symbol library 'antmicroTVSDiodes'
    ; warning
    @(388.62 mm, 157.48 mm): Symbol D22 [TPD1E0B04_XDFN-2]
[footprint_link_issues]: The current configuration does not include the footprint library 'antmicro-footprints'
    ; warning
    @(388.62 mm, 162.56 mm): Symbol D23 [TPD1E0B04_XDFN-2]
[lib_symbol_issues]: The current configuration does not include the symbol library 'antmicroTVSDiodes'
    ; warning
    @(388.62 mm, 162.56 mm): Symbol D23 [TPD1E0B04_XDFN-2]
[unconnected_wire_endpoint]: Unconnected wire endpoint
    ; warning
    @(372.11 mm, 167.64 mm): Horizontal Wire, length 16.51 mm
[unconnected_wire_endpoint]: Unconnected wire endpoint
    ; warning
    @(372.11 mm, 172.72 mm): Horizontal Wire, length 16.51 mm
[unconnected_wire_endpoint]: Unconnected wire endpoint
    ; warning
    @(354.33 mm, 177.80 mm): Horizontal Wire, length 34.29 mm
[unconnected_wire_endpoint]: Unconnected wire endpoint
    ; warning
    @(354.33 mm, 182.88 mm): Horizontal Wire, length 34.29 mm
[unconnected_wire_endpoint]: Unconnected wire endpoint
    ; warning
    @(372.11 mm, 187.96 mm): Horizontal Wire, length 16.51 mm
[unconnected_wire_endpoint]: Unconnected wire endpoint
    ; warning
    @(372.11 mm, 193.04 mm): Horizontal Wire, length 16.51 mm
[unconnected_wire_endpoint]: Unconnected wire endpoint
    ; warning
    @(372.11 mm, 198.12 mm): Horizontal Wire, length 16.51 mm
[unconnected_wire_endpoint]: Unconnected wire endpoint
    ; warning
    @(372.11 mm, 203.20 mm): Horizontal Wire, length 16.51 mm
[unconnected_wire_endpoint]: Unconnected wire endpoint
    ; warning
    @(354.33 mm, 208.28 mm): Horizontal Wire, length 34.29 mm
[unconnected_wire_endpoint]: Unconnected wire endpoint
    ; warning
    @(354.33 mm, 213.36 mm): Horizontal Wire, length 34.29 mm
[unconnected_wire_endpoint]: Unconnected wire endpoint
    ; warning
    @(372.11 mm, 218.44 mm): Horizontal Wire, length 16.51 mm
[unconnected_wire_endpoint]: Unconnected wire endpoint
    ; warning
    @(372.11 mm, 223.52 mm): Horizontal Wire, length 16.51 mm
[unconnected_wire_endpoint]: Unconnected wire endpoint
    ; warning
    @(372.11 mm, 228.60 mm): Horizontal Wire, length 16.51 mm
[unconnected_wire_endpoint]: Unconnected wire endpoint
    ; warning
    @(372.11 mm, 233.68 mm): Horizontal Wire, length 16.51 mm
[unconnected_wire_endpoint]: Unconnected wire endpoint
    ; warning
    @(353.06 mm, 238.76 mm): Horizontal Wire, length 35.56 mm
[unconnected_wire_endpoint]: Unconnected wire endpoint
    ; warning
    @(353.06 mm, 243.84 mm): Horizontal Wire, length 35.56 mm
[unconnected_wire_endpoint]: Unconnected wire endpoint
    ; warning
    @(393.70 mm, 167.64 mm): Horizontal Wire, length 5.08 mm
[unconnected_wire_endpoint]: Unconnected wire endpoint
    ; warning
    @(393.70 mm, 172.72 mm): Horizontal Wire, length 5.08 mm
[unconnected_wire_endpoint]: Unconnected wire endpoint
    ; warning
    @(393.70 mm, 177.80 mm): Horizontal Wire, length 5.08 mm
[unconnected_wire_endpoint]: Unconnected wire endpoint
    ; warning
    @(393.70 mm, 182.88 mm): Horizontal Wire, length 5.08 mm
[unconnected_wire_endpoint]: Unconnected wire endpoint
    ; warning
    @(393.70 mm, 187.96 mm): Horizontal Wire, length 5.08 mm
[unconnected_wire_endpoint]: Unconnected wire endpoint
    ; warning
    @(393.70 mm, 193.04 mm): Horizontal Wire, length 5.08 mm
[unconnected_wire_endpoint]: Unconnected wire endpoint
    ; warning
    @(393.70 mm, 198.12 mm): Horizontal Wire, length 5.08 mm
[unconnected_wire_endpoint]: Unconnected wire endpoint
    ; warning
    @(393.70 mm, 203.20 mm): Horizontal Wire, length 5.08 mm
[unconnected_wire_endpoint]: Unconnected wire endpoint
    ; warning
    @(393.70 mm, 208.28 mm): Horizontal Wire, length 5.08 mm
[unconnected_wire_endpoint]: Unconnected wire endpoint
    ; warning
    @(393.70 mm, 213.36 mm): Horizontal Wire, length 5.08 mm
[unconnected_wire_endpoint]: Unconnected wire endpoint
    ; warning
    @(393.70 mm, 218.44 mm): Horizontal Wire, length 5.08 mm
[unconnected_wire_endpoint]: Unconnected wire endpoint
    ; warning
    @(393.70 mm, 223.52 mm): Horizontal Wire, length 5.08 mm
[unconnected_wire_endpoint]: Unconnected wire endpoint
    ; warning
    @(393.70 mm, 228.60 mm): Horizontal Wire, length 5.08 mm
[unconnected_wire_endpoint]: Unconnected wire endpoint
    ; warning
    @(393.70 mm, 233.68 mm): Horizontal Wire, length 5.08 mm
[unconnected_wire_endpoint]: Unconnected wire endpoint
    ; warning
    @(393.70 mm, 238.76 mm): Horizontal Wire, length 5.08 mm
[unconnected_wire_endpoint]: Unconnected wire endpoint
    ; warning
    @(393.70 mm, 243.84 mm): Horizontal Wire, length 5.08 mm
[lib_symbol_issues]: The current configuration does not include the symbol library 'antmicropower'
    ; warning
    @(398.78 mm, 246.38 mm): Symbol #PWR0173 [GND]
[footprint_link_issues]: The current configuration does not include the footprint library 'antmicro-footprints'
    ; warning
    @(55.88 mm, 86.36 mm): Symbol U1101 [TPS259474]
[footprint_link_issues]: The current configuration does not include the footprint library 'Resistor_SMD'
    ; warning
    @(55.88 mm, 116.84 mm): Symbol R1101 [R]
[lib_symbol_issues]: The current configuration does not include the symbol library 'Device'
    ; warning
    @(55.88 mm, 116.84 mm): Symbol R1101 [R]
[footprint_link_issues]: The current configuration does not include the footprint library 'Capacitor_SMD'
    ; warning
    @(55.88 mm, 129.54 mm): Symbol C1105 [C]
[lib_symbol_issues]: The current configuration does not include the symbol library 'Device'
    ; warning
    @(55.88 mm, 129.54 mm): Symbol C1105 [C]
[footprint_link_issues]: The current configuration does not include the footprint library 'Resistor_SMD'
    ; warning
    @(132.08 mm, 116.84 mm): Symbol R1102 [R]
[lib_symbol_issues]: The current configuration does not include the symbol library 'Device'
    ; warning
    @(132.08 mm, 116.84 mm): Symbol R1102 [R]
[footprint_link_issues]: The current configuration does not include the footprint library 'Capacitor_SMD'
    ; warning
    @(132.08 mm, 129.54 mm): Symbol C1106 [C]
[lib_symbol_issues]: The current configuration does not include the symbol library 'Device'
    ; warning
    @(132.08 mm, 129.54 mm): Symbol C1106 [C]
[footprint_link_issues]: The current configuration does not include the footprint library 'Resistor_SMD'
    ; warning
    @(208.28 mm, 116.84 mm): Symbol R1103 [R]
[lib_symbol_issues]: The current configuration does not include the symbol library 'Device'
    ; warning
    @(208.28 mm, 116.84 mm): Symbol R1103 [R]
[footprint_link_issues]: The current configuration does not include the footprint library 'Capacitor_SMD'
    ; warning
    @(208.28 mm, 129.54 mm): Symbol C1107 [C]
[lib_symbol_issues]: The current configuration does not include the symbol library 'Device'
    ; warning
    @(208.28 mm, 129.54 mm): Symbol C1107 [C]
[footprint_link_issues]: The current configuration does not include the footprint library 'Capacitor_SMD'
    ; warning
    @(284.48 mm, 116.84 mm): Symbol C1101 [C]
[lib_symbol_issues]: The current configuration does not include the symbol library 'Device'
    ; warning
    @(284.48 mm, 116.84 mm): Symbol C1101 [C]
[footprint_link_issues]: The current configuration does not include the footprint library 'Capacitor_SMD'
    ; warning
    @(284.48 mm, 129.54 mm): Symbol C1108 [C]
[lib_symbol_issues]: The current configuration does not include the symbol library 'Device'
    ; warning
    @(284.48 mm, 129.54 mm): Symbol C1108 [C]
[footprint_link_issues]: The current configuration does not include the footprint library 'Capacitor_SMD'
    ; warning
    @(360.68 mm, 116.84 mm): Symbol C1102 [C]
[lib_symbol_issues]: The current configuration does not include the symbol library 'Device'
    ; warning
    @(360.68 mm, 116.84 mm): Symbol C1102 [C]
[footprint_link_issues]: The current configuration does not include the footprint library 'Capacitor_SMD'
    ; warning
    @(436.88 mm, 116.84 mm): Symbol C1103 [C]
[lib_symbol_issues]: The current configuration does not include the symbol library 'Device'
    ; warning
    @(436.88 mm, 116.84 mm): Symbol C1103 [C]
[footprint_link_issues]: The current configuration does not include the footprint library 'Capacitor_SMD'
    ; warning
    @(513.08 mm, 116.84 mm): Symbol C1104 [C]
[lib_symbol_issues]: The current configuration does not include the symbol library 'Device'
    ; warning
    @(513.08 mm, 116.84 mm): Symbol C1104 [C]
[unconnected_wire_endpoint]: Unconnected wire endpoint
    ; warning
    @(29.21 mm, 118.11 mm): Horizontal Wire, length 8.89 mm
[unconnected_wire_endpoint]: Unconnected wire endpoint
    ; warning
    @(30.48 mm, 120.65 mm): Horizontal Wire, length 1.27 mm
[unconnected_wire_endpoint]: Unconnected wire endpoint
    ; warning
    @(30.48 mm, 123.19 mm): Horizontal Wire, length 1.27 mm
[lib_symbol_issues]: The current configuration does not include the symbol library 'antmicropower'
    ; warning
    @(30.48 mm, 125.73 mm): Symbol #PWR0250 [GND]
[footprint_link_issues]: The current configuration does not include the footprint library 'antmicro-footprints'
    ; warning
    @(35.56 mm, 80.01 mm): Symbol R249 [R_100k_0402]
[lib_symbol_issues]: The current configuration does not include the symbol library 'antmicroResistors0402'
    ; warning
    @(35.56 mm, 80.01 mm): Symbol R249 [R_100k_0402]
[lib_symbol_issues]: The current configuration does not include the symbol library 'antmicropower'
    ; warning
    @(35.56 mm, 81.28 mm): Symbol #PWR0175 [GND]
[footprint_link_issues]: The current configuration does not include the footprint library 'antmicro-footprints'
    ; warning
    @(36.83 mm, 41.91 mm): Symbol D60 [TPD1E0B04_XDFN-2]
[lib_symbol_issues]: The current configuration does not include the symbol library 'antmicroTVSDiodes'
    ; warning
    @(36.83 mm, 41.91 mm): Symbol D60 [TPD1E0B04_XDFN-2]
[lib_symbol_issues]: The current configuration does not include the symbol library 'antmicropower'
    ; warning
    @(36.83 mm, 46.99 mm): Symbol #PWR0174 [GND]
[footprint_link_issues]: The current configuration does not include the footprint library 'antmicro-footprints'
    ; warning
    @(36.83 mm, 71.12 mm): Symbol Q7 [PJE138K]
[lib_symbol_issues]: The current configuration does not include the symbol library 'antmicroTransistorsFETsMOSFETsSingle'
    ; warning
    @(36.83 mm, 71.12 mm): Symbol Q7 [PJE138K]
[unconnected_wire_endpoint]: Unconnected wire endpoint
    ; warning
    @(38.10 mm, 118.11 mm): Vertical Wire, length 1.27 mm
[unconnected_wire_endpoint]: Unconnected wire endpoint
    ; warning
    @(38.10 mm, 124.46 mm): Vertical Wire, length 1.27 mm
[lib_symbol_issues]: The current configuration does not include the symbol library 'antmicropower'
    ; warning
    @(38.10 mm, 125.73 mm): Symbol #PWR0283 [GND]
[footprint_link_issues]: The current configuration does not include the footprint library 'antmicro-footprints'
    ; warning
    @(43.18 mm, 34.29 mm): Symbol S4 [SW_KMR211NGLFS_SMD]
[lib_symbol_issues]: The current configuration does not include the symbol library 'antmicroPushbuttonSwitches'
    ; warning
    @(43.18 mm, 34.29 mm): Symbol S4 [SW_KMR211NGLFS_SMD]
[lib_symbol_issues]: The current configuration does not include the symbol library 'antmicropower'
    ; warning
    @(43.18 mm, 46.99 mm): Symbol #PWR0337 [GND]
[lib_symbol_issues]: The current configuration does not include the symbol library 'antmicropower'
    ; warning
    @(43.18 mm, 81.28 mm): Symbol #PWR0246 [GND]
[unconnected_wire_endpoint]: Unconnected wire endpoint
    ; warning
    @(50.80 mm, 144.78 mm): Vertical Wire, length 2.54 mm
[unconnected_wire_endpoint]: Unconnected wire endpoint
    ; warning
    @(50.80 mm, 152.40 mm): Vertical Wire, length 1.27 mm
[lib_symbol_issues]: The current configuration does not include the symbol library 'antmicropower'
    ; warning
    @(50.80 mm, 153.67 mm): Symbol #PWR045 [GND]
[footprint_link_issues]: The current configuration does not include the footprint library 'antmicro-footprints'
    ; warning
    @(50.80 mm, 199.39 mm): Symbol R251 [R_10k_0402]
[lib_symbol_issues]: The current configuration does not include the symbol library 'antmicroResistors0402'
    ; warning
    @(50.80 mm, 199.39 mm): Symbol R251 [R_10k_0402]
[lib_symbol_issues]: The current configuration does not include the symbol library 'antmicropower'
    ; warning
    @(50.80 mm, 200.66 mm): Symbol #PWR0290 [GND]
[unconnected_wire_endpoint]: Unconnected wire endpoint
    ; warning
    @(50.80 mm, 137.16 mm): Horizontal Wire, length 1.27 mm
[unconnected_wire_endpoint]: Unconnected wire endpoint
    ; warning
    @(50.80 mm, 118.11 mm): Horizontal Wire, length 3.81 mm
[unconnected_wire_endpoint]: Unconnected wire endpoint
    ; warning
    @(58.42 mm, 129.54 mm): Vertical Wire, length 1.27 mm
[unconnected_wire_endpoint]: Unconnected wire endpoint
    ; warning
    @(58.42 mm, 143.51 mm): Vertical Wire, length 1.27 mm
[unconnected_wire_endpoint]: Unconnected wire endpoint
    ; warning
    @(44.45 mm, 209.55 mm): Horizontal Wire, length 13.97 mm
[unconnected_wire_endpoint]: Unconnected wire endpoint
    ; warning
    @(44.45 mm, 217.17 mm): Horizontal Wire, length 13.97 mm
[footprint_link_issues]: The current configuration does not include the footprint library 'antmicro-footprints'
    ; warning
    @(60.96 mm, 80.01 mm): Symbol C116 [C_10u_0402]
[lib_symbol_issues]: The current configuration does not include the symbol library 'antmicroCapacitors0402'
    ; warning
    @(60.96 mm, 80.01 mm): Symbol C116 [C_10u_0402]
[lib_symbol_issues]: The current configuration does not include the symbol library 'antmicropower'
    ; warning
    @(60.96 mm, 81.28 mm): Symbol #PWR0247 [GND]
[unconnected_wire_endpoint]: Unconnected wire endpoint
    ; warning
    @(63.50 mm, 127.00 mm): Vertical Wire, length 1.27 mm
[unconnected_wire_endpoint]: Unconnected wire endpoint
    ; warning
    @(63.50 mm, 129.54 mm): Vertical Wire, length 1.27 mm
[unconnected_wire_endpoint]: Unconnected wire endpoint
    ; warning
    @(63.50 mm, 143.51 mm): Vertical Wire, length 2.54 mm
[footprint_link_issues]: The current configuration does not include the footprint library 'antmicro-footprints'
    ; warning
    @(63.50 mm, 172.72 mm): Symbol Q16 [SSM3J332R]
[lib_symbol_issues]: The current configuration does not include the symbol library 'antmicroTransistorsFETsMOSFETsSingle'
    ; warning
    @(63.50 mm, 172.72 mm): Symbol Q16 [SSM3J332R]
[unconnected_wire_endpoint]: Unconnected wire endpoint
    ; warning
    @(63.50 mm, 209.55 mm): Horizontal Wire, length 17.78 mm
[unconnected_wire_endpoint]: Unconnected wire endpoint
    ; warning
    @(63.50 mm, 217.17 mm): Horizontal Wire, length 17.78 mm
[unconnected_wire_endpoint]: Unconnected wire endpoint
    ; warning
    @(67.31 mm, 118.11 mm): Horizontal Wire, length 3.81 mm
[unconnected_wire_endpoint]: Unconnected wire endpoint
    ; warning
    @(71.12 mm, 137.16 mm): Horizontal Wire, length 1.27 mm
[footprint_link_issues]: The current configuration does not include the footprint library 'antmicro-footprints'
    ; warning
    @(69.85 mm, 184.15 mm): Symbol Q14 [BCM857BS-7-F]
[lib_symbol_issues]: The current configuration does not include the symbol library 'antmicroTransistorsBipolarArrays'
    ; warning
    @(69.85 mm, 184.15 mm): Symbol Q14 [BCM857BS-7-F]
[unconnected_wire_endpoint]: Unconnected wire endpoint
    ; warning
    @(73.66 mm, 146.05 mm): Vertical Wire, length 1.27 mm
[unconnected_wire_endpoint]: Unconnected wire endpoint
    ; warning
    @(73.66 mm, 152.40 mm): Vertical Wire, length 1.27 mm
[lib_symbol_issues]: The current configuration does not include the symbol library 'antmicropower'
    ; warning
    @(73.66 mm, 153.67 mm): Symbol #PWR0253 [GND]
[footprint_link_issues]: The current configuration does not include the footprint library 'antmicro-footprints'
    ; warning
    @(73.66 mm, 199.39 mm): Symbol R255 [R_10k_0402]
[lib_symbol_issues]: The current configuration does not include the symbol library 'antmicroResistors0402'
    ; warning
    @(73.66 mm, 199.39 mm): Symbol R255 [R_10k_0402]
[lib_symbol_issues]: The current configuration does not include the symbol library 'antmicropower'
    ; warning
    @(73.66 mm, 200.66 mm): Symbol #PWR0310 [GND]
[footprint_link_issues]: The current configuration does not include the footprint library 'antmicro-footprints'
    ; warning
    @(80.01 mm, 59.69 mm): Symbol SW1 [SW_SPDT_PCM12SMTR]
[lib_symbol_issues]: The current configuration does not include the symbol library 'antmicroSlideSwitches'
    ; warning
    @(80.01 mm, 59.69 mm): Symbol SW1 [SW_SPDT_PCM12SMTR]
[lib_symbol_issues]: The current configuration does not include the symbol library 'antmicropower'
    ; warning
    @(81.28 mm, 63.50 mm): Symbol #PWR0258 [GND]
[footprint_link_issues]: The current configuration does not include the footprint library 'antmicro-footprints'
    ; warning
    @(86.36 mm, 34.29 mm): Symbol R256 [R_1k_0402]
[lib_symbol_issues]: The current configuration does not include the symbol library 'antmicroResistors0402'
    ; warning
    @(86.36 mm, 34.29 mm): Symbol R256 [R_1k_0402]
[footprint_link_issues]: The current configuration does not include the footprint library 'antmicro-footprints'
    ; warning
    @(91.44 mm, 59.69 mm): Symbol R257 [R_200k_0402]
[lib_symbol_issues]: The current configuration does not include the symbol library 'antmicroResistors0402'
    ; warning
    @(91.44 mm, 59.69 mm): Symbol R257 [R_200k_0402]
[footprint_link_issues]: The current configuration does not include the footprint library 'antmicro-footprints'
    ; warning
    @(95.25 mm, 73.66 mm): Symbol D36 [RB521S30T1G]
[lib_symbol_issues]: The current configuration does not include the symbol library 'antmicroDiodesRectifiersSingle'
    ; warning
    @(95.25 mm, 73.66 mm): Symbol D36 [RB521S30T1G]
[footprint_link_issues]: The current configuration does not include the footprint library 'antmicro-footprints'
    ; warning
    @(106.68 mm, 67.31 mm): Symbol C117 [C_10u_0402]
[lib_symbol_issues]: The current configuration does not include the symbol library 'antmicroCapacitors0402'
    ; warning
    @(106.68 mm, 67.31 mm): Symbol C117 [C_10u_0402]
[lib_symbol_issues]: The current configuration does not include the symbol library 'antmicropower'
    ; warning
    @(106.68 mm, 68.58 mm): Symbol #PWR0260 [GND]
[footprint_link_issues]: The current configuration does not include the footprint library 'antmicro-footprints'
    ; warning
    @(109.22 mm, 39.37 mm): Symbol R258 [R_200k_0402]
[lib_symbol_issues]: The current configuration does not include the symbol library 'antmicroResistors0402'
    ; warning
    @(109.22 mm, 39.37 mm): Symbol R258 [R_200k_0402]
[footprint_link_issues]: The current configuration does not include the footprint library 'antmicro-footprints'
    ; warning
    @(109.22 mm, 171.45 mm): Symbol R164 [R_4k7_0402]
[lib_symbol_issues]: The current configuration does not include the symbol library 'antmicroResistors0402'
    ; warning
    @(109.22 mm, 171.45 mm): Symbol R164 [R_4k7_0402]
[footprint_link_issues]: The current configuration does not include the footprint library 'antmicro-footprints'
    ; warning
    @(119.38 mm, 171.45 mm): Symbol C150 [C_1u_25V_0402]
[lib_symbol_issues]: The current configuration does not include the symbol library 'antmicroCapacitors0402'
    ; warning
    @(119.38 mm, 171.45 mm): Symbol C150 [C_1u_25V_0402]
[footprint_link_issues]: The current configuration does not include the footprint library 'antmicro-footprints'
    ; warning
    @(124.46 mm, 33.02 mm): Symbol C118 [C_100n_0402]
[lib_symbol_issues]: The current configuration does not include the symbol library 'antmicroCapacitors0402'
    ; warning
    @(124.46 mm, 33.02 mm): Symbol C118 [C_100n_0402]
[lib_symbol_issues]: The current configuration does not include the symbol library 'antmicropower'
    ; warning
    @(124.46 mm, 34.29 mm): Symbol #PWR0262 [GND]
[footprint_link_issues]: The current configuration does not include the footprint library 'antmicro-footprints'
    ; warning
    @(127.00 mm, 52.07 mm): Symbol U37 [74LVC2G14_SOT457]
[lib_symbol_issues]: The current configuration does not include the symbol library 'antmicroLogicBuffersDriversReceiversTransceivers'
    ; warning
    @(127.00 mm, 52.07 mm): Symbol U37 [74LVC2G14_SOT457]
[footprint_link_issues]: The current configuration does not include the footprint library 'antmicro-footprints'
    ; warning
    @(132.08 mm, 151.13 mm): Symbol R175 [R_0R_22.4A_0603]
[lib_symbol_issues]: The current configuration does not include the symbol library 'antmicroResistors0603'
    ; warning
    @(132.08 mm, 151.13 mm): Symbol R175 [R_0R_22.4A_0603]
[footprint_link_issues]: The current configuration does not include the footprint library 'antmicro-footprints'
    ; warning
    @(132.08 mm, 172.72 mm): Symbol Q18 [SSM3J332R]
[lib_symbol_issues]: The current configuration does not include the symbol library 'antmicroTransistorsFETsMOSFETsSingle'
    ; warning
    @(132.08 mm, 172.72 mm): Symbol Q18 [SSM3J332R]
[footprint_link_issues]: The current configuration does not include the footprint library 'antmicro-footprints'
    ; warning
    @(132.08 mm, 180.34 mm): Symbol R165 [R_4k7_0402]
[lib_symbol_issues]: The current configuration does not include the symbol library 'antmicroResistors0402'
    ; warning
    @(132.08 mm, 180.34 mm): Symbol R165 [R_4k7_0402]
[lib_symbol_issues]: The current configuration does not include the symbol library 'antmicropower'
    ; warning
    @(132.08 mm, 181.61 mm): Symbol #PWR0254 [GND]
[lib_symbol_issues]: The current configuration does not include the symbol library 'antmicropower'
    ; warning
    @(134.62 mm, 69.85 mm): Symbol #PWR0261 [GND]
[footprint_link_issues]: The current configuration does not include the footprint library 'antmicro-footprints'
    ; warning
    @(144.78 mm, 64.77 mm): Symbol Q11 [PJE138K]
[lib_symbol_issues]: The current configuration does not include the symbol library 'antmicroTransistorsFETsMOSFETsSingle'
    ; warning
    @(144.78 mm, 64.77 mm): Symbol Q11 [PJE138K]
[footprint_link_issues]: The current configuration does not include the footprint library 'antmicro-footprints'
    ; warning
    @(146.05 mm, 171.45 mm): Symbol C50 [C_100n_0402]
[lib_symbol_issues]: The current configuration does not include the symbol library 'antmicroCapacitors0402'
    ; warning
    @(146.05 mm, 171.45 mm): Symbol C50 [C_100n_0402]
[footprint_link_issues]: The current configuration does not include the footprint library 'antmicro-footprints'
    ; warning
    @(151.13 mm, 49.53 mm): Symbol R259 [R_10k_0402]
[lib_symbol_issues]: The current configuration does not include the symbol library 'antmicroResistors0402'
    ; warning
    @(151.13 mm, 49.53 mm): Symbol R259 [R_10k_0402]
[lib_symbol_issues]: The current configuration does not include the symbol library 'antmicropower'
    ; warning
    @(151.13 mm, 69.85 mm): Symbol #PWR0263 [GND]
[footprint_link_issues]: The current configuration does not include the footprint library 'antmicro-footprints'
    ; warning
    @(153.67 mm, 269.24 mm): Symbol R285 [R_100k_0402]
[lib_symbol_issues]: The current configuration does not include the symbol library 'antmicroResistors0402'
    ; warning
    @(153.67 mm, 269.24 mm): Symbol R285 [R_100k_0402]
[lib_symbol_issues]: The current configuration does not include the symbol library 'antmicropower'
    ; warning
    @(153.67 mm, 270.51 mm): Symbol #PWR08 [GND]
[lib_symbol_issues]: The current configuration does not include the symbol library 'antmicropower'
    ; warning
    @(156.21 mm, 162.56 mm): Symbol #FLG011 [PWR_FLAG]
[footprint_link_issues]: The current configuration does not include the footprint library 'antmicro-footprints'
    ; warning
    @(156.21 mm, 171.45 mm): Symbol R188 [R_10k_0402]
[lib_symbol_issues]: The current configuration does not include the symbol library 'antmicroResistors0402'
    ; warning
    @(156.21 mm, 171.45 mm): Symbol R188 [R_10k_0402]
[footprint_link_issues]: The current configuration does not include the footprint library 'antmicro-footprints'
    ; warning
    @(156.21 mm, 177.80 mm): Symbol D53 [LED_G_0603_LTST-C190GKT]
[lib_symbol_issues]: The current configuration does not include the symbol library 'antmicroLEDIndicationDiscrete'
    ; warning
    @(156.21 mm, 177.80 mm): Symbol D53 [LED_G_0603_LTST-C190GKT]
[lib_symbol_issues]: The current configuration does not include the symbol library 'antmicropower'
    ; warning
    @(156.21 mm, 181.61 mm): Symbol #PWR0257 [GND]
[footprint_link_issues]: The current configuration does not include the footprint library 'antmicro-footprints'
    ; warning
    @(156.21 mm, 262.89 mm): Symbol Q22 [PJE138K]
[lib_symbol_issues]: The current configuration does not include the symbol library 'antmicroTransistorsFETsMOSFETsSingle'
    ; warning
    @(156.21 mm, 262.89 mm): Symbol Q22 [PJE138K]
[lib_symbol_issues]: The current configuration does not include the symbol library 'antmicropower'
    ; warning
    @(162.56 mm, 241.30 mm): Symbol #PWR0376 [+5V]
[footprint_link_issues]: The current configuration does not include the footprint library 'antmicro-footprints'
    ; warning
    @(162.56 mm, 247.65 mm): Symbol R286 [R_470R_0402]
[lib_symbol_issues]: The current configuration does not include the symbol library 'antmicroResistors0402'
    ; warning
    @(162.56 mm, 247.65 mm): Symbol R286 [R_470R_0402]
[footprint_link_issues]: The current configuration does not include the footprint library 'antmicro-footprints'
    ; warning
    @(162.56 mm, 254.00 mm): Symbol D62 [LED_G_0603_LTST-C190GKT]
[lib_symbol_issues]: The current configuration does not include the symbol library 'antmicroLEDIndicationDiscrete'
    ; warning
    @(162.56 mm, 254.00 mm): Symbol D62 [LED_G_0603_LTST-C190GKT]
[lib_symbol_issues]: The current configuration does not include the symbol library 'antmicropower'
    ; warning
    @(162.56 mm, 270.51 mm): Symbol #PWR0377 [GND]
[lib_symbol_issues]: The current configuration does not include the symbol library 'antmicropower'
    ; warning
    @(166.37 mm, 162.56 mm): Symbol #PWR0259 [VCC]
[footprint_link_issues]: The current configuration does not include the footprint library 'antmicro-footprints'
    ; warning
    @(166.37 mm, 167.64 mm): Symbol D29 [DF2S30FS_SOD]
[lib_symbol_issues]: The current configuration does not include the symbol library 'antmicroTVSDiodes'
    ; warning
    @(166.37 mm, 167.64 mm): Symbol D29 [DF2S30FS_SOD]
[lib_symbol_issues]: The current configuration does not include the symbol library 'antmicropower'
    ; warning
    @(166.37 mm, 181.61 mm): Symbol #PWR0312 [GND]
[footprint_link_issues]: The current configuration does not include the footprint library 'antmicro-footprints'
    ; warning
    @(167.64 mm, 78.74 mm): Symbol R236 [R_200R_0402]
[lib_symbol_issues]: The current configuration does not include the symbol library 'antmicroResistors0402'
    ; warning
    @(167.64 mm, 78.74 mm): Symbol R236 [R_200R_0402]
[footprint_link_issues]: The current configuration does not include the footprint library 'antmicro-footprints'
    ; warning
    @(168.91 mm, 165.10 mm): Symbol TP14 [TP_0.75mm_SMD]
[lib_symbol_issues]: The current configuration does not include the symbol library 'antmicroTestPoints'
    ; warning
    @(168.91 mm, 165.10 mm): Symbol TP14 [TP_0.75mm_SMD]
[footprint_link_issues]: The current configuration does not include the footprint library 'antmicro-footprints'
    ; warning
    @(172.72 mm, 33.02 mm): Symbol C119 [C_100n_0402]
[lib_symbol_issues]: The current configuration does not include the symbol library 'antmicroCapacitors0402'
    ; warning
    @(172.72 mm, 33.02 mm): Symbol C119 [C_100n_0402]
[lib_symbol_issues]: The current configuration does not include the symbol library 'antmicropower'
    ; warning
    @(172.72 mm, 34.29 mm): Symbol #PWR0265 [GND]
[footprint_link_issues]: The current configuration does not include the footprint library 'antmicro-footprints'
    ; warning
    @(172.72 mm, 180.34 mm): Symbol TP23 [TP_0.75mm_SMD]
[lib_symbol_issues]: The current configuration does not include the symbol library 'antmicroTestPoints'
    ; warning
    @(172.72 mm, 180.34 mm): Symbol TP23 [TP_0.75mm_SMD]
[lib_symbol_issues]: The current configuration does not include the symbol library 'antmicropower'
    ; warning
    @(172.72 mm, 181.61 mm): Symbol #PWR0178 [GND]
[footprint_link_issues]: The current configuration does not include the footprint library 'antmicro-footprints'
    ; warning
    @(173.99 mm, 74.93 mm): Symbol D37 [RB521S30T1G]
[lib_symbol_issues]: The current configuration does not include the symbol library 'antmicroDiodesRectifiersSingle'
    ; warning
    @(173.99 mm, 74.93 mm): Symbol D37 [RB521S30T1G]
[footprint_link_issues]: The current configuration does not include the footprint library 'antmicro-footprints'
    ; warning
    @(175.26 mm, 49.53 mm): Symbol U38 [74LVC1G175_SOT457]
[lib_symbol_issues]: The current configuration does not include the symbol library 'antmicroLogicGatesandInverters'
    ; warning
    @(175.26 mm, 49.53 mm): Symbol U38 [74LVC1G175_SOT457]
[lib_symbol_issues]: The current configuration does not include the symbol library 'antmicropower'
    ; warning
    @(182.88 mm, 60.96 mm): Symbol #PWR0264 [GND]
[lib_symbol_issues]: The current configuration does not include the symbol library 'antmicropower'
    ; warning
    @(189.23 mm, 128.27 mm): Symbol #PWR0248 [VCC]
[footprint_link_issues]: The current configuration does not include the footprint library 'antmicro-footprints'
    ; warning
    @(189.23 mm, 147.32 mm): Symbol C5 [C_22u_25V_0805]
[lib_symbol_issues]: The current configuration does not include the symbol library 'antmicroCapacitorsmisc'
    ; warning
    @(189.23 mm, 147.32 mm): Symbol C5 [C_22u_25V_0805]
[lib_symbol_issues]: The current configuration does not include the symbol library 'antmicropower'
    ; warning
    @(189.23 mm, 154.94 mm): Symbol #PWR0266 [GND]
[lib_symbol_issues]: The current configuration does not include the symbol library 'antmicropower'
    ; warning
    @(189.23 mm, 186.69 mm): Symbol #PWR0273 [VCC]
[footprint_link_issues]: The current configuration does not include the footprint library 'antmicro-footprints'
    ; warning
    @(189.23 mm, 205.74 mm): Symbol C122 [C_22u_25V_0805]
[lib_symbol_issues]: The current configuration does not include the symbol library 'antmicroCapacitorsmisc'
    ; warning
    @(189.23 mm, 205.74 mm): Symbol C122 [C_22u_25V_0805]
[lib_symbol_issues]: The current configuration does not include the symbol library 'antmicropower'
    ; warning
    @(189.23 mm, 213.36 mm): Symbol #PWR0323 [GND]
[footprint_link_issues]: The current configuration does not include the footprint library 'antmicro-footprints'
    ; warning
    @(194.31 mm, 49.53 mm): Symbol R260 [R_0R_0402]
[lib_symbol_issues]: The current configuration does not include the symbol library 'antmicroResistors0402'
    ; warning
    @(194.31 mm, 49.53 mm): Symbol R260 [R_0R_0402]
[footprint_link_issues]: The current configuration does not include the footprint library 'antmicro-footprints'
    ; warning
    @(198.12 mm, 147.32 mm): Symbol C152 [C_22u_25V_0805]
[lib_symbol_issues]: The current configuration does not include the symbol library 'antmicroCapacitorsmisc'
    ; warning
    @(198.12 mm, 147.32 mm): Symbol C152 [C_22u_25V_0805]
[lib_symbol_issues]: The current configuration does not include the symbol library 'antmicropower'
    ; warning
    @(198.12 mm, 154.94 mm): Symbol #PWR0215 [GND]
[footprint_link_issues]: The current configuration does not include the footprint library 'antmicro-footprints'
    ; warning
    @(198.12 mm, 205.74 mm): Symbol C151 [C_22u_25V_0805]
[lib_symbol_issues]: The current configuration does not include the symbol library 'antmicroCapacitorsmisc'
    ; warning
    @(198.12 mm, 205.74 mm): Symbol C151 [C_22u_25V_0805]
[lib_symbol_issues]: The current configuration does not include the symbol library 'antmicropower'
    ; warning
    @(198.12 mm, 213.36 mm): Symbol #PWR0325 [GND]
[lib_symbol_issues]: The current configuration does not include the symbol library 'antmicropower'
    ; warning
    @(203.20 mm, 232.41 mm): Symbol #PWR0375 [+5V]
[footprint_link_issues]: The current configuration does not include the footprint library 'antmicro-footprints'
    ; warning
    @(203.20 mm, 238.76 mm): Symbol R275 [R_10k_0402]
[lib_symbol_issues]: The current configuration does not include the symbol library 'antmicroResistors0402'
    ; warning
    @(203.20 mm, 238.76 mm): Symbol R275 [R_10k_0402]
[lib_symbol_issues]: The current configuration does not include the symbol library 'antmicropower'
    ; warning
    @(203.20 mm, 260.35 mm): Symbol #PWR0374 [+5V]
[footprint_link_issues]: The current configuration does not include the footprint library 'antmicro-footprints'
    ; warning
    @(207.01 mm, 142.24 mm): Symbol C6 [C_100n_0402]
[lib_symbol_issues]: The current configuration does not include the symbol library 'antmicroCapacitors0402'
    ; warning
    @(207.01 mm, 142.24 mm): Symbol C6 [C_100n_0402]
[lib_symbol_issues]: The current configuration does not include the symbol library 'antmicropower'
    ; warning
    @(207.01 mm, 154.94 mm): Symbol #PWR0197 [GND]
[footprint_link_issues]: The current configuration does not include the footprint library 'antmicro-footprints'
    ; warning
    @(207.01 mm, 200.66 mm): Symbol C121 [C_100n_0402]
[lib_symbol_issues]: The current configuration does not include the symbol library 'antmicroCapacitors0402'
    ; warning
    @(207.01 mm, 200.66 mm): Symbol C121 [C_100n_0402]
[lib_symbol_issues]: The current configuration does not include the symbol library 'antmicropower'
    ; warning
    @(207.01 mm, 213.36 mm): Symbol #PWR0333 [GND]
[lib_symbol_issues]: The current configuration does not include the symbol library 'antmicropower'
    ; warning
    @(213.36 mm, 233.68 mm): Symbol #PWR0366 [VCC]
[lib_symbol_issues]: The current configuration does not include the symbol library 'antmicropower'
    ; warning
    @(213.36 mm, 250.19 mm): Symbol #PWR0368 [GND]
[lib_symbol_issues]: The current configuration does not include the symbol library 'antmicropower'
    ; warning
    @(213.36 mm, 279.40 mm): Symbol #PWR0367 [GND]
[footprint_link_issues]: The current configuration does not include the footprint library 'antmicro-footprints'
    ; warning
    @(214.63 mm, 138.43 mm): Symbol R159 [R_499k_0402]
[lib_symbol_issues]: The current configuration does not include the symbol library 'antmicroResistors0402'
    ; warning
    @(214.63 mm, 138.43 mm): Symbol R159 [R_499k_0402]
[footprint_link_issues]: The current configuration does not include the footprint library 'antmicro-footprints'
    ; warning
    @(214.63 mm, 153.67 mm): Symbol R237 [R_499k_0402]
[lib_symbol_issues]: The current configuration does not include the symbol library 'antmicroResistors0402'
    ; warning
    @(214.63 mm, 153.67 mm): Symbol R237 [R_499k_0402]
[lib_symbol_issues]: The current configuration does not include the symbol library 'antmicropower'
    ; warning
    @(214.63 mm, 154.94 mm): Symbol #PWR0190 [GND]
[footprint_link_issues]: The current configuration does not include the footprint library 'antmicro-footprints'
    ; warning
    @(214.63 mm, 196.85 mm): Symbol R240 [R_499k_0402]
[lib_symbol_issues]: The current configuration does not include the symbol library 'antmicroResistors0402'
    ; warning
    @(214.63 mm, 196.85 mm): Symbol R240 [R_499k_0402]
[footprint_link_issues]: The current configuration does not include the footprint library 'antmicro-footprints'
    ; warning
    @(214.63 mm, 212.09 mm): Symbol R176 [R_499k_0402]
[lib_symbol_issues]: The current configuration does not include the symbol library 'antmicroResistors0402'
    ; warning
    @(214.63 mm, 212.09 mm): Symbol R176 [R_499k_0402]
[lib_symbol_issues]: The current configuration does not include the symbol library 'antmicropower'
    ; warning
    @(214.63 mm, 213.36 mm): Symbol #PWR0338 [GND]
[footprint_link_issues]: The current configuration does not include the footprint library 'antmicro-footprints'
    ; warning
    @(214.63 mm, 236.22 mm): Symbol U48 [TPS259474ARPWR]
[lib_symbol_issues]: The current configuration does not include the symbol library 'antmicroPMICORControllersIdealDiodes'
    ; warning
    @(214.63 mm, 236.22 mm): Symbol U48 [TPS259474ARPWR]
[footprint_link_issues]: The current configuration does not include the footprint library 'antmicro-footprints'
    ; warning
    @(214.63 mm, 262.89 mm): Symbol U29 [TPS259474ARPWR]
[lib_symbol_issues]: The current configuration does not include the symbol library 'antmicroPMICORControllersIdealDiodes'
    ; warning
    @(214.63 mm, 262.89 mm): Symbol U29 [TPS259474ARPWR]
[lib_symbol_issues]: The current configuration does not include the symbol library 'antmicropower'
    ; warning
    @(223.52 mm, 105.41 mm): Symbol #PWR0347 [VCC]
[footprint_link_issues]: The current configuration does not include the footprint library 'antmicro-footprints'
    ; warning
    @(223.52 mm, 111.76 mm): Symbol R263 [R_20k_0402]
[lib_symbol_issues]: The current configuration does not include the symbol library 'antmicroResistors0402'
    ; warning
    @(223.52 mm, 111.76 mm): Symbol R263 [R_20k_0402]
[footprint_link_issues]: The current configuration does not include the footprint library 'antmicro-footprints'
    ; warning
    @(223.52 mm, 119.38 mm): Symbol R169 [R_2k7_0402]
[lib_symbol_issues]: The current configuration does not include the symbol library 'antmicroResistors0402'
    ; warning
    @(223.52 mm, 119.38 mm): Symbol R169 [R_2k7_0402]
[lib_symbol_issues]: The current configuration does not include the symbol library 'antmicropower'
    ; warning
    @(223.52 mm, 120.65 mm): Symbol #PWR0344 [GND]
[footprint_link_issues]: The current configuration does not include the footprint library 'antmicro-footprints'
    ; warning
    @(223.52 mm, 153.67 mm): Symbol R239 [R_499k_0402]
[lib_symbol_issues]: The current configuration does not include the symbol library 'antmicroResistors0402'
    ; warning
    @(223.52 mm, 153.67 mm): Symbol R239 [R_499k_0402]
[lib_symbol_issues]: The current configuration does not include the symbol library 'antmicropower'
    ; warning
    @(223.52 mm, 154.94 mm): Symbol #PWR0316 [GND]
[footprint_link_issues]: The current configuration does not include the footprint library 'antmicro-footprints'
    ; warning
    @(223.52 mm, 212.09 mm): Symbol R173 [R_499k_0402]
[lib_symbol_issues]: The current configuration does not include the symbol library 'antmicroResistors0402'
    ; warning
    @(223.52 mm, 212.09 mm): Symbol R173 [R_499k_0402]
[lib_symbol_issues]: The current configuration does not include the symbol library 'antmicropower'
    ; warning
    @(223.52 mm, 213.36 mm): Symbol #PWR0335 [GND]
[footprint_link_issues]: The current configuration does not include the footprint library 'antmicro-footprints'
    ; warning
    @(226.06 mm, 55.88 mm): Symbol R261 [R_200k_0402]
[lib_symbol_issues]: The current configuration does not include the symbol library 'antmicroResistors0402'
    ; warning
    @(226.06 mm, 55.88 mm): Symbol R261 [R_200k_0402]
[lib_symbol_issues]: The current configuration does not include the symbol library 'antmicropower'
    ; warning
    @(226.06 mm, 57.15 mm): Symbol #PWR0252 [GND]
[footprint_link_issues]: The current configuration does not include the footprint library 'antmicro-footprints'
    ; warning
    @(233.68 mm, 114.30 mm): Symbol C157 [C_100n_0402]
[lib_symbol_issues]: The current configuration does not include the symbol library 'antmicroCapacitors0402'
    ; warning
    @(233.68 mm, 114.30 mm): Symbol C157 [C_100n_0402]
[lib_symbol_issues]: The current configuration does not include the symbol library 'antmicropower'
    ; warning
    @(233.68 mm, 120.65 mm): Symbol #PWR0350 [GND]
[footprint_link_issues]: The current configuration does not include the footprint library 'antmicro-footprints'
    ; warning
    @(233.68 mm, 153.67 mm): Symbol C93 [C_1u_0402]
[lib_symbol_issues]: The current configuration does not include the symbol library 'antmicroCapacitors0402'
    ; warning
    @(233.68 mm, 153.67 mm): Symbol C93 [C_1u_0402]
[lib_symbol_issues]: The current configuration does not include the symbol library 'antmicropower'
    ; warning
    @(233.68 mm, 154.94 mm): Symbol #PWR0342 [GND]
[footprint_link_issues]: The current configuration does not include the footprint library 'antmicro-footprints'
    ; warning
    @(233.68 mm, 212.09 mm): Symbol C123 [C_1u_0402]
[lib_symbol_issues]: The current configuration does not include the symbol library 'antmicroCapacitors0402'
    ; warning
    @(233.68 mm, 212.09 mm): Symbol C123 [C_1u_0402]
[lib_symbol_issues]: The current configuration does not include the symbol library 'antmicropower'
    ; warning
    @(233.68 mm, 213.36 mm): Symbol #PWR0334 [GND]
[footprint_link_issues]: The current configuration does not include the footprint library 'antmicro-footprints'
    ; warning
    @(234.95 mm, 181.61 mm): Symbol R264 [R_0R_0402]
[lib_symbol_issues]: The current configuration does not include the symbol library 'antmicroResistors0402'
    ; warning
    @(234.95 mm, 181.61 mm): Symbol R264 [R_0R_0402]
[footprint_link_issues]: The current configuration does not include the footprint library 'antmicro-footprints'
    ; warning
    @(236.22 mm, 55.88 mm): Symbol C124 [C_100n_0402]
[lib_symbol_issues]: The current configuration does not include the symbol library 'antmicroCapacitors0402'
    ; warning
    @(236.22 mm, 55.88 mm): Symbol C124 [C_100n_0402]
[lib_symbol_issues]: The current configuration does not include the symbol library 'antmicropower'
    ; warning
    @(236.22 mm, 57.15 mm): Symbol #PWR0255 [GND]
[footprint_link_issues]: The current configuration does not include the footprint library 'antmicro-footprints'
    ; warning
    @(241.30 mm, 251.46 mm): Symbol R284 [R_560R_0402]
[lib_symbol_issues]: The current configuration does not include the symbol library 'antmicroResistors0402'
    ; warning
    @(241.30 mm, 251.46 mm): Symbol R284 [R_560R_0402]
[lib_symbol_issues]: The current configuration does not include the symbol library 'antmicropower'
    ; warning
    @(241.30 mm, 252.73 mm): Symbol #PWR0371 [GND]
[footprint_link_issues]: The current configuration does not include the footprint library 'antmicro-footprints'
    ; warning
    @(241.30 mm, 278.13 mm): Symbol R283 [R_560R_0402]
[lib_symbol_issues]: The current configuration does not include the symbol library 'antmicroResistors0402'
    ; warning
    @(241.30 mm, 278.13 mm): Symbol R283 [R_560R_0402]
[lib_symbol_issues]: The current configuration does not include the symbol library 'antmicropower'
    ; warning
    @(241.30 mm, 279.40 mm): Symbol #PWR0369 [GND]
[footprint_link_issues]: The current configuration does not include the footprint library 'antmicro-footprints'
    ; warning
    @(242.57 mm, 153.67 mm): Symbol C156 [C_4u7_25V_0402]
[lib_symbol_issues]: The current configuration does not include the symbol library 'antmicroCapacitors0402'
    ; warning
    @(242.57 mm, 153.67 mm): Symbol C156 [C_4u7_25V_0402]
[lib_symbol_issues]: The current configuration does not include the symbol library 'antmicropower'
    ; warning
    @(242.57 mm, 154.94 mm): Symbol #PWR0343 [GND]
[footprint_link_issues]: The current configuration does not include the footprint library 'antmicro-footprints'
    ; warning
    @(242.57 mm, 212.09 mm): Symbol C155 [C_4u7_25V_0402]
[lib_symbol_issues]: The current configuration does not include the symbol library 'antmicroCapacitors0402'
    ; warning
    @(242.57 mm, 212.09 mm): Symbol C155 [C_4u7_25V_0402]
[lib_symbol_issues]: The current configuration does not include the symbol library 'antmicropower'
    ; warning
    @(242.57 mm, 213.36 mm): Symbol #PWR0340 [GND]
[footprint_link_issues]: The current configuration does not include the footprint library 'antmicro-footprints'
    ; warning
    @(246.38 mm, 31.75 mm): Symbol S5 [SW_KMR211NGLFS_SMD]
[lib_symbol_issues]: The current configuration does not include the symbol library 'antmicroPushbuttonSwitches'
    ; warning
    @(246.38 mm, 31.75 mm): Symbol S5 [SW_KMR211NGLFS_SMD]
[footprint_link_issues]: The current configuration does not include the footprint library 'antmicro-footprints'
    ; warning
    @(246.38 mm, 55.88 mm): Symbol D61 [TPD1E0B04_XDFN-2]
[lib_symbol_issues]: The current configuration does not include the symbol library 'antmicroTVSDiodes'
    ; warning
    @(246.38 mm, 55.88 mm): Symbol D61 [TPD1E0B04_XDFN-2]
[lib_symbol_issues]: The current configuration does not include the symbol library 'antmicropower'
    ; warning
    @(246.38 mm, 57.15 mm): Symbol #PWR0268 [GND]
[footprint_link_issues]: The current configuration does not include the footprint library 'antmicro-footprints'
    ; warning
    @(248.92 mm, 76.20 mm): Symbol R183 [R_0R_0402]
[lib_symbol_issues]: The current configuration does not include the symbol library 'antmicroResistors0402'
    ; warning
    @(248.92 mm, 76.20 mm): Symbol R183 [R_0R_0402]
[footprint_link_issues]: The current configuration does not include the footprint library 'antmicro-footprints'
    ; warning
    @(251.46 mm, 129.54 mm): Symbol U1 [SIC431AED-T1-GE3]
[lib_symbol_issues]: The current configuration does not include the symbol library 'antmicroDCDCConverters'
    ; warning
    @(251.46 mm, 129.54 mm): Symbol U1 [SIC431AED-T1-GE3]
[footprint_link_issues]: The current configuration does not include the footprint library 'antmicro-footprints'
    ; warning
    @(251.46 mm, 187.96 mm): Symbol U40 [SIC431AED-T1-GE3]
[lib_symbol_issues]: The current configuration does not include the symbol library 'antmicroDCDCConverters'
    ; warning
    @(251.46 mm, 187.96 mm): Symbol U40 [SIC431AED-T1-GE3]
[footprint_link_issues]: The current configuration does not include the footprint library 'antmicro-footprints'
    ; warning
    @(251.46 mm, 271.78 mm): Symbol R272 [R_470k_0402]
[lib_symbol_issues]: The current configuration does not include the symbol library 'antmicroResistors0402'
    ; warning
    @(251.46 mm, 271.78 mm): Symbol R272 [R_470k_0402]
[footprint_link_issues]: The current configuration does not include the footprint library 'antmicro-footprints'
    ; warning
    @(254.00 mm, 245.11 mm): Symbol R274 [R_100k_0402]
[lib_symbol_issues]: The current configuration does not include the symbol library 'antmicroResistors0402'
    ; warning
    @(254.00 mm, 245.11 mm): Symbol R274 [R_100k_0402]
[lib_symbol_issues]: The current configuration does not include the symbol library 'antmicropower'
    ; warning
    @(256.54 mm, 261.62 mm): Symbol #PWR04 [+5V]
[lib_symbol_issues]: The current configuration does not include the symbol library 'antmicropower'
    ; warning
    @(260.35 mm, 234.95 mm): Symbol #PWR03 [+5V]
[footprint_link_issues]: The current configuration does not include the footprint library 'antmicro-footprints'
    ; warning
    @(261.62 mm, 49.53 mm): Symbol Q8 [PJE138K]
[lib_symbol_issues]: The current configuration does not include the symbol library 'antmicroTransistorsFETsMOSFETsSingle'
    ; warning
    @(261.62 mm, 49.53 mm): Symbol Q8 [PJE138K]
[footprint_link_issues]: The current configuration does not include the footprint library 'antmicro-footprints'
    ; warning
    @(262.89 mm, 247.65 mm): Symbol C160 [C_1n_0402]
[lib_symbol_issues]: The current configuration does not include the symbol library 'antmicroCapacitors0402'
    ; warning
    @(262.89 mm, 247.65 mm): Symbol C160 [C_1n_0402]
[lib_symbol_issues]: The current configuration does not include the symbol library 'antmicropower'
    ; warning
    @(262.89 mm, 250.19 mm): Symbol #PWR0372 [GND]
[footprint_link_issues]: The current configuration does not include the footprint library 'antmicro-footprints'
    ; warning
    @(262.89 mm, 274.32 mm): Symbol C161 [C_1n_16V_X7R_0402]
[lib_symbol_issues]: The current configuration does not include the symbol library 'antmicroCapacitors0402'
    ; warning
    @(262.89 mm, 274.32 mm): Symbol C161 [C_1n_16V_X7R_0402]
[lib_symbol_issues]: The current configuration does not include the symbol library 'antmicropower'
    ; warning
    @(262.89 mm, 279.40 mm): Symbol #PWR0370 [GND]
[footprint_link_issues]: The current configuration does not include the footprint library 'antmicro-footprints'
    ; warning
    @(267.97 mm, 36.83 mm): Symbol TP33 [TP_0.75mm_SMD]
[lib_symbol_issues]: The current configuration does not include the symbol library 'antmicroTestPoints'
    ; warning
    @(267.97 mm, 36.83 mm): Symbol TP33 [TP_0.75mm_SMD]
[lib_symbol_issues]: The current configuration does not include the symbol library 'antmicropower'
    ; warning
    @(267.97 mm, 57.15 mm): Symbol #PWR0269 [GND]
[lib_symbol_issues]: The current configuration does not include the symbol library 'antmicropower'
    ; warning
    @(274.32 mm, 154.94 mm): Symbol #PWR0186 [GND]
[lib_symbol_issues]: The current configuration does not include the symbol library 'antmicropower'
    ; warning
    @(274.32 mm, 213.36 mm): Symbol #PWR0336 [GND]
[lib_symbol_issues]: The current configuration does not include the symbol library 'antmicropower'
    ; warning
    @(274.32 mm, 250.19 mm): Symbol #PWR05 [+5V]
[footprint_link_issues]: The current configuration does not include the footprint library 'antmicro-footprints'
    ; warning
    @(288.29 mm, 129.54 mm): Symbol C102 [C_100n_0402]
[lib_symbol_issues]: The current configuration does not include the symbol library 'antmicroCapacitors0402'
    ; warning
    @(288.29 mm, 129.54 mm): Symbol C102 [C_100n_0402]
[footprint_link_issues]: The current configuration does not include the footprint library 'antmicro-footprints'
    ; warning
    @(288.29 mm, 187.96 mm): Symbol C125 [C_100n_0402]
[lib_symbol_issues]: The current configuration does not include the symbol library 'antmicroCapacitors0402'
    ; warning
    @(288.29 mm, 187.96 mm): Symbol C125 [C_100n_0402]
[footprint_link_issues]: The current configuration does not include the footprint library 'antmicro-footprints'
    ; warning
    @(293.37 mm, 134.62 mm): Symbol L4 [L_1u_20A_Bourns-SRP6050CA]
[lib_symbol_issues]: The current configuration does not include the symbol library 'antmicroFixedInductors'
    ; warning
    @(293.37 mm, 134.62 mm): Symbol L4 [L_1u_20A_Bourns-SRP6050CA]
[footprint_link_issues]: The current configuration does not include the footprint library 'antmicro-footprints'
    ; warning
    @(293.37 mm, 193.04 mm): Symbol L1 [L_560n_17.7A_Bourns-SRP5030CA]
[lib_symbol_issues]: The current configuration does not include the symbol library 'antmicroFixedInductors'
    ; warning
    @(293.37 mm, 193.04 mm): Symbol L1 [L_560n_17.7A_Bourns-SRP5030CA]
[lib_symbol_issues]: The current configuration does not include the symbol library 'antmicropower'
    ; warning
    @(299.72 mm, 69.85 mm): Symbol #PWR0280 [+5V]
[footprint_link_issues]: The current configuration does not include the footprint library 'antmicro-footprints'
    ; warning
    @(299.72 mm, 72.39 mm): Symbol C83 [C_10u_0402]
[lib_symbol_issues]: The current configuration does not include the symbol library 'antmicroCapacitors0402'
    ; warning
    @(299.72 mm, 72.39 mm): Symbol C83 [C_10u_0402]
[lib_symbol_issues]: The current configuration does not include the symbol library 'antmicropower'
    ; warning
    @(299.72 mm, 78.74 mm): Symbol #PWR0272 [GND]
[footprint_link_issues]: The current configuration does not include the footprint library 'antmicro-footprints'
    ; warning
    @(302.26 mm, 140.97 mm): Symbol R170 [R_73k2_0402]
[lib_symbol_issues]: The current configuration does not include the symbol library 'antmicroResistors0402'
    ; warning
    @(302.26 mm, 140.97 mm): Symbol R170 [R_73k2_0402]
[footprint_link_issues]: The current configuration does not include the footprint library 'antmicro-footprints'
    ; warning
    @(302.26 mm, 148.59 mm): Symbol R269 [R_10k_0402]
[lib_symbol_issues]: The current configuration does not include the symbol library 'antmicroResistors0402'
    ; warning
    @(302.26 mm, 148.59 mm): Symbol R269 [R_10k_0402]
[lib_symbol_issues]: The current configuration does not include the symbol library 'antmicropower'
    ; warning
    @(302.26 mm, 154.94 mm): Symbol #PWR0187 [GND]
[footprint_link_issues]: The current configuration does not include the footprint library 'antmicro-footprints'
    ; warning
    @(302.26 mm, 199.39 mm): Symbol R177 [R_45k3_0402]
[lib_symbol_issues]: The current configuration does not include the symbol library 'antmicroResistors0402'
    ; warning
    @(302.26 mm, 199.39 mm): Symbol R177 [R_45k3_0402]
[footprint_link_issues]: The current configuration does not include the footprint library 'antmicro-footprints'
    ; warning
    @(302.26 mm, 207.01 mm): Symbol R238 [R_10k_0402]
[lib_symbol_issues]: The current configuration does not include the symbol library 'antmicroResistors0402'
    ; warning
    @(302.26 mm, 207.01 mm): Symbol R238 [R_10k_0402]
[lib_symbol_issues]: The current configuration does not include the symbol library 'antmicropower'
    ; warning
    @(302.26 mm, 213.36 mm): Symbol #PWR0341 [GND]
[footprint_link_issues]: The current configuration does not include the footprint library 'antmicro-footprints'
    ; warning
    @(313.69 mm, 148.59 mm): Symbol C103 [C_22u_16V_0603]
[lib_symbol_issues]: The current configuration does not include the symbol library 'antmicroCapacitors0603'
    ; warning
    @(313.69 mm, 148.59 mm): Symbol C103 [C_22u_16V_0603]
[lib_symbol_issues]: The current configuration does not include the symbol library 'antmicropower'
    ; warning
    @(313.69 mm, 154.94 mm): Symbol #PWR0189 [GND]
[footprint_link_issues]: The current configuration does not include the footprint library 'antmicro-footprints'
    ; warning
    @(313.69 mm, 207.01 mm): Symbol C126 [C_22u_16V_0603]
[lib_symbol_issues]: The current configuration does not include the symbol library 'antmicroCapacitors0603'
    ; warning
    @(313.69 mm, 207.01 mm): Symbol C126 [C_22u_16V_0603]
[lib_symbol_issues]: The current configuration does not include the symbol library 'antmicropower'
    ; warning
    @(313.69 mm, 213.36 mm): Symbol #PWR0339 [GND]
[lib_symbol_issues]: The current configuration does not include the symbol library 'antmicropower'
    ; warning
    @(318.77 mm, 27.94 mm): Symbol #PWR0282 [VCC]
[footprint_link_issues]: The current configuration does not include the footprint library 'antmicro-footprints'
    ; warning
    @(318.77 mm, 36.83 mm): Symbol C134 [C_10u_25V_0603]
[lib_symbol_issues]: The current configuration does not include the symbol library 'antmicroCapacitors0603'
    ; warning
    @(318.77 mm, 36.83 mm): Symbol C134 [C_10u_25V_0603]
[lib_symbol_issues]: The current configuration does not include the symbol library 'antmicropower'
    ; warning
    @(318.77 mm, 38.10 mm): Symbol #PWR0249 [GND]
[footprint_link_issues]: The current configuration does not include the footprint library 'antmicro-footprints'
    ; warning
    @(321.31 mm, 148.59 mm): Symbol C120 [C_22u_16V_0603]
[lib_symbol_issues]: The current configuration does not include the symbol library 'antmicroCapacitors0603'
    ; warning
    @(321.31 mm, 148.59 mm): Symbol C120 [C_22u_16V_0603]
[lib_symbol_issues]: The current configuration does not include the symbol library 'antmicropower'
    ; warning
    @(321.31 mm, 154.94 mm): Symbol #PWR0195 [GND]
[footprint_link_issues]: The current configuration does not include the footprint library 'antmicro-footprints'
    ; warning
    @(321.31 mm, 207.01 mm): Symbol C127 [C_22u_16V_0603]
[lib_symbol_issues]: The current configuration does not include the symbol library 'antmicroCapacitors0603'
    ; warning
    @(321.31 mm, 207.01 mm): Symbol C127 [C_22u_16V_0603]
[lib_symbol_issues]: The current configuration does not include the symbol library 'antmicropower'
    ; warning
    @(321.31 mm, 213.36 mm): Symbol #PWR0346 [GND]
[footprint_link_issues]: The current configuration does not include the footprint library 'antmicro-footprints'
    ; warning
    @(327.66 mm, 73.66 mm): Symbol R268 [R_0R_0402]
[lib_symbol_issues]: The current configuration does not include the symbol library 'antmicroResistors0402'
    ; warning
    @(327.66 mm, 73.66 mm): Symbol R268 [R_0R_0402]
[footprint_link_issues]: The current configuration does not include the footprint library 'antmicro-footprints'
    ; warning
    @(328.93 mm, 148.59 mm): Symbol C129 [C_22u_16V_0603]
[lib_symbol_issues]: The current configuration does not include the symbol library 'antmicroCapacitors0603'
    ; warning
    @(328.93 mm, 148.59 mm): Symbol C129 [C_22u_16V_0603]
[lib_symbol_issues]: The current configuration does not include the symbol library 'antmicropower'
    ; warning
    @(328.93 mm, 154.94 mm): Symbol #PWR0196 [GND]
[footprint_link_issues]: The current configuration does not include the footprint library 'antmicro-footprints'
    ; warning
    @(328.93 mm, 207.01 mm): Symbol C128 [C_22u_16V_0603]
[lib_symbol_issues]: The current configuration does not include the symbol library 'antmicroCapacitors0603'
    ; warning
    @(328.93 mm, 207.01 mm): Symbol C128 [C_22u_16V_0603]
[lib_symbol_issues]: The current configuration does not include the symbol library 'antmicropower'
    ; warning
    @(328.93 mm, 213.36 mm): Symbol #PWR0345 [GND]
[lib_symbol_issues]: The current configuration does not include the symbol library 'antmicropower'
    ; warning
    @(330.20 mm, 38.10 mm): Symbol #PWR058 [GND]
[footprint_link_issues]: The current configuration does not include the footprint library 'antmicro-footprints'
    ; warning
    @(331.47 mm, 30.48 mm): Symbol U41 [NCP730BMT330_WSON]
[lib_symbol_issues]: The current configuration does not include the symbol library 'antmicroPMICVoltageRegulatorsLinear'
    ; warning
    @(331.47 mm, 30.48 mm): Symbol U41 [NCP730BMT330_WSON]
[footprint_link_issues]: The current configuration does not include the footprint library 'antmicro-footprints'
    ; warning
    @(336.55 mm, 148.59 mm): Symbol C153 [C_22u_16V_0603]
[lib_symbol_issues]: The current configuration does not include the symbol library 'antmicroCapacitors0603'
    ; warning
    @(336.55 mm, 148.59 mm): Symbol C153 [C_22u_16V_0603]
[lib_symbol_issues]: The current configuration does not include the symbol library 'antmicropower'
    ; warning
    @(336.55 mm, 154.94 mm): Symbol #PWR0317 [GND]
[footprint_link_issues]: The current configuration does not include the footprint library 'antmicro-footprints'
    ; warning
    @(336.55 mm, 207.01 mm): Symbol C154 [C_22u_16V_0603]
[lib_symbol_issues]: The current configuration does not include the symbol library 'antmicroCapacitors0603'
    ; warning
    @(336.55 mm, 207.01 mm): Symbol C154 [C_22u_16V_0603]
[lib_symbol_issues]: The current configuration does not include the symbol library 'antmicropower'
    ; warning
    @(336.55 mm, 213.36 mm): Symbol #PWR0348 [GND]
[footprint_link_issues]: The current configuration does not include the footprint library 'antmicro-footprints'
    ; warning
    @(339.09 mm, 71.12 mm): Symbol U42 [TPS7A0518P_SOT23-5]
[lib_symbol_issues]: The current configuration does not include the symbol library 'antmicroPMICVoltageRegulatorsLinear'
    ; warning
    @(339.09 mm, 71.12 mm): Symbol U42 [TPS7A0518P_SOT23-5]
[footprint_link_issues]: The current configuration does not include the footprint library 'antmicro-footprints'
    ; warning
    @(344.17 mm, 134.62 mm): Symbol R172 [R_0R_22.4A_0603]
[lib_symbol_issues]: The current configuration does not include the symbol library 'antmicroResistors0603'
    ; warning
    @(344.17 mm, 134.62 mm): Symbol R172 [R_0R_22.4A_0603]
[footprint_link_issues]: The current configuration does not include the footprint library 'antmicro-footprints'
    ; warning
    @(344.17 mm, 193.04 mm): Symbol R178 [R_0R_22.4A_0603]
[lib_symbol_issues]: The current configuration does not include the symbol library 'antmicroResistors0603'
    ; warning
    @(344.17 mm, 193.04 mm): Symbol R178 [R_0R_22.4A_0603]
[lib_symbol_issues]: The current configuration does not include the symbol library 'antmicropower'
    ; warning
    @(346.71 mm, 116.84 mm): Symbol #FLG04 [PWR_FLAG]
[lib_symbol_issues]: The current configuration does not include the symbol library 'antmicropower'
    ; warning
    @(347.98 mm, 38.10 mm): Symbol #PWR0176 [GND]
[footprint_link_issues]: The current configuration does not include the footprint library 'antmicro-footprints'
    ; warning
    @(355.60 mm, 36.83 mm): Symbol C137 [C_10u_0402]
[lib_symbol_issues]: The current configuration does not include the symbol library 'antmicroCapacitors0402'
    ; warning
    @(355.60 mm, 36.83 mm): Symbol C137 [C_10u_0402]
[lib_symbol_issues]: The current configuration does not include the symbol library 'antmicropower'
    ; warning
    @(355.60 mm, 38.10 mm): Symbol #PWR059 [GND]
[lib_symbol_issues]: The current configuration does not include the symbol library 'antmicropower'
    ; warning
    @(355.60 mm, 78.74 mm): Symbol #PWR064 [GND]
[lib_symbol_issues]: The current configuration does not include the symbol library 'antmicropower'
    ; warning
    @(355.60 mm, 190.50 mm): Symbol #FLG06 [PWR_FLAG]
[lib_symbol_issues]: The current configuration does not include the symbol library 'antmicropower'
    ; warning
    @(358.14 mm, 116.84 mm): Symbol #PWR0373 [+5V]
[footprint_link_issues]: The current configuration does not include the footprint library 'antmicro-footprints'
    ; warning
    @(358.14 mm, 135.89 mm): Symbol D32 [ESD9X5.0ST5G]
[lib_symbol_issues]: The current configuration does not include the symbol library 'antmicroTVSDiodes'
    ; warning
    @(358.14 mm, 135.89 mm): Symbol D32 [ESD9X5.0ST5G]
[lib_symbol_issues]: The current configuration does not include the symbol library 'antmicropower'
    ; warning
    @(358.14 mm, 142.24 mm): Symbol #PWR0318 [GND]
[footprint_link_issues]: The current configuration does not include the footprint library 'antmicro-footprints'
    ; warning
    @(360.68 mm, 201.93 mm): Symbol D33 [ESD9X5.0ST5G]
[lib_symbol_issues]: The current configuration does not include the symbol library 'antmicroTVSDiodes'
    ; warning
    @(360.68 mm, 201.93 mm): Symbol D33 [ESD9X5.0ST5G]
[lib_symbol_issues]: The current configuration does not include the symbol library 'antmicropower'
    ; warning
    @(360.68 mm, 213.36 mm): Symbol #PWR0349 [GND]
[footprint_link_issues]: The current configuration does not include the footprint library 'antmicro-footprints'
    ; warning
    @(363.22 mm, 140.97 mm): Symbol R181 [R_10k_0402]
[lib_symbol_issues]: The current configuration does not include the symbol library 'antmicroResistors0402'
    ; warning
    @(363.22 mm, 140.97 mm): Symbol R181 [R_10k_0402]
[footprint_link_issues]: The current configuration does not include the footprint library 'antmicro-footprints'
    ; warning
    @(365.76 mm, 30.48 mm): Symbol R273 [R_0R_0603]
[lib_symbol_issues]: The current configuration does not include the symbol library 'antmicroResistors0603'
    ; warning
    @(365.76 mm, 30.48 mm): Symbol R273 [R_0R_0603]
[footprint_link_issues]: The current configuration does not include the footprint library 'antmicro-footprints'
    ; warning
    @(365.76 mm, 77.47 mm): Symbol C142 [C_1u_0402]
[lib_symbol_issues]: The current configuration does not include the symbol library 'antmicroCapacitors0402'
    ; warning
    @(365.76 mm, 77.47 mm): Symbol C142 [C_1u_0402]
[lib_symbol_issues]: The current configuration does not include the symbol library 'antmicropower'
    ; warning
    @(365.76 mm, 78.74 mm): Symbol #PWR0281 [GND]
[lib_symbol_issues]: The current configuration does not include the symbol library 'antmicropower'
    ; warning
    @(365.76 mm, 190.50 mm): Symbol #PWR0292 [+3V3]
[footprint_link_issues]: The current configuration does not include the footprint library 'antmicro-footprints'
    ; warning
    @(367.03 mm, 193.04 mm): Symbol TP54 [TP_0.75mm_SMD]
[lib_symbol_issues]: The current configuration does not include the symbol library 'antmicroTestPoints'
    ; warning
    @(367.03 mm, 193.04 mm): Symbol TP54 [TP_0.75mm_SMD]
[footprint_link_issues]: The current configuration does not include the footprint library 'antmicro-footprints'
    ; warning
    @(368.30 mm, 152.40 mm): Symbol Q5 [PJE138K]
[lib_symbol_issues]: The current configuration does not include the symbol library 'antmicroTransistorsFETsMOSFETsSingle'
    ; warning
    @(368.30 mm, 152.40 mm): Symbol Q5 [PJE138K]
[footprint_link_issues]: The current configuration does not include the footprint library 'antmicro-footprints'
    ; warning
    @(373.38 mm, 71.12 mm): Symbol R276 [R_0R_0603]
[lib_symbol_issues]: The current configuration does not include the symbol library 'antmicroResistors0603'
    ; warning
    @(373.38 mm, 71.12 mm): Symbol R276 [R_0R_0603]
[footprint_link_issues]: The current configuration does not include the footprint library 'antmicro-footprints'
    ; warning
    @(374.65 mm, 121.92 mm): Symbol R182 [R_0R_22.4A_0603]
[lib_symbol_issues]: The current configuration does not include the symbol library 'antmicroResistors0603'
    ; warning
    @(374.65 mm, 121.92 mm): Symbol R182 [R_0R_22.4A_0603]
[footprint_link_issues]: The current configuration does not include the footprint library 'antmicro-footprints'
    ; warning
    @(374.65 mm, 142.24 mm): Symbol Q6 [SSM3J332R]
[lib_symbol_issues]: The current configuration does not include the symbol library 'antmicroTransistorsFETsMOSFETsSingle'
    ; warning
    @(374.65 mm, 142.24 mm): Symbol Q6 [SSM3J332R]
[lib_symbol_issues]: The current configuration does not include the symbol library 'antmicropower'
    ; warning
    @(374.65 mm, 156.21 mm): Symbol #PWR0288 [GND]
[lib_symbol_issues]: The current configuration does not include the symbol library 'antmicropower'
    ; warning
    @(382.27 mm, 26.67 mm): Symbol #FLG01 [PWR_FLAG]
[footprint_link_issues]: The current configuration does not include the footprint library 'antmicro-footprints'
    ; warning
    @(382.27 mm, 31.75 mm): Symbol D30 [ESD9X5.0ST5G]
[lib_symbol_issues]: The current configuration does not include the symbol library 'antmicroTVSDiodes'
    ; warning
    @(382.27 mm, 31.75 mm): Symbol D30 [ESD9X5.0ST5G]
[lib_symbol_issues]: The current configuration does not include the symbol library 'antmicropower'
    ; warning
    @(382.27 mm, 38.10 mm): Symbol #PWR0251 [GND]
[footprint_link_issues]: The current configuration does not include the footprint library 'antmicro-footprints'
    ; warning
    @(383.54 mm, 27.94 mm): Symbol TP52 [TP_0.75mm_SMD]
[lib_symbol_issues]: The current configuration does not include the symbol library 'antmicroTestPoints'
    ; warning
    @(383.54 mm, 27.94 mm): Symbol TP52 [TP_0.75mm_SMD]
[lib_symbol_issues]: The current configuration does not include the symbol library 'antmicropower'
    ; warning
    @(386.08 mm, 67.31 mm): Symbol #FLG03 [PWR_FLAG]
[footprint_link_issues]: The current configuration does not include the footprint library 'antmicro-footprints'
    ; warning
    @(386.08 mm, 72.39 mm): Symbol D31 [ESD9X5.0ST5G]
[lib_symbol_issues]: The current configuration does not include the symbol library 'antmicroTVSDiodes'
    ; warning
    @(386.08 mm, 72.39 mm): Symbol D31 [ESD9X5.0ST5G]
[lib_symbol_issues]: The current configuration does not include the symbol library 'antmicropower'
    ; warning
    @(386.08 mm, 78.74 mm): Symbol #PWR0143 [GND]
[lib_symbol_issues]: The current configuration does not include the symbol library 'antmicropower'
    ; warning
    @(386.08 mm, 116.84 mm): Symbol #PWR0267 [+5V]
[footprint_link_issues]: The current configuration does not include the footprint library 'antmicro-footprints'
    ; warning
    @(387.35 mm, 68.58 mm): Symbol TP55 [TP_0.75mm_SMD]
[lib_symbol_issues]: The current configuration does not include the symbol library 'antmicroTestPoints'
    ; warning
    @(387.35 mm, 68.58 mm): Symbol TP55 [TP_0.75mm_SMD]
[footprint_link_issues]: The current configuration does not include the footprint library 'antmicro-footprints'
    ; warning
    @(388.62 mm, 134.62 mm): Symbol TP53 [TP_0.75mm_SMD]
[lib_symbol_issues]: The current configuration does not include the symbol library 'antmicroTestPoints'
    ; warning
    @(388.62 mm, 134.62 mm): Symbol TP53 [TP_0.75mm_SMD]
[lib_symbol_issues]: The current configuration does not include the symbol library 'antmicropower'
    ; warning
    @(393.70 mm, 116.84 mm): Symbol #FLG05 [PWR_FLAG]
[lib_symbol_issues]: The current configuration does not include the symbol library 'antmicropower'
    ; warning
    @(397.51 mm, 67.31 mm): Symbol #PWR0293 [+1V8]
[footprint_link_issues]: The current configuration does not include the footprint library 'Package_SON'
    ; warning
    @(55.88 mm, 99.06 mm): Symbol U1201 [LM5155]
[footprint_link_issues]: The current configuration does not include the footprint library 'Inductor_SMD'
    ; warning
    @(55.88 mm, 152.40 mm): Symbol L1201 [L]
[lib_symbol_issues]: The current configuration does not include the symbol library 'Device'
    ; warning
    @(55.88 mm, 152.40 mm): Symbol L1201 [L]
[footprint_link_issues]: The current configuration does not include the footprint library 'Capacitor_SMD'
    ; warning
    @(55.88 mm, 165.10 mm): Symbol C1204 [C]
[lib_symbol_issues]: The current configuration does not include the symbol library 'Device'
    ; warning
    @(55.88 mm, 165.10 mm): Symbol C1204 [C]
[footprint_link_issues]: The current configuration does not include the footprint library 'Resistor_SMD'
    ; warning
    @(55.88 mm, 177.80 mm): Symbol R1204 [R]
[lib_symbol_issues]: The current configuration does not include the symbol library 'Device'
    ; warning
    @(55.88 mm, 177.80 mm): Symbol R1204 [R]
[footprint_link_issues]: The current configuration does not include the footprint library 'Capacitor_SMD'
    ; warning
    @(55.88 mm, 190.50 mm): Symbol C1212 [C]
[lib_symbol_issues]: The current configuration does not include the symbol library 'Device'
    ; warning
    @(55.88 mm, 190.50 mm): Symbol C1212 [C]
[footprint_link_issues]: The current configuration does not include the footprint library 'Resistor_SMD'
    ; warning
    @(55.88 mm, 203.20 mm): Symbol R1211 [R]
[lib_symbol_issues]: The current configuration does not include the symbol library 'Device'
    ; warning
    @(55.88 mm, 203.20 mm): Symbol R1211 [R]
[footprint_link_issues]: The current configuration does not include the footprint library 'Resistor_SMD'
    ; warning
    @(55.88 mm, 215.90 mm): Symbol R1216 [R]
[lib_symbol_issues]: The current configuration does not include the symbol library 'Device'
    ; warning
    @(55.88 mm, 215.90 mm): Symbol R1216 [R]
[footprint_link_issues]: The current configuration does not include the footprint library 'Package_SON'
    ; warning
    @(111.76 mm, 93.98 mm): Symbol Q1201 [CSD19538Q3A]
[footprint_link_issues]: The current configuration does not include the footprint library 'Resistor_SMD'
    ; warning
    @(132.08 mm, 152.40 mm): Symbol R1201 [R]
[lib_symbol_issues]: The current configuration does not include the symbol library 'Device'
    ; warning
    @(132.08 mm, 152.40 mm): Symbol R1201 [R]
[footprint_link_issues]: The current configuration does not include the footprint library 'Capacitor_SMD'
    ; warning
    @(132.08 mm, 165.10 mm): Symbol C1205 [C_Polarized]
[lib_symbol_issues]: The current configuration does not include the symbol library 'Device'
    ; warning
    @(132.08 mm, 165.10 mm): Symbol C1205 [C_Polarized]
[footprint_link_issues]: The current configuration does not include the footprint library 'Resistor_SMD'
    ; warning
    @(132.08 mm, 177.80 mm): Symbol R1205 [R]
[lib_symbol_issues]: The current configuration does not include the symbol library 'Device'
    ; warning
    @(132.08 mm, 177.80 mm): Symbol R1205 [R]
[footprint_link_issues]: The current configuration does not include the footprint library 'Diode_SMD'
    ; warning
    @(132.08 mm, 190.50 mm): Symbol D1202 [D_TVS]
[lib_symbol_issues]: The current configuration does not include the symbol library 'Device'
    ; warning
    @(132.08 mm, 190.50 mm): Symbol D1202 [D_TVS]
[footprint_link_issues]: The current configuration does not include the footprint library 'Resistor_SMD'
    ; warning
    @(132.08 mm, 203.20 mm): Symbol R1212 [R]
[lib_symbol_issues]: The current configuration does not include the symbol library 'Device'
    ; warning
    @(132.08 mm, 203.20 mm): Symbol R1212 [R]
[footprint_link_issues]: The current configuration does not include the footprint library 'Capacitor_SMD'
    ; warning
    @(132.08 mm, 215.90 mm): Symbol C1217 [C]
[lib_symbol_issues]: The current configuration does not include the symbol library 'Device'
    ; warning
    @(132.08 mm, 215.90 mm): Symbol C1217 [C]
[footprint_link_issues]: The current configuration does not include the footprint library 'Package_SO'
    ; warning
    @(162.56 mm, 111.76 mm): Symbol U1202 [TPS23861]
[footprint_link_issues]: The current configuration does not include the footprint library 'Resistor_SMD'
    ; warning
    @(208.28 mm, 152.40 mm): Symbol R1202 [R]
[lib_symbol_issues]: The current configuration does not include the symbol library 'Device'
    ; warning
    @(208.28 mm, 152.40 mm): Symbol R1202 [R]
[footprint_link_issues]: The current configuration does not include the footprint library 'Capacitor_SMD'
    ; warning
    @(208.28 mm, 165.10 mm): Symbol C1206 [C]
[lib_symbol_issues]: The current configuration does not include the symbol library 'Device'
    ; warning
    @(208.28 mm, 165.10 mm): Symbol C1206 [C]
[footprint_link_issues]: The current configuration does not include the footprint library 'Resistor_SMD'
    ; warning
    @(208.28 mm, 177.80 mm): Symbol R1206 [R]
[lib_symbol_issues]: The current configuration does not include the symbol library 'Device'
    ; warning
    @(208.28 mm, 177.80 mm): Symbol R1206 [R]
[footprint_link_issues]: The current configuration does not include the footprint library 'Capacitor_SMD'
    ; warning
    @(208.28 mm, 190.50 mm): Symbol C1213 [C]
[lib_symbol_issues]: The current configuration does not include the symbol library 'Device'
    ; warning
    @(208.28 mm, 190.50 mm): Symbol C1213 [C]
[footprint_link_issues]: The current configuration does not include the footprint library 'Resistor_SMD'
    ; warning
    @(208.28 mm, 203.20 mm): Symbol R1213 [R]
[lib_symbol_issues]: The current configuration does not include the symbol library 'Device'
    ; warning
    @(208.28 mm, 203.20 mm): Symbol R1213 [R]
[footprint_link_issues]: The current configuration does not include the footprint library 'Package_SON'
    ; warning
    @(220.98 mm, 93.98 mm): Symbol Q1202 [CSD19538Q3A]
[footprint_link_issues]: The current configuration does not include the footprint library 'Capacitor_SMD'
    ; warning
    @(284.48 mm, 152.40 mm): Symbol C1201 [C]
[lib_symbol_issues]: The current configuration does not include the symbol library 'Device'
    ; warning
    @(284.48 mm, 152.40 mm): Symbol C1201 [C]
[footprint_link_issues]: The current configuration does not include the footprint library 'Capacitor_SMD'
    ; warning
    @(284.48 mm, 165.10 mm): Symbol C1207 [C]
[lib_symbol_issues]: The current configuration does not include the symbol library 'Device'
    ; warning
    @(284.48 mm, 165.10 mm): Symbol C1207 [C]
[footprint_link_issues]: The current configuration does not include the footprint library 'Resistor_SMD'
    ; warning
    @(284.48 mm, 177.80 mm): Symbol R1207 [R]
[lib_symbol_issues]: The current configuration does not include the symbol library 'Device'
    ; warning
    @(284.48 mm, 177.80 mm): Symbol R1207 [R]
[footprint_link_issues]: The current configuration does not include the footprint library 'Capacitor_SMD'
    ; warning
    @(284.48 mm, 190.50 mm): Symbol C1214 [C]
[lib_symbol_issues]: The current configuration does not include the symbol library 'Device'
    ; warning
    @(284.48 mm, 190.50 mm): Symbol C1214 [C]
[footprint_link_issues]: The current configuration does not include the footprint library 'Capacitor_SMD'
    ; warning
    @(284.48 mm, 203.20 mm): Symbol C1216 [C]
[lib_symbol_issues]: The current configuration does not include the symbol library 'Device'
    ; warning
    @(284.48 mm, 203.20 mm): Symbol C1216 [C]
[footprint_link_issues]: The current configuration does not include the footprint library 'Diode_SMD'
    ; warning
    @(360.68 mm, 152.40 mm): Symbol D1201 [D_Schottky]
[lib_symbol_issues]: The current configuration does not include the symbol library 'Device'
    ; warning
    @(360.68 mm, 152.40 mm): Symbol D1201 [D_Schottky]
[footprint_link_issues]: The current configuration does not include the footprint library 'Capacitor_SMD'
    ; warning
    @(360.68 mm, 165.10 mm): Symbol C1208 [C]
[lib_symbol_issues]: The current configuration does not include the symbol library 'Device'
    ; warning
    @(360.68 mm, 165.10 mm): Symbol C1208 [C]
[footprint_link_issues]: The current configuration does not include the footprint library 'Capacitor_SMD'
    ; warning
    @(360.68 mm, 177.80 mm): Symbol C1210 [C]
[lib_symbol_issues]: The current configuration does not include the symbol library 'Device'
    ; warning
    @(360.68 mm, 177.80 mm): Symbol C1210 [C]
[footprint_link_issues]: The current configuration does not include the footprint library 'Capacitor_SMD'
    ; warning
    @(360.68 mm, 190.50 mm): Symbol C1215 [C]
[lib_symbol_issues]: The current configuration does not include the symbol library 'Device'
    ; warning
    @(360.68 mm, 190.50 mm): Symbol C1215 [C]
[footprint_link_issues]: The current configuration does not include the footprint library 'Diode_SMD'
    ; warning
    @(360.68 mm, 203.20 mm): Symbol D1203 [D_TVS]
[lib_symbol_issues]: The current configuration does not include the symbol library 'Device'
    ; warning
    @(360.68 mm, 203.20 mm): Symbol D1203 [D_TVS]
[footprint_link_issues]: The current configuration does not include the footprint library 'Capacitor_SMD'
    ; warning
    @(436.88 mm, 152.40 mm): Symbol C1202 [C]
[lib_symbol_issues]: The current configuration does not include the symbol library 'Device'
    ; warning
    @(436.88 mm, 152.40 mm): Symbol C1202 [C]
[footprint_link_issues]: The current configuration does not include the footprint library 'Capacitor_SMD'
    ; warning
    @(436.88 mm, 165.10 mm): Symbol C1209 [C]
[lib_symbol_issues]: The current configuration does not include the symbol library 'Device'
    ; warning
    @(436.88 mm, 165.10 mm): Symbol C1209 [C]
[footprint_link_issues]: The current configuration does not include the footprint library 'Resistor_SMD'
    ; warning
    @(436.88 mm, 177.80 mm): Symbol R1208 [R]
[lib_symbol_issues]: The current configuration does not include the symbol library 'Device'
    ; warning
    @(436.88 mm, 177.80 mm): Symbol R1208 [R]
[footprint_link_issues]: The current configuration does not include the footprint library 'Resistor_SMD'
    ; warning
    @(436.88 mm, 190.50 mm): Symbol R1209 [R]
[lib_symbol_issues]: The current configuration does not include the symbol library 'Device'
    ; warning
    @(436.88 mm, 190.50 mm): Symbol R1209 [R]
[footprint_link_issues]: The current configuration does not include the footprint library 'Resistor_SMD'
    ; warning
    @(436.88 mm, 203.20 mm): Symbol R1214 [R]
[lib_symbol_issues]: The current configuration does not include the symbol library 'Device'
    ; warning
    @(436.88 mm, 203.20 mm): Symbol R1214 [R]
[footprint_link_issues]: The current configuration does not include the footprint library 'Capacitor_SMD'
    ; warning
    @(513.08 mm, 152.40 mm): Symbol C1203 [C]
[lib_symbol_issues]: The current configuration does not include the symbol library 'Device'
    ; warning
    @(513.08 mm, 152.40 mm): Symbol C1203 [C]
[footprint_link_issues]: The current configuration does not include the footprint library 'Resistor_SMD'
    ; warning
    @(513.08 mm, 165.10 mm): Symbol R1203 [R]
[lib_symbol_issues]: The current configuration does not include the symbol library 'Device'
    ; warning
    @(513.08 mm, 165.10 mm): Symbol R1203 [R]
[footprint_link_issues]: The current configuration does not include the footprint library 'Capacitor_SMD'
    ; warning
    @(513.08 mm, 177.80 mm): Symbol C1211 [C]
[lib_symbol_issues]: The current configuration does not include the symbol library 'Device'
    ; warning
    @(513.08 mm, 177.80 mm): Symbol C1211 [C]
[footprint_link_issues]: The current configuration does not include the footprint library 'Resistor_SMD'
    ; warning
    @(513.08 mm, 190.50 mm): Symbol R1210 [R]
[lib_symbol_issues]: The current configuration does not include the symbol library 'Device'
    ; warning
    @(513.08 mm, 190.50 mm): Symbol R1210 [R]
[footprint_link_issues]: The current configuration does not include the footprint library 'Resistor_SMD'
    ; warning
    @(513.08 mm, 203.20 mm): Symbol R1215 [R]
[lib_symbol_issues]: The current configuration does not include the symbol library 'Device'
    ; warning
    @(513.08 mm, 203.20 mm): Symbol R1215 [R]

***** Sheet /SoM/
[pin_not_connected]: Pin not connected
    ; error
    @(64.77 mm, 54.61 mm): Symbol J15 Pin 218 [GPIO12/PWM, Passive, Line]
[pin_not_connected]: Pin not connected
    ; error
    @(64.77 mm, 57.15 mm): Symbol J15 Pin 228 [GPIO13/PWM, Passive, Line]
[pin_not_connected]: Pin not connected
    ; error
    @(276.86 mm, 111.76 mm): Symbol J15 Pin 120 [CAM1_PWDN, Passive, Line]
[pin_not_connected]: Pin not connected
    ; error
    @(276.86 mm, 116.84 mm): Symbol J15 Pin 114 [CAM0_PWDN, Passive, Line]

***** Sheet /M.2/

***** Sheet /Atlas stack/
[power_pin_not_driven]: Input Power pin not driven by any Output Power pins
    ; error
    @(300.99 mm, 93.98 mm): Symbol U1001 Pin 7 [VCCB, Power input, Line]

***** Sheet /Atlas eFuse/
[power_pin_not_driven]: Input Power pin not driven by any Output Power pins
    ; error
    @(45.72 mm, 78.74 mm): Symbol U1101 Pin 5 [IN, Power input, Line]

***** Sheet /Atlas PoE/
[power_pin_not_driven]: Input Power pin not driven by any Output Power pins
    ; error
    @(163.83 mm, 88.90 mm): Symbol U1202 Pin 28 [VPWR, Power input, Line]

***** Sheet /Ethernet/
[power_pin_not_driven]: Input Power pin not driven by any Output Power pins
    ; error
    @(162.56 mm, 228.60 mm): Symbol #PWR0137 Pin 1 [GNDD, Power input, Line]
[pin_not_connected]: Pin not connected
    ; error
    @(231.14 mm, 218.44 mm): Symbol #PWR0141 Pin 1 [GNDD, Power input, Line]
[no_connect_dangling]: Unconnected "no connection" flag
    ; warning
    @(138.43 mm, 226.06 mm): No Connect
[no_connect_dangling]: Unconnected "no connection" flag
    ; warning
    @(160.02 mm, 218.44 mm): No Connect

***** Sheet /Atlas LAN/
[power_pin_not_driven]: Input Power pin not driven by any Output Power pins
    ; error
    @(72.39 mm, 83.82 mm): Symbol U1301 Pin 21 [VDD12CORE, Power input, Line]

***** Sheet /Peripherals/
[pin_not_connected]: Pin not connected
    ; error
    @(246.38 mm, 167.64 mm): Symbol #PWR0322 Hidden pin 1 [VCC, Power input, Line]
[no_connect_dangling]: Unconnected "no connection" flag
    ; warning
    @(74.93 mm, 232.41 mm): No Connect
[no_connect_dangling]: Unconnected "no connection" flag
    ; warning
    @(74.93 mm, 240.03 mm): No Connect
[no_connect_dangling]: Unconnected "no connection" flag
    ; warning
    @(78.74 mm, 265.43 mm): No Connect
[no_connect_dangling]: Unconnected "no connection" flag
    ; warning
    @(88.90 mm, 265.43 mm): No Connect
[no_connect_dangling]: Unconnected "no connection" flag
    ; warning
    @(121.92 mm, 161.29 mm): No Connect
[no_connect_dangling]: Unconnected "no connection" flag
    ; warning
    @(121.92 mm, 163.83 mm): No Connect
[no_connect_dangling]: Unconnected "no connection" flag
    ; warning
    @(121.92 mm, 199.39 mm): No Connect
[no_connect_dangling]: Unconnected "no connection" flag
    ; warning
    @(132.08 mm, 161.29 mm): No Connect
[no_connect_dangling]: Unconnected "no connection" flag
    ; warning
    @(132.08 mm, 163.83 mm): No Connect
[no_connect_dangling]: Unconnected "no connection" flag
    ; warning
    @(132.08 mm, 199.39 mm): No Connect
[no_connect_dangling]: Unconnected "no connection" flag
    ; warning
    @(189.23 mm, 196.85 mm): No Connect
[no_connect_dangling]: Unconnected "no connection" flag
    ; warning
    @(189.23 mm, 199.39 mm): No Connect
[no_connect_dangling]: Unconnected "no connection" flag
    ; warning
    @(199.39 mm, 196.85 mm): No Connect
[no_connect_dangling]: Unconnected "no connection" flag
    ; warning
    @(199.39 mm, 199.39 mm): No Connect

***** Sheet /Supply/

 ** ERC messages: 1598  Errors 148  Warnings 1450

 ** Ignored checks:
    - Global label only appears once in the schematic
    - Four connection points are joined together
    - Conflict problem between pins
    - SPICE model issue
    - Assigned footprint doesn't match footprint filters
