ISO-10303-21;
HEADER;
FILE_DESCRIPTION(('Open CASCADE Model'),'2;1');
FILE_NAME('Open CASCADE Shape Model','2026-09-27T22:07:08',('Author'),(
    'Open CASCADE'),'Open CASCADE STEP processor 7.9','Open CASCADE 7.9'
  ,'Unknown');
FILE_SCHEMA(('AUTOMOTIVE_DESIGN { 1 0 10303 214 1 1 1 1 }'));
ENDSEC;
DATA;
#1 = APPLICATION_PROTOCOL_DEFINITION('international standard',
  'automotive_design',2000,#2);
#2 = APPLICATION_CONTEXT(
  'core data for automotive mechanical design processes');
#3 = SHAPE_DEFINITION_REPRESENTATION(#4,#10);
#4 = PRODUCT_DEFINITION_SHAPE('','',#5);
#5 = PRODUCT_DEFINITION('design','',#6,#9);
#6 = PRODUCT_DEFINITION_FORMATION('','',#7);
#7 = PRODUCT('Open CASCADE STEP translator 7.9 18',
  'Open CASCADE STEP translator 7.9 18','',(#8));
#8 = PRODUCT_CONTEXT('',#2,'mechanical');
#9 = PRODUCT_DEFINITION_CONTEXT('part definition',#2,'design');
#10 = ADVANCED_BREP_SHAPE_REPRESENTATION('',(#11,#15),#7811);
#11 = AXIS2_PLACEMENT_3D('',#12,#13,#14);
#12 = CARTESIAN_POINT('',(0.,0.,0.));
#13 = DIRECTION('',(0.,0.,1.));
#14 = DIRECTION('',(1.,0.,-0.));
#15 = MANIFOLD_SOLID_BREP('',#16);
#16 = CLOSED_SHELL('',(#17,#797,#873,#922,#1064,#1113,#1162,#1211,#1305,
    #1653,#2600,#2649,#2735,#2784,#2833,#2882,#2982,#3009,#3063,#3117,
    #3229,#3278,#4080,#4162,#4255,#4495,#4544,#4599,#4611,#4684,#4711,
    #4738,#4750,#4799,#4960,#4987,#5086,#5133,#5160,#5187,#5194,#5221,
    #5248,#5275,#5302,#5309,#5550,#5597,#5624,#5651,#5658,#5705,#5732,
    #5759,#5766,#5813,#5840,#5867,#5874,#5921,#5948,#5975,#5982,#6029,
    #6056,#6083,#6090,#6137,#6164,#6191,#6198,#6581,#7002,#7155,#7182,
    #7189,#7218,#7225,#7297,#7346,#7396,#7468,#7517,#7567,#7574,#7581,
    #7628,#7655,#7682,#7689,#7736,#7763,#7790,#7797,#7804));
#17 = ADVANCED_FACE('',(#18,#485,#520,#555),#32,.F.);
#18 = FACE_BOUND('',#19,.T.);
#19 = EDGE_LOOP('',(#20,#55,#83,#111,#139,#167,#195,#223,#251,#279,#312,
    #340,#373,#401,#430,#458));
#20 = ORIENTED_EDGE('',*,*,#21,.F.);
#21 = EDGE_CURVE('',#22,#24,#26,.T.);
#22 = VERTEX_POINT('',#23);
#23 = CARTESIAN_POINT('',(-101.,-76.01,0.));
#24 = VERTEX_POINT('',#25);
#25 = CARTESIAN_POINT('',(-99.34626579386,-76.01,0.));
#26 = SURFACE_CURVE('',#27,(#31,#43),.PCURVE_S1.);
#27 = LINE('',#28,#29);
#28 = CARTESIAN_POINT('',(-101.,-76.01,0.));
#29 = VECTOR('',#30,1.);
#30 = DIRECTION('',(1.,0.,-0.));
#31 = PCURVE('',#32,#37);
#32 = PLANE('',#33);
#33 = AXIS2_PLACEMENT_3D('',#34,#35,#36);
#34 = CARTESIAN_POINT('',(-105.,-76.,0.));
#35 = DIRECTION('',(-0.,-0.,1.));
#36 = DIRECTION('',(0.,1.,0.));
#37 = DEFINITIONAL_REPRESENTATION('',(#38),#42);
#38 = LINE('',#39,#40);
#39 = CARTESIAN_POINT('',(-1.000000000001E-02,-4.));
#40 = VECTOR('',#41,1.);
#41 = DIRECTION('',(-0.,-1.));
#42 = ( GEOMETRIC_REPRESENTATION_CONTEXT(2) 
PARAMETRIC_REPRESENTATION_CONTEXT() REPRESENTATION_CONTEXT('2D SPACE',''
  ) );
#43 = PCURVE('',#44,#49);
#44 = PLANE('',#45);
#45 = AXIS2_PLACEMENT_3D('',#46,#47,#48);
#46 = CARTESIAN_POINT('',(-101.,-76.01,0.));
#47 = DIRECTION('',(0.,-1.,0.));
#48 = DIRECTION('',(0.,0.,-1.));
#49 = DEFINITIONAL_REPRESENTATION('',(#50),#54);
#50 = LINE('',#51,#52);
#51 = CARTESIAN_POINT('',(-0.,0.));
#52 = VECTOR('',#53,1.);
#53 = DIRECTION('',(-0.,1.));
#54 = ( GEOMETRIC_REPRESENTATION_CONTEXT(2) 
PARAMETRIC_REPRESENTATION_CONTEXT() REPRESENTATION_CONTEXT('2D SPACE',''
  ) );
#55 = ORIENTED_EDGE('',*,*,#56,.F.);
#56 = EDGE_CURVE('',#57,#22,#59,.T.);
#57 = VERTEX_POINT('',#58);
#58 = CARTESIAN_POINT('',(-101.,-69.,0.));
#59 = SURFACE_CURVE('',#60,(#64,#71),.PCURVE_S1.);
#60 = LINE('',#61,#62);
#61 = CARTESIAN_POINT('',(-101.,-69.,0.));
#62 = VECTOR('',#63,1.);
#63 = DIRECTION('',(0.,-1.,0.));
#64 = PCURVE('',#32,#65);
#65 = DEFINITIONAL_REPRESENTATION('',(#66),#70);
#66 = LINE('',#67,#68);
#67 = CARTESIAN_POINT('',(7.,-4.));
#68 = VECTOR('',#69,1.);
#69 = DIRECTION('',(-1.,0.));
#70 = ( GEOMETRIC_REPRESENTATION_CONTEXT(2) 
PARAMETRIC_REPRESENTATION_CONTEXT() REPRESENTATION_CONTEXT('2D SPACE',''
  ) );
#71 = PCURVE('',#72,#77);
#72 = PLANE('',#73);
#73 = AXIS2_PLACEMENT_3D('',#74,#75,#76);
#74 = CARTESIAN_POINT('',(-101.,-69.,0.));
#75 = DIRECTION('',(1.,0.,-0.));
#76 = DIRECTION('',(0.,0.,-1.));
#77 = DEFINITIONAL_REPRESENTATION('',(#78),#82);
#78 = LINE('',#79,#80);
#79 = CARTESIAN_POINT('',(-0.,0.));
#80 = VECTOR('',#81,1.);
#81 = DIRECTION('',(-0.,-1.));
#82 = ( GEOMETRIC_REPRESENTATION_CONTEXT(2) 
PARAMETRIC_REPRESENTATION_CONTEXT() REPRESENTATION_CONTEXT('2D SPACE',''
  ) );
#83 = ORIENTED_EDGE('',*,*,#84,.T.);
#84 = EDGE_CURVE('',#57,#85,#87,.T.);
#85 = VERTEX_POINT('',#86);
#86 = CARTESIAN_POINT('',(-64.,-69.,0.));
#87 = SURFACE_CURVE('',#88,(#92,#99),.PCURVE_S1.);
#88 = LINE('',#89,#90);
#89 = CARTESIAN_POINT('',(-101.,-69.,0.));
#90 = VECTOR('',#91,1.);
#91 = DIRECTION('',(1.,0.,-0.));
#92 = PCURVE('',#32,#93);
#93 = DEFINITIONAL_REPRESENTATION('',(#94),#98);
#94 = LINE('',#95,#96);
#95 = CARTESIAN_POINT('',(7.,-4.));
#96 = VECTOR('',#97,1.);
#97 = DIRECTION('',(-0.,-1.));
#98 = ( GEOMETRIC_REPRESENTATION_CONTEXT(2) 
PARAMETRIC_REPRESENTATION_CONTEXT() REPRESENTATION_CONTEXT('2D SPACE',''
  ) );
#99 = PCURVE('',#100,#105);
#100 = PLANE('',#101);
#101 = AXIS2_PLACEMENT_3D('',#102,#103,#104);
#102 = CARTESIAN_POINT('',(-101.,-69.,0.));
#103 = DIRECTION('',(0.,-1.,0.));
#104 = DIRECTION('',(0.,0.,-1.));
#105 = DEFINITIONAL_REPRESENTATION('',(#106),#110);
#106 = LINE('',#107,#108);
#107 = CARTESIAN_POINT('',(-0.,0.));
#108 = VECTOR('',#109,1.);
#109 = DIRECTION('',(-0.,1.));
#110 = ( GEOMETRIC_REPRESENTATION_CONTEXT(2) 
PARAMETRIC_REPRESENTATION_CONTEXT() REPRESENTATION_CONTEXT('2D SPACE',''
  ) );
#111 = ORIENTED_EDGE('',*,*,#112,.T.);
#112 = EDGE_CURVE('',#85,#113,#115,.T.);
#113 = VERTEX_POINT('',#114);
#114 = CARTESIAN_POINT('',(-64.,-76.,0.));
#115 = SURFACE_CURVE('',#116,(#120,#127),.PCURVE_S1.);
#116 = LINE('',#117,#118);
#117 = CARTESIAN_POINT('',(-64.,-69.,0.));
#118 = VECTOR('',#119,1.);
#119 = DIRECTION('',(0.,-1.,0.));
#120 = PCURVE('',#32,#121);
#121 = DEFINITIONAL_REPRESENTATION('',(#122),#126);
#122 = LINE('',#123,#124);
#123 = CARTESIAN_POINT('',(7.,-41.));
#124 = VECTOR('',#125,1.);
#125 = DIRECTION('',(-1.,0.));
#126 = ( GEOMETRIC_REPRESENTATION_CONTEXT(2) 
PARAMETRIC_REPRESENTATION_CONTEXT() REPRESENTATION_CONTEXT('2D SPACE',''
  ) );
#127 = PCURVE('',#128,#133);
#128 = PLANE('',#129);
#129 = AXIS2_PLACEMENT_3D('',#130,#131,#132);
#130 = CARTESIAN_POINT('',(-64.,-69.,0.));
#131 = DIRECTION('',(1.,0.,-0.));
#132 = DIRECTION('',(0.,0.,-1.));
#133 = DEFINITIONAL_REPRESENTATION('',(#134),#138);
#134 = LINE('',#135,#136);
#135 = CARTESIAN_POINT('',(-0.,0.));
#136 = VECTOR('',#137,1.);
#137 = DIRECTION('',(-0.,-1.));
#138 = ( GEOMETRIC_REPRESENTATION_CONTEXT(2) 
PARAMETRIC_REPRESENTATION_CONTEXT() REPRESENTATION_CONTEXT('2D SPACE',''
  ) );
#139 = ORIENTED_EDGE('',*,*,#140,.T.);
#140 = EDGE_CURVE('',#113,#141,#143,.T.);
#141 = VERTEX_POINT('',#142);
#142 = CARTESIAN_POINT('',(84.,-76.,0.));
#143 = SURFACE_CURVE('',#144,(#148,#155),.PCURVE_S1.);
#144 = LINE('',#145,#146);
#145 = CARTESIAN_POINT('',(-105.,-76.,0.));
#146 = VECTOR('',#147,1.);
#147 = DIRECTION('',(1.,-0.,-0.));
#148 = PCURVE('',#32,#149);
#149 = DEFINITIONAL_REPRESENTATION('',(#150),#154);
#150 = LINE('',#151,#152);
#151 = CARTESIAN_POINT('',(-0.,-0.));
#152 = VECTOR('',#153,1.);
#153 = DIRECTION('',(-0.,-1.));
#154 = ( GEOMETRIC_REPRESENTATION_CONTEXT(2) 
PARAMETRIC_REPRESENTATION_CONTEXT() REPRESENTATION_CONTEXT('2D SPACE',''
  ) );
#155 = PCURVE('',#156,#161);
#156 = PLANE('',#157);
#157 = AXIS2_PLACEMENT_3D('',#158,#159,#160);
#158 = CARTESIAN_POINT('',(-105.,-76.,50.));
#159 = DIRECTION('',(-0.,-1.,-0.));
#160 = DIRECTION('',(0.,0.,1.));
#161 = DEFINITIONAL_REPRESENTATION('',(#162),#166);
#162 = LINE('',#163,#164);
#163 = CARTESIAN_POINT('',(-50.,0.));
#164 = VECTOR('',#165,1.);
#165 = DIRECTION('',(-0.,-1.));
#166 = ( GEOMETRIC_REPRESENTATION_CONTEXT(2) 
PARAMETRIC_REPRESENTATION_CONTEXT() REPRESENTATION_CONTEXT('2D SPACE',''
  ) );
#167 = ORIENTED_EDGE('',*,*,#168,.F.);
#168 = EDGE_CURVE('',#169,#141,#171,.T.);
#169 = VERTEX_POINT('',#170);
#170 = CARTESIAN_POINT('',(84.,-69.,0.));
#171 = SURFACE_CURVE('',#172,(#176,#183),.PCURVE_S1.);
#172 = LINE('',#173,#174);
#173 = CARTESIAN_POINT('',(84.,-69.,0.));
#174 = VECTOR('',#175,1.);
#175 = DIRECTION('',(0.,-1.,0.));
#176 = PCURVE('',#32,#177);
#177 = DEFINITIONAL_REPRESENTATION('',(#178),#182);
#178 = LINE('',#179,#180);
#179 = CARTESIAN_POINT('',(7.,-189.));
#180 = VECTOR('',#181,1.);
#181 = DIRECTION('',(-1.,0.));
#182 = ( GEOMETRIC_REPRESENTATION_CONTEXT(2) 
PARAMETRIC_REPRESENTATION_CONTEXT() REPRESENTATION_CONTEXT('2D SPACE',''
  ) );
#183 = PCURVE('',#184,#189);
#184 = PLANE('',#185);
#185 = AXIS2_PLACEMENT_3D('',#186,#187,#188);
#186 = CARTESIAN_POINT('',(84.,-69.,0.));
#187 = DIRECTION('',(1.,0.,-0.));
#188 = DIRECTION('',(0.,0.,-1.));
#189 = DEFINITIONAL_REPRESENTATION('',(#190),#194);
#190 = LINE('',#191,#192);
#191 = CARTESIAN_POINT('',(-0.,0.));
#192 = VECTOR('',#193,1.);
#193 = DIRECTION('',(-0.,-1.));
#194 = ( GEOMETRIC_REPRESENTATION_CONTEXT(2) 
PARAMETRIC_REPRESENTATION_CONTEXT() REPRESENTATION_CONTEXT('2D SPACE',''
  ) );
#195 = ORIENTED_EDGE('',*,*,#196,.T.);
#196 = EDGE_CURVE('',#169,#197,#199,.T.);
#197 = VERTEX_POINT('',#198);
#198 = CARTESIAN_POINT('',(116.,-69.,0.));
#199 = SURFACE_CURVE('',#200,(#204,#211),.PCURVE_S1.);
#200 = LINE('',#201,#202);
#201 = CARTESIAN_POINT('',(84.,-69.,0.));
#202 = VECTOR('',#203,1.);
#203 = DIRECTION('',(1.,0.,-0.));
#204 = PCURVE('',#32,#205);
#205 = DEFINITIONAL_REPRESENTATION('',(#206),#210);
#206 = LINE('',#207,#208);
#207 = CARTESIAN_POINT('',(7.,-189.));
#208 = VECTOR('',#209,1.);
#209 = DIRECTION('',(-0.,-1.));
#210 = ( GEOMETRIC_REPRESENTATION_CONTEXT(2) 
PARAMETRIC_REPRESENTATION_CONTEXT() REPRESENTATION_CONTEXT('2D SPACE',''
  ) );
#211 = PCURVE('',#212,#217);
#212 = PLANE('',#213);
#213 = AXIS2_PLACEMENT_3D('',#214,#215,#216);
#214 = CARTESIAN_POINT('',(84.,-69.,0.));
#215 = DIRECTION('',(0.,-1.,0.));
#216 = DIRECTION('',(0.,0.,-1.));
#217 = DEFINITIONAL_REPRESENTATION('',(#218),#222);
#218 = LINE('',#219,#220);
#219 = CARTESIAN_POINT('',(-0.,0.));
#220 = VECTOR('',#221,1.);
#221 = DIRECTION('',(-0.,1.));
#222 = ( GEOMETRIC_REPRESENTATION_CONTEXT(2) 
PARAMETRIC_REPRESENTATION_CONTEXT() REPRESENTATION_CONTEXT('2D SPACE',''
  ) );
#223 = ORIENTED_EDGE('',*,*,#224,.T.);
#224 = EDGE_CURVE('',#197,#225,#227,.T.);
#225 = VERTEX_POINT('',#226);
#226 = CARTESIAN_POINT('',(116.,-76.01,0.));
#227 = SURFACE_CURVE('',#228,(#232,#239),.PCURVE_S1.);
#228 = LINE('',#229,#230);
#229 = CARTESIAN_POINT('',(116.,-69.,0.));
#230 = VECTOR('',#231,1.);
#231 = DIRECTION('',(0.,-1.,0.));
#232 = PCURVE('',#32,#233);
#233 = DEFINITIONAL_REPRESENTATION('',(#234),#238);
#234 = LINE('',#235,#236);
#235 = CARTESIAN_POINT('',(7.,-221.));
#236 = VECTOR('',#237,1.);
#237 = DIRECTION('',(-1.,0.));
#238 = ( GEOMETRIC_REPRESENTATION_CONTEXT(2) 
PARAMETRIC_REPRESENTATION_CONTEXT() REPRESENTATION_CONTEXT('2D SPACE',''
  ) );
#239 = PCURVE('',#240,#245);
#240 = PLANE('',#241);
#241 = AXIS2_PLACEMENT_3D('',#242,#243,#244);
#242 = CARTESIAN_POINT('',(116.,-69.,0.));
#243 = DIRECTION('',(1.,0.,-0.));
#244 = DIRECTION('',(0.,0.,-1.));
#245 = DEFINITIONAL_REPRESENTATION('',(#246),#250);
#246 = LINE('',#247,#248);
#247 = CARTESIAN_POINT('',(-0.,0.));
#248 = VECTOR('',#249,1.);
#249 = DIRECTION('',(-0.,-1.));
#250 = ( GEOMETRIC_REPRESENTATION_CONTEXT(2) 
PARAMETRIC_REPRESENTATION_CONTEXT() REPRESENTATION_CONTEXT('2D SPACE',''
  ) );
#251 = ORIENTED_EDGE('',*,*,#252,.F.);
#252 = EDGE_CURVE('',#253,#225,#255,.T.);
#253 = VERTEX_POINT('',#254);
#254 = CARTESIAN_POINT('',(114.34626579386,-76.01,0.));
#255 = SURFACE_CURVE('',#256,(#260,#267),.PCURVE_S1.);
#256 = LINE('',#257,#258);
#257 = CARTESIAN_POINT('',(84.,-76.01,0.));
#258 = VECTOR('',#259,1.);
#259 = DIRECTION('',(1.,0.,-0.));
#260 = PCURVE('',#32,#261);
#261 = DEFINITIONAL_REPRESENTATION('',(#262),#266);
#262 = LINE('',#263,#264);
#263 = CARTESIAN_POINT('',(-1.000000000001E-02,-189.));
#264 = VECTOR('',#265,1.);
#265 = DIRECTION('',(-0.,-1.));
#266 = ( GEOMETRIC_REPRESENTATION_CONTEXT(2) 
PARAMETRIC_REPRESENTATION_CONTEXT() REPRESENTATION_CONTEXT('2D SPACE',''
  ) );
#267 = PCURVE('',#268,#273);
#268 = PLANE('',#269);
#269 = AXIS2_PLACEMENT_3D('',#270,#271,#272);
#270 = CARTESIAN_POINT('',(84.,-76.01,0.));
#271 = DIRECTION('',(0.,-1.,0.));
#272 = DIRECTION('',(0.,0.,-1.));
#273 = DEFINITIONAL_REPRESENTATION('',(#274),#278);
#274 = LINE('',#275,#276);
#275 = CARTESIAN_POINT('',(-0.,0.));
#276 = VECTOR('',#277,1.);
#277 = DIRECTION('',(-0.,1.));
#278 = ( GEOMETRIC_REPRESENTATION_CONTEXT(2) 
PARAMETRIC_REPRESENTATION_CONTEXT() REPRESENTATION_CONTEXT('2D SPACE',''
  ) );
#279 = ORIENTED_EDGE('',*,*,#280,.T.);
#280 = EDGE_CURVE('',#253,#281,#283,.T.);
#281 = VERTEX_POINT('',#282);
#282 = CARTESIAN_POINT('',(120.,-82.,0.));
#283 = SURFACE_CURVE('',#284,(#289,#300),.PCURVE_S1.);
#284 = CIRCLE('',#285,6.);
#285 = AXIS2_PLACEMENT_3D('',#286,#287,#288);
#286 = CARTESIAN_POINT('',(114.,-82.,0.));
#287 = DIRECTION('',(0.,0.,-1.));
#288 = DIRECTION('',(-0.,-1.,-0.));
#289 = PCURVE('',#32,#290);
#290 = DEFINITIONAL_REPRESENTATION('',(#291),#299);
#291 = ( BOUNDED_CURVE() B_SPLINE_CURVE(2,(#292,#293,#294,#295,#296,#297
,#298),.UNSPECIFIED.,.T.,.F.) B_SPLINE_CURVE_WITH_KNOTS((1,2,2,2,2,1),(
    -2.094395102393,0.,2.094395102393,4.188790204786,6.28318530718,
8.377580409573),.UNSPECIFIED.) CURVE() GEOMETRIC_REPRESENTATION_ITEM() 
RATIONAL_B_SPLINE_CURVE((1.,0.5,1.,0.5,1.,0.5,1.)) REPRESENTATION_ITEM(
  '') );
#292 = CARTESIAN_POINT('',(-12.,-219.));
#293 = CARTESIAN_POINT('',(-12.,-208.6076951545));
#294 = CARTESIAN_POINT('',(-3.,-213.8038475772));
#295 = CARTESIAN_POINT('',(6.,-219.));
#296 = CARTESIAN_POINT('',(-3.,-224.1961524227));
#297 = CARTESIAN_POINT('',(-12.,-229.3923048454));
#298 = CARTESIAN_POINT('',(-12.,-219.));
#299 = ( GEOMETRIC_REPRESENTATION_CONTEXT(2) 
PARAMETRIC_REPRESENTATION_CONTEXT() REPRESENTATION_CONTEXT('2D SPACE',''
  ) );
#300 = PCURVE('',#301,#306);
#301 = CYLINDRICAL_SURFACE('',#302,6.);
#302 = AXIS2_PLACEMENT_3D('',#303,#304,#305);
#303 = CARTESIAN_POINT('',(114.,-82.,50.));
#304 = DIRECTION('',(-0.,-0.,-1.));
#305 = DIRECTION('',(0.,1.,-0.));
#306 = DEFINITIONAL_REPRESENTATION('',(#307),#311);
#307 = LINE('',#308,#309);
#308 = CARTESIAN_POINT('',(-3.14159265359,50.));
#309 = VECTOR('',#310,1.);
#310 = DIRECTION('',(1.,0.));
#311 = ( GEOMETRIC_REPRESENTATION_CONTEXT(2) 
PARAMETRIC_REPRESENTATION_CONTEXT() REPRESENTATION_CONTEXT('2D SPACE',''
  ) );
#312 = ORIENTED_EDGE('',*,*,#313,.T.);
#313 = EDGE_CURVE('',#281,#314,#316,.T.);
#314 = VERTEX_POINT('',#315);
#315 = CARTESIAN_POINT('',(120.,-88.,0.));
#316 = SURFACE_CURVE('',#317,(#321,#328),.PCURVE_S1.);
#317 = LINE('',#318,#319);
#318 = CARTESIAN_POINT('',(120.,-76.,0.));
#319 = VECTOR('',#320,1.);
#320 = DIRECTION('',(-0.,-1.,-0.));
#321 = PCURVE('',#32,#322);
#322 = DEFINITIONAL_REPRESENTATION('',(#323),#327);
#323 = LINE('',#324,#325);
#324 = CARTESIAN_POINT('',(-0.,-225.));
#325 = VECTOR('',#326,1.);
#326 = DIRECTION('',(-1.,0.));
#327 = ( GEOMETRIC_REPRESENTATION_CONTEXT(2) 
PARAMETRIC_REPRESENTATION_CONTEXT() REPRESENTATION_CONTEXT('2D SPACE',''
  ) );
#328 = PCURVE('',#329,#334);
#329 = PLANE('',#330);
#330 = AXIS2_PLACEMENT_3D('',#331,#332,#333);
#331 = CARTESIAN_POINT('',(120.,-84.48628845666,23.709220585483));
#332 = DIRECTION('',(1.,-0.,-0.));
#333 = DIRECTION('',(0.,0.,-1.));
#334 = DEFINITIONAL_REPRESENTATION('',(#335),#339);
#335 = LINE('',#336,#337);
#336 = CARTESIAN_POINT('',(23.709220585483,8.486288456665));
#337 = VECTOR('',#338,1.);
#338 = DIRECTION('',(-0.,-1.));
#339 = ( GEOMETRIC_REPRESENTATION_CONTEXT(2) 
PARAMETRIC_REPRESENTATION_CONTEXT() REPRESENTATION_CONTEXT('2D SPACE',''
  ) );
#340 = ORIENTED_EDGE('',*,*,#341,.T.);
#341 = EDGE_CURVE('',#314,#342,#344,.T.);
#342 = VERTEX_POINT('',#343);
#343 = CARTESIAN_POINT('',(114.,-94.,0.));
#344 = SURFACE_CURVE('',#345,(#350,#361),.PCURVE_S1.);
#345 = CIRCLE('',#346,6.);
#346 = AXIS2_PLACEMENT_3D('',#347,#348,#349);
#347 = CARTESIAN_POINT('',(114.,-88.,0.));
#348 = DIRECTION('',(-0.,-0.,-1.));
#349 = DIRECTION('',(-0.,1.,-0.));
#350 = PCURVE('',#32,#351);
#351 = DEFINITIONAL_REPRESENTATION('',(#352),#360);
#352 = ( BOUNDED_CURVE() B_SPLINE_CURVE(2,(#353,#354,#355,#356,#357,#358
,#359),.UNSPECIFIED.,.T.,.F.) B_SPLINE_CURVE_WITH_KNOTS((1,2,2,2,2,1),(
    -2.094395102393,0.,2.094395102393,4.188790204786,6.28318530718,
8.377580409573),.UNSPECIFIED.) CURVE() GEOMETRIC_REPRESENTATION_ITEM() 
RATIONAL_B_SPLINE_CURVE((1.,0.5,1.,0.5,1.,0.5,1.)) REPRESENTATION_ITEM(
  '') );
#353 = CARTESIAN_POINT('',(-6.,-219.));
#354 = CARTESIAN_POINT('',(-6.,-229.3923048454));
#355 = CARTESIAN_POINT('',(-15.,-224.1961524227));
#356 = CARTESIAN_POINT('',(-24.,-219.));
#357 = CARTESIAN_POINT('',(-15.,-213.8038475772));
#358 = CARTESIAN_POINT('',(-6.,-208.6076951545));
#359 = CARTESIAN_POINT('',(-6.,-219.));
#360 = ( GEOMETRIC_REPRESENTATION_CONTEXT(2) 
PARAMETRIC_REPRESENTATION_CONTEXT() REPRESENTATION_CONTEXT('2D SPACE',''
  ) );
#361 = PCURVE('',#362,#367);
#362 = CYLINDRICAL_SURFACE('',#363,6.);
#363 = AXIS2_PLACEMENT_3D('',#364,#365,#366);
#364 = CARTESIAN_POINT('',(114.,-88.,0.));
#365 = DIRECTION('',(-0.,-0.,1.));
#366 = DIRECTION('',(1.,-0.,-0.));
#367 = DEFINITIONAL_REPRESENTATION('',(#368),#372);
#368 = LINE('',#369,#370);
#369 = CARTESIAN_POINT('',(1.570796326795,-0.));
#370 = VECTOR('',#371,1.);
#371 = DIRECTION('',(-1.,0.));
#372 = ( GEOMETRIC_REPRESENTATION_CONTEXT(2) 
PARAMETRIC_REPRESENTATION_CONTEXT() REPRESENTATION_CONTEXT('2D SPACE',''
  ) );
#373 = ORIENTED_EDGE('',*,*,#374,.F.);
#374 = EDGE_CURVE('',#375,#342,#377,.T.);
#375 = VERTEX_POINT('',#376);
#376 = CARTESIAN_POINT('',(-99.,-94.,0.));
#377 = SURFACE_CURVE('',#378,(#382,#389),.PCURVE_S1.);
#378 = LINE('',#379,#380);
#379 = CARTESIAN_POINT('',(-105.,-94.,0.));
#380 = VECTOR('',#381,1.);
#381 = DIRECTION('',(1.,-0.,-0.));
#382 = PCURVE('',#32,#383);
#383 = DEFINITIONAL_REPRESENTATION('',(#384),#388);
#384 = LINE('',#385,#386);
#385 = CARTESIAN_POINT('',(-18.,0.));
#386 = VECTOR('',#387,1.);
#387 = DIRECTION('',(-0.,-1.));
#388 = ( GEOMETRIC_REPRESENTATION_CONTEXT(2) 
PARAMETRIC_REPRESENTATION_CONTEXT() REPRESENTATION_CONTEXT('2D SPACE',''
  ) );
#389 = PCURVE('',#390,#395);
#390 = PLANE('',#391);
#391 = AXIS2_PLACEMENT_3D('',#392,#393,#394);
#392 = CARTESIAN_POINT('',(-105.,-94.,0.));
#393 = DIRECTION('',(-0.,1.,-0.));
#394 = DIRECTION('',(0.,0.,-1.));
#395 = DEFINITIONAL_REPRESENTATION('',(#396),#400);
#396 = LINE('',#397,#398);
#397 = CARTESIAN_POINT('',(-0.,-0.));
#398 = VECTOR('',#399,1.);
#399 = DIRECTION('',(-0.,-1.));
#400 = ( GEOMETRIC_REPRESENTATION_CONTEXT(2) 
PARAMETRIC_REPRESENTATION_CONTEXT() REPRESENTATION_CONTEXT('2D SPACE',''
  ) );
#401 = ORIENTED_EDGE('',*,*,#402,.F.);
#402 = EDGE_CURVE('',#403,#375,#405,.T.);
#403 = VERTEX_POINT('',#404);
#404 = CARTESIAN_POINT('',(-105.,-88.,0.));
#405 = SURFACE_CURVE('',#406,(#411,#418),.PCURVE_S1.);
#406 = CIRCLE('',#407,6.);
#407 = AXIS2_PLACEMENT_3D('',#408,#409,#410);
#408 = CARTESIAN_POINT('',(-99.,-88.,0.));
#409 = DIRECTION('',(-0.,0.,1.));
#410 = DIRECTION('',(-0.,1.,-0.));
#411 = PCURVE('',#32,#412);
#412 = DEFINITIONAL_REPRESENTATION('',(#413),#417);
#413 = CIRCLE('',#414,6.);
#414 = AXIS2_PLACEMENT_2D('',#415,#416);
#415 = CARTESIAN_POINT('',(-12.,-6.));
#416 = DIRECTION('',(1.,-0.));
#417 = ( GEOMETRIC_REPRESENTATION_CONTEXT(2) 
PARAMETRIC_REPRESENTATION_CONTEXT() REPRESENTATION_CONTEXT('2D SPACE',''
  ) );
#418 = PCURVE('',#419,#424);
#419 = CYLINDRICAL_SURFACE('',#420,6.);
#420 = AXIS2_PLACEMENT_3D('',#421,#422,#423);
#421 = CARTESIAN_POINT('',(-99.,-88.,0.));
#422 = DIRECTION('',(-0.,-0.,1.));
#423 = DIRECTION('',(-1.,-0.,-0.));
#424 = DEFINITIONAL_REPRESENTATION('',(#425),#429);
#425 = LINE('',#426,#427);
#426 = CARTESIAN_POINT('',(-1.570796326795,0.));
#427 = VECTOR('',#428,1.);
#428 = DIRECTION('',(1.,0.));
#429 = ( GEOMETRIC_REPRESENTATION_CONTEXT(2) 
PARAMETRIC_REPRESENTATION_CONTEXT() REPRESENTATION_CONTEXT('2D SPACE',''
  ) );
#430 = ORIENTED_EDGE('',*,*,#431,.F.);
#431 = EDGE_CURVE('',#432,#403,#434,.T.);
#432 = VERTEX_POINT('',#433);
#433 = CARTESIAN_POINT('',(-105.,-82.,0.));
#434 = SURFACE_CURVE('',#435,(#439,#446),.PCURVE_S1.);
#435 = LINE('',#436,#437);
#436 = CARTESIAN_POINT('',(-105.,-76.,0.));
#437 = VECTOR('',#438,1.);
#438 = DIRECTION('',(-0.,-1.,-0.));
#439 = PCURVE('',#32,#440);
#440 = DEFINITIONAL_REPRESENTATION('',(#441),#445);
#441 = LINE('',#442,#443);
#442 = CARTESIAN_POINT('',(-0.,-0.));
#443 = VECTOR('',#444,1.);
#444 = DIRECTION('',(-1.,0.));
#445 = ( GEOMETRIC_REPRESENTATION_CONTEXT(2) 
PARAMETRIC_REPRESENTATION_CONTEXT() REPRESENTATION_CONTEXT('2D SPACE',''
  ) );
#446 = PCURVE('',#447,#452);
#447 = PLANE('',#448);
#448 = AXIS2_PLACEMENT_3D('',#449,#450,#451);
#449 = CARTESIAN_POINT('',(-105.,-84.48628845666,23.709220585483));
#450 = DIRECTION('',(1.,-0.,-0.));
#451 = DIRECTION('',(0.,0.,-1.));
#452 = DEFINITIONAL_REPRESENTATION('',(#453),#457);
#453 = LINE('',#454,#455);
#454 = CARTESIAN_POINT('',(23.709220585483,8.486288456665));
#455 = VECTOR('',#456,1.);
#456 = DIRECTION('',(-0.,-1.));
#457 = ( GEOMETRIC_REPRESENTATION_CONTEXT(2) 
PARAMETRIC_REPRESENTATION_CONTEXT() REPRESENTATION_CONTEXT('2D SPACE',''
  ) );
#458 = ORIENTED_EDGE('',*,*,#459,.F.);
#459 = EDGE_CURVE('',#24,#432,#460,.T.);
#460 = SURFACE_CURVE('',#461,(#466,#473),.PCURVE_S1.);
#461 = CIRCLE('',#462,6.);
#462 = AXIS2_PLACEMENT_3D('',#463,#464,#465);
#463 = CARTESIAN_POINT('',(-99.,-82.,0.));
#464 = DIRECTION('',(0.,-0.,1.));
#465 = DIRECTION('',(-0.,-1.,-0.));
#466 = PCURVE('',#32,#467);
#467 = DEFINITIONAL_REPRESENTATION('',(#468),#472);
#468 = CIRCLE('',#469,6.);
#469 = AXIS2_PLACEMENT_2D('',#470,#471);
#470 = CARTESIAN_POINT('',(-6.,-6.));
#471 = DIRECTION('',(-1.,0.));
#472 = ( GEOMETRIC_REPRESENTATION_CONTEXT(2) 
PARAMETRIC_REPRESENTATION_CONTEXT() REPRESENTATION_CONTEXT('2D SPACE',''
  ) );
#473 = PCURVE('',#474,#479);
#474 = CYLINDRICAL_SURFACE('',#475,6.);
#475 = AXIS2_PLACEMENT_3D('',#476,#477,#478);
#476 = CARTESIAN_POINT('',(-99.,-82.,50.));
#477 = DIRECTION('',(-0.,-0.,-1.));
#478 = DIRECTION('',(0.,1.,-0.));
#479 = DEFINITIONAL_REPRESENTATION('',(#480),#484);
#480 = LINE('',#481,#482);
#481 = CARTESIAN_POINT('',(3.14159265359,50.));
#482 = VECTOR('',#483,1.);
#483 = DIRECTION('',(-1.,0.));
#484 = ( GEOMETRIC_REPRESENTATION_CONTEXT(2) 
PARAMETRIC_REPRESENTATION_CONTEXT() REPRESENTATION_CONTEXT('2D SPACE',''
  ) );
#485 = FACE_BOUND('',#486,.T.);
#486 = EDGE_LOOP('',(#487));
#487 = ORIENTED_EDGE('',*,*,#488,.F.);
#488 = EDGE_CURVE('',#489,#489,#491,.T.);
#489 = VERTEX_POINT('',#490);
#490 = CARTESIAN_POINT('',(106.7,-72.5,0.));
#491 = SURFACE_CURVE('',#492,(#497,#508),.PCURVE_S1.);
#492 = CIRCLE('',#493,1.7);
#493 = AXIS2_PLACEMENT_3D('',#494,#495,#496);
#494 = CARTESIAN_POINT('',(105.,-72.5,0.));
#495 = DIRECTION('',(0.,0.,-1.));
#496 = DIRECTION('',(1.,-0.,-0.));
#497 = PCURVE('',#32,#498);
#498 = DEFINITIONAL_REPRESENTATION('',(#499),#507);
#499 = ( BOUNDED_CURVE() B_SPLINE_CURVE(2,(#500,#501,#502,#503,#504,#505
,#506),.UNSPECIFIED.,.T.,.F.) B_SPLINE_CURVE_WITH_KNOTS((1,2,2,2,2,1),(
    -2.094395102393,0.,2.094395102393,4.188790204786,6.28318530718,
8.377580409573),.UNSPECIFIED.) CURVE() GEOMETRIC_REPRESENTATION_ITEM() 
RATIONAL_B_SPLINE_CURVE((1.,0.5,1.,0.5,1.,0.5,1.)) REPRESENTATION_ITEM(
  '') );
#500 = CARTESIAN_POINT('',(3.5,-211.7));
#501 = CARTESIAN_POINT('',(0.555513627133,-211.7));
#502 = CARTESIAN_POINT('',(2.027756813566,-209.15));
#503 = CARTESIAN_POINT('',(3.5,-206.6));
#504 = CARTESIAN_POINT('',(4.972243186434,-209.15));
#505 = CARTESIAN_POINT('',(6.444486372867,-211.7));
#506 = CARTESIAN_POINT('',(3.5,-211.7));
#507 = ( GEOMETRIC_REPRESENTATION_CONTEXT(2) 
PARAMETRIC_REPRESENTATION_CONTEXT() REPRESENTATION_CONTEXT('2D SPACE',''
  ) );
#508 = PCURVE('',#509,#514);
#509 = CYLINDRICAL_SURFACE('',#510,1.7);
#510 = AXIS2_PLACEMENT_3D('',#511,#512,#513);
#511 = CARTESIAN_POINT('',(105.,-72.5,-1.));
#512 = DIRECTION('',(-0.,-0.,1.));
#513 = DIRECTION('',(1.,-0.,-0.));
#514 = DEFINITIONAL_REPRESENTATION('',(#515),#519);
#515 = LINE('',#516,#517);
#516 = CARTESIAN_POINT('',(-0.,1.));
#517 = VECTOR('',#518,1.);
#518 = DIRECTION('',(-1.,0.));
#519 = ( GEOMETRIC_REPRESENTATION_CONTEXT(2) 
PARAMETRIC_REPRESENTATION_CONTEXT() REPRESENTATION_CONTEXT('2D SPACE',''
  ) );
#520 = FACE_BOUND('',#521,.T.);
#521 = EDGE_LOOP('',(#522));
#522 = ORIENTED_EDGE('',*,*,#523,.F.);
#523 = EDGE_CURVE('',#524,#524,#526,.T.);
#524 = VERTEX_POINT('',#525);
#525 = CARTESIAN_POINT('',(-86.3,-72.5,0.));
#526 = SURFACE_CURVE('',#527,(#532,#543),.PCURVE_S1.);
#527 = CIRCLE('',#528,1.7);
#528 = AXIS2_PLACEMENT_3D('',#529,#530,#531);
#529 = CARTESIAN_POINT('',(-88.,-72.5,0.));
#530 = DIRECTION('',(0.,0.,-1.));
#531 = DIRECTION('',(1.,-0.,-0.));
#532 = PCURVE('',#32,#533);
#533 = DEFINITIONAL_REPRESENTATION('',(#534),#542);
#534 = ( BOUNDED_CURVE() B_SPLINE_CURVE(2,(#535,#536,#537,#538,#539,#540
,#541),.UNSPECIFIED.,.T.,.F.) B_SPLINE_CURVE_WITH_KNOTS((1,2,2,2,2,1),(
    -2.094395102393,0.,2.094395102393,4.188790204786,6.28318530718,
8.377580409573),.UNSPECIFIED.) CURVE() GEOMETRIC_REPRESENTATION_ITEM() 
RATIONAL_B_SPLINE_CURVE((1.,0.5,1.,0.5,1.,0.5,1.)) REPRESENTATION_ITEM(
  '') );
#535 = CARTESIAN_POINT('',(3.5,-18.7));
#536 = CARTESIAN_POINT('',(0.555513627133,-18.7));
#537 = CARTESIAN_POINT('',(2.027756813566,-16.15));
#538 = CARTESIAN_POINT('',(3.5,-13.6));
#539 = CARTESIAN_POINT('',(4.972243186434,-16.15));
#540 = CARTESIAN_POINT('',(6.444486372867,-18.7));
#541 = CARTESIAN_POINT('',(3.5,-18.7));
#542 = ( GEOMETRIC_REPRESENTATION_CONTEXT(2) 
PARAMETRIC_REPRESENTATION_CONTEXT() REPRESENTATION_CONTEXT('2D SPACE',''
  ) );
#543 = PCURVE('',#544,#549);
#544 = CYLINDRICAL_SURFACE('',#545,1.7);
#545 = AXIS2_PLACEMENT_3D('',#546,#547,#548);
#546 = CARTESIAN_POINT('',(-88.,-72.5,-1.));
#547 = DIRECTION('',(-0.,-0.,1.));
#548 = DIRECTION('',(1.,-0.,-0.));
#549 = DEFINITIONAL_REPRESENTATION('',(#550),#554);
#550 = LINE('',#551,#552);
#551 = CARTESIAN_POINT('',(-0.,1.));
#552 = VECTOR('',#553,1.);
#553 = DIRECTION('',(-1.,0.));
#554 = ( GEOMETRIC_REPRESENTATION_CONTEXT(2) 
PARAMETRIC_REPRESENTATION_CONTEXT() REPRESENTATION_CONTEXT('2D SPACE',''
  ) );
#555 = FACE_BOUND('',#556,.T.);
#556 = EDGE_LOOP('',(#557,#592,#620,#653,#681,#714,#742,#771));
#557 = ORIENTED_EDGE('',*,*,#558,.F.);
#558 = EDGE_CURVE('',#559,#561,#563,.T.);
#559 = VERTEX_POINT('',#560);
#560 = CARTESIAN_POINT('',(117.6,-85.6,0.));
#561 = VERTEX_POINT('',#562);
#562 = CARTESIAN_POINT('',(111.6,-91.6,0.));
#563 = SURFACE_CURVE('',#564,(#569,#580),.PCURVE_S1.);
#564 = CIRCLE('',#565,6.);
#565 = AXIS2_PLACEMENT_3D('',#566,#567,#568);
#566 = CARTESIAN_POINT('',(111.6,-85.6,0.));
#567 = DIRECTION('',(-0.,-0.,-1.));
#568 = DIRECTION('',(-0.,1.,-0.));
#569 = PCURVE('',#32,#570);
#570 = DEFINITIONAL_REPRESENTATION('',(#571),#579);
#571 = ( BOUNDED_CURVE() B_SPLINE_CURVE(2,(#572,#573,#574,#575,#576,#577
,#578),.UNSPECIFIED.,.T.,.F.) B_SPLINE_CURVE_WITH_KNOTS((1,2,2,2,2,1),(
    -2.094395102393,0.,2.094395102393,4.188790204786,6.28318530718,
8.377580409573),.UNSPECIFIED.) CURVE() GEOMETRIC_REPRESENTATION_ITEM() 
RATIONAL_B_SPLINE_CURVE((1.,0.5,1.,0.5,1.,0.5,1.)) REPRESENTATION_ITEM(
  '') );
#572 = CARTESIAN_POINT('',(-3.6,-216.6));
#573 = CARTESIAN_POINT('',(-3.6,-226.9923048454));
#574 = CARTESIAN_POINT('',(-12.6,-221.7961524227));
#575 = CARTESIAN_POINT('',(-21.6,-216.6));
#576 = CARTESIAN_POINT('',(-12.6,-211.4038475772));
#577 = CARTESIAN_POINT('',(-3.6,-206.2076951545));
#578 = CARTESIAN_POINT('',(-3.6,-216.6));
#579 = ( GEOMETRIC_REPRESENTATION_CONTEXT(2) 
PARAMETRIC_REPRESENTATION_CONTEXT() REPRESENTATION_CONTEXT('2D SPACE',''
  ) );
#580 = PCURVE('',#581,#586);
#581 = CYLINDRICAL_SURFACE('',#582,6.);
#582 = AXIS2_PLACEMENT_3D('',#583,#584,#585);
#583 = CARTESIAN_POINT('',(111.6,-85.6,0.));
#584 = DIRECTION('',(-0.,-0.,1.));
#585 = DIRECTION('',(1.,-0.,-0.));
#586 = DEFINITIONAL_REPRESENTATION('',(#587),#591);
#587 = LINE('',#588,#589);
#588 = CARTESIAN_POINT('',(1.570796326795,-0.));
#589 = VECTOR('',#590,1.);
#590 = DIRECTION('',(-1.,0.));
#591 = ( GEOMETRIC_REPRESENTATION_CONTEXT(2) 
PARAMETRIC_REPRESENTATION_CONTEXT() REPRESENTATION_CONTEXT('2D SPACE',''
  ) );
#592 = ORIENTED_EDGE('',*,*,#593,.F.);
#593 = EDGE_CURVE('',#594,#559,#596,.T.);
#594 = VERTEX_POINT('',#595);
#595 = CARTESIAN_POINT('',(117.6,-84.4,0.));
#596 = SURFACE_CURVE('',#597,(#601,#608),.PCURVE_S1.);
#597 = LINE('',#598,#599);
#598 = CARTESIAN_POINT('',(117.6,-80.3202851732,0.));
#599 = VECTOR('',#600,1.);
#600 = DIRECTION('',(-0.,-1.,-0.));
#601 = PCURVE('',#32,#602);
#602 = DEFINITIONAL_REPRESENTATION('',(#603),#607);
#603 = LINE('',#604,#605);
#604 = CARTESIAN_POINT('',(-4.320285173208,-222.6));
#605 = VECTOR('',#606,1.);
#606 = DIRECTION('',(-1.,0.));
#607 = ( GEOMETRIC_REPRESENTATION_CONTEXT(2) 
PARAMETRIC_REPRESENTATION_CONTEXT() REPRESENTATION_CONTEXT('2D SPACE',''
  ) );
#608 = PCURVE('',#609,#614);
#609 = PLANE('',#610);
#610 = AXIS2_PLACEMENT_3D('',#611,#612,#613);
#611 = CARTESIAN_POINT('',(117.6,-84.64057034641,22.154008059085));
#612 = DIRECTION('',(1.,-0.,-0.));
#613 = DIRECTION('',(0.,0.,-1.));
#614 = DEFINITIONAL_REPRESENTATION('',(#615),#619);
#615 = LINE('',#616,#617);
#616 = CARTESIAN_POINT('',(22.154008059085,4.320285173208));
#617 = VECTOR('',#618,1.);
#618 = DIRECTION('',(-0.,-1.));
#619 = ( GEOMETRIC_REPRESENTATION_CONTEXT(2) 
PARAMETRIC_REPRESENTATION_CONTEXT() REPRESENTATION_CONTEXT('2D SPACE',''
  ) );
#620 = ORIENTED_EDGE('',*,*,#621,.F.);
#621 = EDGE_CURVE('',#622,#594,#624,.T.);
#622 = VERTEX_POINT('',#623);
#623 = CARTESIAN_POINT('',(111.6,-78.4,0.));
#624 = SURFACE_CURVE('',#625,(#630,#641),.PCURVE_S1.);
#625 = CIRCLE('',#626,6.);
#626 = AXIS2_PLACEMENT_3D('',#627,#628,#629);
#627 = CARTESIAN_POINT('',(111.6,-84.4,0.));
#628 = DIRECTION('',(0.,0.,-1.));
#629 = DIRECTION('',(-0.,-1.,-0.));
#630 = PCURVE('',#32,#631);
#631 = DEFINITIONAL_REPRESENTATION('',(#632),#640);
#632 = ( BOUNDED_CURVE() B_SPLINE_CURVE(2,(#633,#634,#635,#636,#637,#638
,#639),.UNSPECIFIED.,.T.,.F.) B_SPLINE_CURVE_WITH_KNOTS((1,2,2,2,2,1),(
    -2.094395102393,0.,2.094395102393,4.188790204786,6.28318530718,
8.377580409573),.UNSPECIFIED.) CURVE() GEOMETRIC_REPRESENTATION_ITEM() 
RATIONAL_B_SPLINE_CURVE((1.,0.5,1.,0.5,1.,0.5,1.)) REPRESENTATION_ITEM(
  '') );
#633 = CARTESIAN_POINT('',(-14.4,-216.6));
#634 = CARTESIAN_POINT('',(-14.4,-206.2076951545));
#635 = CARTESIAN_POINT('',(-5.4,-211.4038475772));
#636 = CARTESIAN_POINT('',(3.6,-216.6));
#637 = CARTESIAN_POINT('',(-5.4,-221.7961524227));
#638 = CARTESIAN_POINT('',(-14.4,-226.9923048454));
#639 = CARTESIAN_POINT('',(-14.4,-216.6));
#640 = ( GEOMETRIC_REPRESENTATION_CONTEXT(2) 
PARAMETRIC_REPRESENTATION_CONTEXT() REPRESENTATION_CONTEXT('2D SPACE',''
  ) );
#641 = PCURVE('',#642,#647);
#642 = CYLINDRICAL_SURFACE('',#643,6.);
#643 = AXIS2_PLACEMENT_3D('',#644,#645,#646);
#644 = CARTESIAN_POINT('',(111.6,-84.4,47.6));
#645 = DIRECTION('',(-0.,-0.,-1.));
#646 = DIRECTION('',(0.,1.,-0.));
#647 = DEFINITIONAL_REPRESENTATION('',(#648),#652);
#648 = LINE('',#649,#650);
#649 = CARTESIAN_POINT('',(-3.14159265359,47.6));
#650 = VECTOR('',#651,1.);
#651 = DIRECTION('',(1.,0.));
#652 = ( GEOMETRIC_REPRESENTATION_CONTEXT(2) 
PARAMETRIC_REPRESENTATION_CONTEXT() REPRESENTATION_CONTEXT('2D SPACE',''
  ) );
#653 = ORIENTED_EDGE('',*,*,#654,.T.);
#654 = EDGE_CURVE('',#622,#655,#657,.T.);
#655 = VERTEX_POINT('',#656);
#656 = CARTESIAN_POINT('',(-96.6,-78.4,0.));
#657 = SURFACE_CURVE('',#658,(#662,#669),.PCURVE_S1.);
#658 = LINE('',#659,#660);
#659 = CARTESIAN_POINT('',(-103.8,-78.4,0.));
#660 = VECTOR('',#661,1.);
#661 = DIRECTION('',(-1.,-0.,0.));
#662 = PCURVE('',#32,#663);
#663 = DEFINITIONAL_REPRESENTATION('',(#664),#668);
#664 = LINE('',#665,#666);
#665 = CARTESIAN_POINT('',(-2.4,-1.2));
#666 = VECTOR('',#667,1.);
#667 = DIRECTION('',(-0.,1.));
#668 = ( GEOMETRIC_REPRESENTATION_CONTEXT(2) 
PARAMETRIC_REPRESENTATION_CONTEXT() REPRESENTATION_CONTEXT('2D SPACE',''
  ) );
#669 = PCURVE('',#670,#675);
#670 = PLANE('',#671);
#671 = AXIS2_PLACEMENT_3D('',#672,#673,#674);
#672 = CARTESIAN_POINT('',(-102.6,-78.4,47.6));
#673 = DIRECTION('',(-0.,-1.,-0.));
#674 = DIRECTION('',(0.,0.,1.));
#675 = DEFINITIONAL_REPRESENTATION('',(#676),#680);
#676 = LINE('',#677,#678);
#677 = CARTESIAN_POINT('',(-47.6,1.2));
#678 = VECTOR('',#679,1.);
#679 = DIRECTION('',(-0.,1.));
#680 = ( GEOMETRIC_REPRESENTATION_CONTEXT(2) 
PARAMETRIC_REPRESENTATION_CONTEXT() REPRESENTATION_CONTEXT('2D SPACE',''
  ) );
#681 = ORIENTED_EDGE('',*,*,#682,.F.);
#682 = EDGE_CURVE('',#683,#655,#685,.T.);
#683 = VERTEX_POINT('',#684);
#684 = CARTESIAN_POINT('',(-102.6,-84.4,0.));
#685 = SURFACE_CURVE('',#686,(#691,#702),.PCURVE_S1.);
#686 = CIRCLE('',#687,6.);
#687 = AXIS2_PLACEMENT_3D('',#688,#689,#690);
#688 = CARTESIAN_POINT('',(-96.6,-84.4,0.));
#689 = DIRECTION('',(0.,0.,-1.));
#690 = DIRECTION('',(-0.,-1.,-0.));
#691 = PCURVE('',#32,#692);
#692 = DEFINITIONAL_REPRESENTATION('',(#693),#701);
#693 = ( BOUNDED_CURVE() B_SPLINE_CURVE(2,(#694,#695,#696,#697,#698,#699
,#700),.UNSPECIFIED.,.T.,.F.) B_SPLINE_CURVE_WITH_KNOTS((1,2,2,2,2,1),(
    -2.094395102393,0.,2.094395102393,4.188790204786,6.28318530718,
8.377580409573),.UNSPECIFIED.) CURVE() GEOMETRIC_REPRESENTATION_ITEM() 
RATIONAL_B_SPLINE_CURVE((1.,0.5,1.,0.5,1.,0.5,1.)) REPRESENTATION_ITEM(
  '') );
#694 = CARTESIAN_POINT('',(-14.4,-8.4));
#695 = CARTESIAN_POINT('',(-14.4,1.992304845413));
#696 = CARTESIAN_POINT('',(-5.4,-3.203847577293));
#697 = CARTESIAN_POINT('',(3.6,-8.4));
#698 = CARTESIAN_POINT('',(-5.4,-13.5961524227));
#699 = CARTESIAN_POINT('',(-14.4,-18.79230484541));
#700 = CARTESIAN_POINT('',(-14.4,-8.4));
#701 = ( GEOMETRIC_REPRESENTATION_CONTEXT(2) 
PARAMETRIC_REPRESENTATION_CONTEXT() REPRESENTATION_CONTEXT('2D SPACE',''
  ) );
#702 = PCURVE('',#703,#708);
#703 = CYLINDRICAL_SURFACE('',#704,6.);
#704 = AXIS2_PLACEMENT_3D('',#705,#706,#707);
#705 = CARTESIAN_POINT('',(-96.6,-84.4,47.6));
#706 = DIRECTION('',(-0.,-0.,-1.));
#707 = DIRECTION('',(-1.,0.,-0.));
#708 = DEFINITIONAL_REPRESENTATION('',(#709),#713);
#709 = LINE('',#710,#711);
#710 = CARTESIAN_POINT('',(-1.570796326795,47.6));
#711 = VECTOR('',#712,1.);
#712 = DIRECTION('',(1.,0.));
#713 = ( GEOMETRIC_REPRESENTATION_CONTEXT(2) 
PARAMETRIC_REPRESENTATION_CONTEXT() REPRESENTATION_CONTEXT('2D SPACE',''
  ) );
#714 = ORIENTED_EDGE('',*,*,#715,.T.);
#715 = EDGE_CURVE('',#683,#716,#718,.T.);
#716 = VERTEX_POINT('',#717);
#717 = CARTESIAN_POINT('',(-102.6,-85.6,0.));
#718 = SURFACE_CURVE('',#719,(#723,#730),.PCURVE_S1.);
#719 = LINE('',#720,#721);
#720 = CARTESIAN_POINT('',(-102.6,-80.3202851732,0.));
#721 = VECTOR('',#722,1.);
#722 = DIRECTION('',(-0.,-1.,-0.));
#723 = PCURVE('',#32,#724);
#724 = DEFINITIONAL_REPRESENTATION('',(#725),#729);
#725 = LINE('',#726,#727);
#726 = CARTESIAN_POINT('',(-4.320285173208,-2.4));
#727 = VECTOR('',#728,1.);
#728 = DIRECTION('',(-1.,0.));
#729 = ( GEOMETRIC_REPRESENTATION_CONTEXT(2) 
PARAMETRIC_REPRESENTATION_CONTEXT() REPRESENTATION_CONTEXT('2D SPACE',''
  ) );
#730 = PCURVE('',#731,#736);
#731 = PLANE('',#732);
#732 = AXIS2_PLACEMENT_3D('',#733,#734,#735);
#733 = CARTESIAN_POINT('',(-102.6,-84.64057034641,22.154008059085));
#734 = DIRECTION('',(1.,-0.,-0.));
#735 = DIRECTION('',(0.,0.,-1.));
#736 = DEFINITIONAL_REPRESENTATION('',(#737),#741);
#737 = LINE('',#738,#739);
#738 = CARTESIAN_POINT('',(22.154008059085,4.320285173208));
#739 = VECTOR('',#740,1.);
#740 = DIRECTION('',(-0.,-1.));
#741 = ( GEOMETRIC_REPRESENTATION_CONTEXT(2) 
PARAMETRIC_REPRESENTATION_CONTEXT() REPRESENTATION_CONTEXT('2D SPACE',''
  ) );
#742 = ORIENTED_EDGE('',*,*,#743,.T.);
#743 = EDGE_CURVE('',#716,#744,#746,.T.);
#744 = VERTEX_POINT('',#745);
#745 = CARTESIAN_POINT('',(-96.6,-91.6,0.));
#746 = SURFACE_CURVE('',#747,(#752,#759),.PCURVE_S1.);
#747 = CIRCLE('',#748,6.);
#748 = AXIS2_PLACEMENT_3D('',#749,#750,#751);
#749 = CARTESIAN_POINT('',(-96.6,-85.6,0.));
#750 = DIRECTION('',(-0.,0.,1.));
#751 = DIRECTION('',(-0.,1.,-0.));
#752 = PCURVE('',#32,#753);
#753 = DEFINITIONAL_REPRESENTATION('',(#754),#758);
#754 = CIRCLE('',#755,6.);
#755 = AXIS2_PLACEMENT_2D('',#756,#757);
#756 = CARTESIAN_POINT('',(-9.6,-8.4));
#757 = DIRECTION('',(1.,-0.));
#758 = ( GEOMETRIC_REPRESENTATION_CONTEXT(2) 
PARAMETRIC_REPRESENTATION_CONTEXT() REPRESENTATION_CONTEXT('2D SPACE',''
  ) );
#759 = PCURVE('',#760,#765);
#760 = CYLINDRICAL_SURFACE('',#761,6.);
#761 = AXIS2_PLACEMENT_3D('',#762,#763,#764);
#762 = CARTESIAN_POINT('',(-96.6,-85.6,0.));
#763 = DIRECTION('',(-0.,-0.,1.));
#764 = DIRECTION('',(-1.,-0.,-0.));
#765 = DEFINITIONAL_REPRESENTATION('',(#766),#770);
#766 = LINE('',#767,#768);
#767 = CARTESIAN_POINT('',(-1.570796326795,0.));
#768 = VECTOR('',#769,1.);
#769 = DIRECTION('',(1.,0.));
#770 = ( GEOMETRIC_REPRESENTATION_CONTEXT(2) 
PARAMETRIC_REPRESENTATION_CONTEXT() REPRESENTATION_CONTEXT('2D SPACE',''
  ) );
#771 = ORIENTED_EDGE('',*,*,#772,.T.);
#772 = EDGE_CURVE('',#744,#561,#773,.T.);
#773 = SURFACE_CURVE('',#774,(#778,#785),.PCURVE_S1.);
#774 = LINE('',#775,#776);
#775 = CARTESIAN_POINT('',(-103.8,-91.6,0.));
#776 = VECTOR('',#777,1.);
#777 = DIRECTION('',(1.,-0.,-0.));
#778 = PCURVE('',#32,#779);
#779 = DEFINITIONAL_REPRESENTATION('',(#780),#784);
#780 = LINE('',#781,#782);
#781 = CARTESIAN_POINT('',(-15.6,-1.2));
#782 = VECTOR('',#783,1.);
#783 = DIRECTION('',(-0.,-1.));
#784 = ( GEOMETRIC_REPRESENTATION_CONTEXT(2) 
PARAMETRIC_REPRESENTATION_CONTEXT() REPRESENTATION_CONTEXT('2D SPACE',''
  ) );
#785 = PCURVE('',#786,#791);
#786 = PLANE('',#787);
#787 = AXIS2_PLACEMENT_3D('',#788,#789,#790);
#788 = CARTESIAN_POINT('',(-102.6,-91.6,-1.));
#789 = DIRECTION('',(-0.,1.,-0.));
#790 = DIRECTION('',(0.,0.,-1.));
#791 = DEFINITIONAL_REPRESENTATION('',(#792),#796);
#792 = LINE('',#793,#794);
#793 = CARTESIAN_POINT('',(-1.,1.2));
#794 = VECTOR('',#795,1.);
#795 = DIRECTION('',(-0.,-1.));
#796 = ( GEOMETRIC_REPRESENTATION_CONTEXT(2) 
PARAMETRIC_REPRESENTATION_CONTEXT() REPRESENTATION_CONTEXT('2D SPACE',''
  ) );
#797 = ADVANCED_FACE('',(#798),#44,.T.);
#798 = FACE_BOUND('',#799,.F.);
#799 = EDGE_LOOP('',(#800,#801,#824,#852));
#800 = ORIENTED_EDGE('',*,*,#21,.F.);
#801 = ORIENTED_EDGE('',*,*,#802,.T.);
#802 = EDGE_CURVE('',#22,#803,#805,.T.);
#803 = VERTEX_POINT('',#804);
#804 = CARTESIAN_POINT('',(-101.,-76.01,3.));
#805 = SURFACE_CURVE('',#806,(#810,#817),.PCURVE_S1.);
#806 = LINE('',#807,#808);
#807 = CARTESIAN_POINT('',(-101.,-76.01,0.));
#808 = VECTOR('',#809,1.);
#809 = DIRECTION('',(0.,0.,1.));
#810 = PCURVE('',#44,#811);
#811 = DEFINITIONAL_REPRESENTATION('',(#812),#816);
#812 = LINE('',#813,#814);
#813 = CARTESIAN_POINT('',(-0.,0.));
#814 = VECTOR('',#815,1.);
#815 = DIRECTION('',(-1.,0.));
#816 = ( GEOMETRIC_REPRESENTATION_CONTEXT(2) 
PARAMETRIC_REPRESENTATION_CONTEXT() REPRESENTATION_CONTEXT('2D SPACE',''
  ) );
#817 = PCURVE('',#72,#818);
#818 = DEFINITIONAL_REPRESENTATION('',(#819),#823);
#819 = LINE('',#820,#821);
#820 = CARTESIAN_POINT('',(-0.,-7.01));
#821 = VECTOR('',#822,1.);
#822 = DIRECTION('',(-1.,0.));
#823 = ( GEOMETRIC_REPRESENTATION_CONTEXT(2) 
PARAMETRIC_REPRESENTATION_CONTEXT() REPRESENTATION_CONTEXT('2D SPACE',''
  ) );
#824 = ORIENTED_EDGE('',*,*,#825,.T.);
#825 = EDGE_CURVE('',#803,#826,#828,.T.);
#826 = VERTEX_POINT('',#827);
#827 = CARTESIAN_POINT('',(-99.34626579386,-76.01,3.));
#828 = SURFACE_CURVE('',#829,(#833,#840),.PCURVE_S1.);
#829 = LINE('',#830,#831);
#830 = CARTESIAN_POINT('',(-101.,-76.01,3.));
#831 = VECTOR('',#832,1.);
#832 = DIRECTION('',(1.,0.,-0.));
#833 = PCURVE('',#44,#834);
#834 = DEFINITIONAL_REPRESENTATION('',(#835),#839);
#835 = LINE('',#836,#837);
#836 = CARTESIAN_POINT('',(-3.,0.));
#837 = VECTOR('',#838,1.);
#838 = DIRECTION('',(-0.,1.));
#839 = ( GEOMETRIC_REPRESENTATION_CONTEXT(2) 
PARAMETRIC_REPRESENTATION_CONTEXT() REPRESENTATION_CONTEXT('2D SPACE',''
  ) );
#840 = PCURVE('',#841,#846);
#841 = PLANE('',#842);
#842 = AXIS2_PLACEMENT_3D('',#843,#844,#845);
#843 = CARTESIAN_POINT('',(-101.,-69.,3.));
#844 = DIRECTION('',(0.,0.,1.));
#845 = DIRECTION('',(-1.,0.,0.));
#846 = DEFINITIONAL_REPRESENTATION('',(#847),#851);
#847 = LINE('',#848,#849);
#848 = CARTESIAN_POINT('',(-0.,7.01));
#849 = VECTOR('',#850,1.);
#850 = DIRECTION('',(-1.,0.));
#851 = ( GEOMETRIC_REPRESENTATION_CONTEXT(2) 
PARAMETRIC_REPRESENTATION_CONTEXT() REPRESENTATION_CONTEXT('2D SPACE',''
  ) );
#852 = ORIENTED_EDGE('',*,*,#853,.T.);
#853 = EDGE_CURVE('',#826,#24,#854,.T.);
#854 = SURFACE_CURVE('',#855,(#859,#866),.PCURVE_S1.);
#855 = LINE('',#856,#857);
#856 = CARTESIAN_POINT('',(-99.34626579386,-76.01,50.));
#857 = VECTOR('',#858,1.);
#858 = DIRECTION('',(-0.,-0.,-1.));
#859 = PCURVE('',#44,#860);
#860 = DEFINITIONAL_REPRESENTATION('',(#861),#865);
#861 = LINE('',#862,#863);
#862 = CARTESIAN_POINT('',(-50.,1.653734206136));
#863 = VECTOR('',#864,1.);
#864 = DIRECTION('',(1.,-0.));
#865 = ( GEOMETRIC_REPRESENTATION_CONTEXT(2) 
PARAMETRIC_REPRESENTATION_CONTEXT() REPRESENTATION_CONTEXT('2D SPACE',''
  ) );
#866 = PCURVE('',#474,#867);
#867 = DEFINITIONAL_REPRESENTATION('',(#868),#872);
#868 = LINE('',#869,#870);
#869 = CARTESIAN_POINT('',(-5.774304868124E-02,0.));
#870 = VECTOR('',#871,1.);
#871 = DIRECTION('',(-0.,1.));
#872 = ( GEOMETRIC_REPRESENTATION_CONTEXT(2) 
PARAMETRIC_REPRESENTATION_CONTEXT() REPRESENTATION_CONTEXT('2D SPACE',''
  ) );
#873 = ADVANCED_FACE('',(#874),#72,.F.);
#874 = FACE_BOUND('',#875,.T.);
#875 = EDGE_LOOP('',(#876,#899,#900,#901));
#876 = ORIENTED_EDGE('',*,*,#877,.F.);
#877 = EDGE_CURVE('',#57,#878,#880,.T.);
#878 = VERTEX_POINT('',#879);
#879 = CARTESIAN_POINT('',(-101.,-69.,3.));
#880 = SURFACE_CURVE('',#881,(#885,#892),.PCURVE_S1.);
#881 = LINE('',#882,#883);
#882 = CARTESIAN_POINT('',(-101.,-69.,0.));
#883 = VECTOR('',#884,1.);
#884 = DIRECTION('',(0.,0.,1.));
#885 = PCURVE('',#72,#886);
#886 = DEFINITIONAL_REPRESENTATION('',(#887),#891);
#887 = LINE('',#888,#889);
#888 = CARTESIAN_POINT('',(-0.,0.));
#889 = VECTOR('',#890,1.);
#890 = DIRECTION('',(-1.,0.));
#891 = ( GEOMETRIC_REPRESENTATION_CONTEXT(2) 
PARAMETRIC_REPRESENTATION_CONTEXT() REPRESENTATION_CONTEXT('2D SPACE',''
  ) );
#892 = PCURVE('',#100,#893);
#893 = DEFINITIONAL_REPRESENTATION('',(#894),#898);
#894 = LINE('',#895,#896);
#895 = CARTESIAN_POINT('',(-0.,0.));
#896 = VECTOR('',#897,1.);
#897 = DIRECTION('',(-1.,0.));
#898 = ( GEOMETRIC_REPRESENTATION_CONTEXT(2) 
PARAMETRIC_REPRESENTATION_CONTEXT() REPRESENTATION_CONTEXT('2D SPACE',''
  ) );
#899 = ORIENTED_EDGE('',*,*,#56,.T.);
#900 = ORIENTED_EDGE('',*,*,#802,.T.);
#901 = ORIENTED_EDGE('',*,*,#902,.F.);
#902 = EDGE_CURVE('',#878,#803,#903,.T.);
#903 = SURFACE_CURVE('',#904,(#908,#915),.PCURVE_S1.);
#904 = LINE('',#905,#906);
#905 = CARTESIAN_POINT('',(-101.,-69.,3.));
#906 = VECTOR('',#907,1.);
#907 = DIRECTION('',(0.,-1.,0.));
#908 = PCURVE('',#72,#909);
#909 = DEFINITIONAL_REPRESENTATION('',(#910),#914);
#910 = LINE('',#911,#912);
#911 = CARTESIAN_POINT('',(-3.,0.));
#912 = VECTOR('',#913,1.);
#913 = DIRECTION('',(-0.,-1.));
#914 = ( GEOMETRIC_REPRESENTATION_CONTEXT(2) 
PARAMETRIC_REPRESENTATION_CONTEXT() REPRESENTATION_CONTEXT('2D SPACE',''
  ) );
#915 = PCURVE('',#841,#916);
#916 = DEFINITIONAL_REPRESENTATION('',(#917),#921);
#917 = LINE('',#918,#919);
#918 = CARTESIAN_POINT('',(-0.,-0.));
#919 = VECTOR('',#920,1.);
#920 = DIRECTION('',(-0.,1.));
#921 = ( GEOMETRIC_REPRESENTATION_CONTEXT(2) 
PARAMETRIC_REPRESENTATION_CONTEXT() REPRESENTATION_CONTEXT('2D SPACE',''
  ) );
#922 = ADVANCED_FACE('',(#923),#474,.T.);
#923 = FACE_BOUND('',#924,.F.);
#924 = EDGE_LOOP('',(#925,#950,#983,#1019,#1040,#1041,#1042));
#925 = ORIENTED_EDGE('',*,*,#926,.F.);
#926 = EDGE_CURVE('',#927,#929,#931,.T.);
#927 = VERTEX_POINT('',#928);
#928 = CARTESIAN_POINT('',(-99.,-76.,50.));
#929 = VERTEX_POINT('',#930);
#930 = CARTESIAN_POINT('',(-99.,-76.,3.));
#931 = SURFACE_CURVE('',#932,(#936,#943),.PCURVE_S1.);
#932 = LINE('',#933,#934);
#933 = CARTESIAN_POINT('',(-99.,-76.,50.));
#934 = VECTOR('',#935,1.);
#935 = DIRECTION('',(-0.,-0.,-1.));
#936 = PCURVE('',#474,#937);
#937 = DEFINITIONAL_REPRESENTATION('',(#938),#942);
#938 = LINE('',#939,#940);
#939 = CARTESIAN_POINT('',(-0.,0.));
#940 = VECTOR('',#941,1.);
#941 = DIRECTION('',(-0.,1.));
#942 = ( GEOMETRIC_REPRESENTATION_CONTEXT(2) 
PARAMETRIC_REPRESENTATION_CONTEXT() REPRESENTATION_CONTEXT('2D SPACE',''
  ) );
#943 = PCURVE('',#156,#944);
#944 = DEFINITIONAL_REPRESENTATION('',(#945),#949);
#945 = LINE('',#946,#947);
#946 = CARTESIAN_POINT('',(-0.,-6.));
#947 = VECTOR('',#948,1.);
#948 = DIRECTION('',(-1.,0.));
#949 = ( GEOMETRIC_REPRESENTATION_CONTEXT(2) 
PARAMETRIC_REPRESENTATION_CONTEXT() REPRESENTATION_CONTEXT('2D SPACE',''
  ) );
#950 = ORIENTED_EDGE('',*,*,#951,.T.);
#951 = EDGE_CURVE('',#927,#952,#954,.T.);
#952 = VERTEX_POINT('',#953);
#953 = CARTESIAN_POINT('',(-104.6568542494,-80.,50.));
#954 = SURFACE_CURVE('',#955,(#960,#967),.PCURVE_S1.);
#955 = CIRCLE('',#956,6.);
#956 = AXIS2_PLACEMENT_3D('',#957,#958,#959);
#957 = CARTESIAN_POINT('',(-99.,-82.,50.));
#958 = DIRECTION('',(0.,-0.,1.));
#959 = DIRECTION('',(-0.,-1.,-0.));
#960 = PCURVE('',#474,#961);
#961 = DEFINITIONAL_REPRESENTATION('',(#962),#966);
#962 = LINE('',#963,#964);
#963 = CARTESIAN_POINT('',(3.14159265359,-0.));
#964 = VECTOR('',#965,1.);
#965 = DIRECTION('',(-1.,0.));
#966 = ( GEOMETRIC_REPRESENTATION_CONTEXT(2) 
PARAMETRIC_REPRESENTATION_CONTEXT() REPRESENTATION_CONTEXT('2D SPACE',''
  ) );
#967 = PCURVE('',#968,#973);
#968 = PLANE('',#969);
#969 = AXIS2_PLACEMENT_3D('',#970,#971,#972);
#970 = CARTESIAN_POINT('',(-105.,-80.,50.));
#971 = DIRECTION('',(-0.,-0.,-1.));
#972 = DIRECTION('',(0.,-1.,0.));
#973 = DEFINITIONAL_REPRESENTATION('',(#974),#982);
#974 = ( BOUNDED_CURVE() B_SPLINE_CURVE(2,(#975,#976,#977,#978,#979,#980
,#981),.UNSPECIFIED.,.T.,.F.) B_SPLINE_CURVE_WITH_KNOTS((1,2,2,2,2,1),(
    -2.094395102393,0.,2.094395102393,4.188790204786,6.28318530718,
8.377580409573),.UNSPECIFIED.) CURVE() GEOMETRIC_REPRESENTATION_ITEM() 
RATIONAL_B_SPLINE_CURVE((1.,0.5,1.,0.5,1.,0.5,1.)) REPRESENTATION_ITEM(
  '') );
#975 = CARTESIAN_POINT('',(8.,-6.));
#976 = CARTESIAN_POINT('',(8.,-16.39230484541));
#977 = CARTESIAN_POINT('',(-1.,-11.1961524227));
#978 = CARTESIAN_POINT('',(-10.,-6.));
#979 = CARTESIAN_POINT('',(-1.,-0.803847577293));
#980 = CARTESIAN_POINT('',(8.,4.392304845413));
#981 = CARTESIAN_POINT('',(8.,-6.));
#982 = ( GEOMETRIC_REPRESENTATION_CONTEXT(2) 
PARAMETRIC_REPRESENTATION_CONTEXT() REPRESENTATION_CONTEXT('2D SPACE',''
  ) );
#983 = ORIENTED_EDGE('',*,*,#984,.T.);
#984 = EDGE_CURVE('',#952,#985,#987,.T.);
#985 = VERTEX_POINT('',#986);
#986 = CARTESIAN_POINT('',(-105.,-82.,49.333333333333));
#987 = SURFACE_CURVE('',#988,(#993,#1003),.PCURVE_S1.);
#988 = ELLIPSE('',#989,6.324555320337,6.);
#989 = AXIS2_PLACEMENT_3D('',#990,#991,#992);
#990 = CARTESIAN_POINT('',(-99.,-82.,49.333333333333));
#991 = DIRECTION('',(0.,-0.316227766017,0.948683298051));
#992 = DIRECTION('',(-0.,-0.948683298051,-0.316227766017));
#993 = PCURVE('',#474,#994);
#994 = DEFINITIONAL_REPRESENTATION('',(#995),#1002);
#995 = B_SPLINE_CURVE_WITH_KNOTS('',5,(#996,#997,#998,#999,#1000,#1001),
  .UNSPECIFIED.,.F.,.F.,(6,6),(4.372552070931,4.712388980385),
  .PIECEWISE_BEZIER_KNOTS.);
#996 = CARTESIAN_POINT('',(-1.230959417341,0.));
#997 = CARTESIAN_POINT('',(-1.298926799232,0.128160524359));
#998 = CARTESIAN_POINT('',(-1.366894181122,0.260170668643));
#999 = CARTESIAN_POINT('',(-1.434861563013,0.394797125051));
#1000 = CARTESIAN_POINT('',(-1.502828944904,0.530731902885));
#1001 = CARTESIAN_POINT('',(-1.570796326795,0.666666666667));
#1002 = ( GEOMETRIC_REPRESENTATION_CONTEXT(2) 
PARAMETRIC_REPRESENTATION_CONTEXT() REPRESENTATION_CONTEXT('2D SPACE',''
  ) );
#1003 = PCURVE('',#1004,#1009);
#1004 = PLANE('',#1005);
#1005 = AXIS2_PLACEMENT_3D('',#1006,#1007,#1008);
#1006 = CARTESIAN_POINT('',(-105.,-89.,47.));
#1007 = DIRECTION('',(0.,0.316227766017,-0.948683298051));
#1008 = DIRECTION('',(0.,-0.948683298051,-0.316227766017));
#1009 = DEFINITIONAL_REPRESENTATION('',(#1010),#1018);
#1010 = ( BOUNDED_CURVE() B_SPLINE_CURVE(2,(#1011,#1012,#1013,#1014,
#1015,#1016,#1017),.UNSPECIFIED.,.T.,.F.) B_SPLINE_CURVE_WITH_KNOTS((1,2
    ,2,2,2,1),(-2.094395102393,0.,2.094395102393,4.188790204786,
6.28318530718,8.377580409573),.UNSPECIFIED.) CURVE() 
GEOMETRIC_REPRESENTATION_ITEM() RATIONAL_B_SPLINE_CURVE((1.,0.5,1.,0.5,
1.,0.5,1.)) REPRESENTATION_ITEM('') );
#1011 = CARTESIAN_POINT('',(-1.054092553389,-6.));
#1012 = CARTESIAN_POINT('',(-1.054092553389,-16.39230484541));
#1013 = CARTESIAN_POINT('',(-10.54092553389,-11.1961524227));
#1014 = CARTESIAN_POINT('',(-20.0277585144,-6.));
#1015 = CARTESIAN_POINT('',(-10.54092553389,-0.803847577293));
#1016 = CARTESIAN_POINT('',(-1.054092553389,4.392304845413));
#1017 = CARTESIAN_POINT('',(-1.054092553389,-6.));
#1018 = ( GEOMETRIC_REPRESENTATION_CONTEXT(2) 
PARAMETRIC_REPRESENTATION_CONTEXT() REPRESENTATION_CONTEXT('2D SPACE',''
  ) );
#1019 = ORIENTED_EDGE('',*,*,#1020,.T.);
#1020 = EDGE_CURVE('',#985,#432,#1021,.T.);
#1021 = SURFACE_CURVE('',#1022,(#1026,#1033),.PCURVE_S1.);
#1022 = LINE('',#1023,#1024);
#1023 = CARTESIAN_POINT('',(-105.,-82.,50.));
#1024 = VECTOR('',#1025,1.);
#1025 = DIRECTION('',(-0.,-0.,-1.));
#1026 = PCURVE('',#474,#1027);
#1027 = DEFINITIONAL_REPRESENTATION('',(#1028),#1032);
#1028 = LINE('',#1029,#1030);
#1029 = CARTESIAN_POINT('',(-1.570796326795,0.));
#1030 = VECTOR('',#1031,1.);
#1031 = DIRECTION('',(-0.,1.));
#1032 = ( GEOMETRIC_REPRESENTATION_CONTEXT(2) 
PARAMETRIC_REPRESENTATION_CONTEXT() REPRESENTATION_CONTEXT('2D SPACE',''
  ) );
#1033 = PCURVE('',#447,#1034);
#1034 = DEFINITIONAL_REPRESENTATION('',(#1035),#1039);
#1035 = LINE('',#1036,#1037);
#1036 = CARTESIAN_POINT('',(-26.29077941451,2.486288456665));
#1037 = VECTOR('',#1038,1.);
#1038 = DIRECTION('',(1.,-0.));
#1039 = ( GEOMETRIC_REPRESENTATION_CONTEXT(2) 
PARAMETRIC_REPRESENTATION_CONTEXT() REPRESENTATION_CONTEXT('2D SPACE',''
  ) );
#1040 = ORIENTED_EDGE('',*,*,#459,.F.);
#1041 = ORIENTED_EDGE('',*,*,#853,.F.);
#1042 = ORIENTED_EDGE('',*,*,#1043,.F.);
#1043 = EDGE_CURVE('',#929,#826,#1044,.T.);
#1044 = SURFACE_CURVE('',#1045,(#1050,#1057),.PCURVE_S1.);
#1045 = CIRCLE('',#1046,6.);
#1046 = AXIS2_PLACEMENT_3D('',#1047,#1048,#1049);
#1047 = CARTESIAN_POINT('',(-99.,-82.,3.));
#1048 = DIRECTION('',(0.,0.,1.));
#1049 = DIRECTION('',(-0.,1.,-0.));
#1050 = PCURVE('',#474,#1051);
#1051 = DEFINITIONAL_REPRESENTATION('',(#1052),#1056);
#1052 = LINE('',#1053,#1054);
#1053 = CARTESIAN_POINT('',(-0.,47.));
#1054 = VECTOR('',#1055,1.);
#1055 = DIRECTION('',(-1.,0.));
#1056 = ( GEOMETRIC_REPRESENTATION_CONTEXT(2) 
PARAMETRIC_REPRESENTATION_CONTEXT() REPRESENTATION_CONTEXT('2D SPACE',''
  ) );
#1057 = PCURVE('',#841,#1058);
#1058 = DEFINITIONAL_REPRESENTATION('',(#1059),#1063);
#1059 = CIRCLE('',#1060,6.);
#1060 = AXIS2_PLACEMENT_2D('',#1061,#1062);
#1061 = CARTESIAN_POINT('',(-2.,13.));
#1062 = DIRECTION('',(-0.,-1.));
#1063 = ( GEOMETRIC_REPRESENTATION_CONTEXT(2) 
PARAMETRIC_REPRESENTATION_CONTEXT() REPRESENTATION_CONTEXT('2D SPACE',''
  ) );
#1064 = ADVANCED_FACE('',(#1065),#100,.F.);
#1065 = FACE_BOUND('',#1066,.T.);
#1066 = EDGE_LOOP('',(#1067,#1068,#1069,#1092));
#1067 = ORIENTED_EDGE('',*,*,#84,.F.);
#1068 = ORIENTED_EDGE('',*,*,#877,.T.);
#1069 = ORIENTED_EDGE('',*,*,#1070,.T.);
#1070 = EDGE_CURVE('',#878,#1071,#1073,.T.);
#1071 = VERTEX_POINT('',#1072);
#1072 = CARTESIAN_POINT('',(-64.,-69.,3.));
#1073 = SURFACE_CURVE('',#1074,(#1078,#1085),.PCURVE_S1.);
#1074 = LINE('',#1075,#1076);
#1075 = CARTESIAN_POINT('',(-101.,-69.,3.));
#1076 = VECTOR('',#1077,1.);
#1077 = DIRECTION('',(1.,0.,-0.));
#1078 = PCURVE('',#100,#1079);
#1079 = DEFINITIONAL_REPRESENTATION('',(#1080),#1084);
#1080 = LINE('',#1081,#1082);
#1081 = CARTESIAN_POINT('',(-3.,0.));
#1082 = VECTOR('',#1083,1.);
#1083 = DIRECTION('',(-0.,1.));
#1084 = ( GEOMETRIC_REPRESENTATION_CONTEXT(2) 
PARAMETRIC_REPRESENTATION_CONTEXT() REPRESENTATION_CONTEXT('2D SPACE',''
  ) );
#1085 = PCURVE('',#841,#1086);
#1086 = DEFINITIONAL_REPRESENTATION('',(#1087),#1091);
#1087 = LINE('',#1088,#1089);
#1088 = CARTESIAN_POINT('',(-0.,-0.));
#1089 = VECTOR('',#1090,1.);
#1090 = DIRECTION('',(-1.,0.));
#1091 = ( GEOMETRIC_REPRESENTATION_CONTEXT(2) 
PARAMETRIC_REPRESENTATION_CONTEXT() REPRESENTATION_CONTEXT('2D SPACE',''
  ) );
#1092 = ORIENTED_EDGE('',*,*,#1093,.F.);
#1093 = EDGE_CURVE('',#85,#1071,#1094,.T.);
#1094 = SURFACE_CURVE('',#1095,(#1099,#1106),.PCURVE_S1.);
#1095 = LINE('',#1096,#1097);
#1096 = CARTESIAN_POINT('',(-64.,-69.,0.));
#1097 = VECTOR('',#1098,1.);
#1098 = DIRECTION('',(0.,0.,1.));
#1099 = PCURVE('',#100,#1100);
#1100 = DEFINITIONAL_REPRESENTATION('',(#1101),#1105);
#1101 = LINE('',#1102,#1103);
#1102 = CARTESIAN_POINT('',(-0.,37.));
#1103 = VECTOR('',#1104,1.);
#1104 = DIRECTION('',(-1.,0.));
#1105 = ( GEOMETRIC_REPRESENTATION_CONTEXT(2) 
PARAMETRIC_REPRESENTATION_CONTEXT() REPRESENTATION_CONTEXT('2D SPACE',''
  ) );
#1106 = PCURVE('',#128,#1107);
#1107 = DEFINITIONAL_REPRESENTATION('',(#1108),#1112);
#1108 = LINE('',#1109,#1110);
#1109 = CARTESIAN_POINT('',(-0.,0.));
#1110 = VECTOR('',#1111,1.);
#1111 = DIRECTION('',(-1.,0.));
#1112 = ( GEOMETRIC_REPRESENTATION_CONTEXT(2) 
PARAMETRIC_REPRESENTATION_CONTEXT() REPRESENTATION_CONTEXT('2D SPACE',''
  ) );
#1113 = ADVANCED_FACE('',(#1114),#447,.F.);
#1114 = FACE_BOUND('',#1115,.T.);
#1115 = EDGE_LOOP('',(#1116,#1117,#1140,#1161));
#1116 = ORIENTED_EDGE('',*,*,#431,.T.);
#1117 = ORIENTED_EDGE('',*,*,#1118,.T.);
#1118 = EDGE_CURVE('',#403,#1119,#1121,.T.);
#1119 = VERTEX_POINT('',#1120);
#1120 = CARTESIAN_POINT('',(-105.,-88.,47.333333333333));
#1121 = SURFACE_CURVE('',#1122,(#1126,#1133),.PCURVE_S1.);
#1122 = LINE('',#1123,#1124);
#1123 = CARTESIAN_POINT('',(-105.,-88.,0.));
#1124 = VECTOR('',#1125,1.);
#1125 = DIRECTION('',(-0.,-0.,1.));
#1126 = PCURVE('',#447,#1127);
#1127 = DEFINITIONAL_REPRESENTATION('',(#1128),#1132);
#1128 = LINE('',#1129,#1130);
#1129 = CARTESIAN_POINT('',(23.709220585483,-3.513711543335));
#1130 = VECTOR('',#1131,1.);
#1131 = DIRECTION('',(-1.,0.));
#1132 = ( GEOMETRIC_REPRESENTATION_CONTEXT(2) 
PARAMETRIC_REPRESENTATION_CONTEXT() REPRESENTATION_CONTEXT('2D SPACE',''
  ) );
#1133 = PCURVE('',#419,#1134);
#1134 = DEFINITIONAL_REPRESENTATION('',(#1135),#1139);
#1135 = LINE('',#1136,#1137);
#1136 = CARTESIAN_POINT('',(0.,0.));
#1137 = VECTOR('',#1138,1.);
#1138 = DIRECTION('',(0.,1.));
#1139 = ( GEOMETRIC_REPRESENTATION_CONTEXT(2) 
PARAMETRIC_REPRESENTATION_CONTEXT() REPRESENTATION_CONTEXT('2D SPACE',''
  ) );
#1140 = ORIENTED_EDGE('',*,*,#1141,.T.);
#1141 = EDGE_CURVE('',#1119,#985,#1142,.T.);
#1142 = SURFACE_CURVE('',#1143,(#1147,#1154),.PCURVE_S1.);
#1143 = LINE('',#1144,#1145);
#1144 = CARTESIAN_POINT('',(-105.,-89.,47.));
#1145 = VECTOR('',#1146,1.);
#1146 = DIRECTION('',(-0.,0.948683298051,0.316227766017));
#1147 = PCURVE('',#447,#1148);
#1148 = DEFINITIONAL_REPRESENTATION('',(#1149),#1153);
#1149 = LINE('',#1150,#1151);
#1150 = CARTESIAN_POINT('',(-23.29077941451,-4.513711543335));
#1151 = VECTOR('',#1152,1.);
#1152 = DIRECTION('',(-0.316227766017,0.948683298051));
#1153 = ( GEOMETRIC_REPRESENTATION_CONTEXT(2) 
PARAMETRIC_REPRESENTATION_CONTEXT() REPRESENTATION_CONTEXT('2D SPACE',''
  ) );
#1154 = PCURVE('',#1004,#1155);
#1155 = DEFINITIONAL_REPRESENTATION('',(#1156),#1160);
#1156 = LINE('',#1157,#1158);
#1157 = CARTESIAN_POINT('',(-0.,0.));
#1158 = VECTOR('',#1159,1.);
#1159 = DIRECTION('',(-1.,0.));
#1160 = ( GEOMETRIC_REPRESENTATION_CONTEXT(2) 
PARAMETRIC_REPRESENTATION_CONTEXT() REPRESENTATION_CONTEXT('2D SPACE',''
  ) );
#1161 = ORIENTED_EDGE('',*,*,#1020,.T.);
#1162 = ADVANCED_FACE('',(#1163),#128,.T.);
#1163 = FACE_BOUND('',#1164,.F.);
#1164 = EDGE_LOOP('',(#1165,#1188,#1189,#1190));
#1165 = ORIENTED_EDGE('',*,*,#1166,.F.);
#1166 = EDGE_CURVE('',#1071,#1167,#1169,.T.);
#1167 = VERTEX_POINT('',#1168);
#1168 = CARTESIAN_POINT('',(-64.,-76.,3.));
#1169 = SURFACE_CURVE('',#1170,(#1174,#1181),.PCURVE_S1.);
#1170 = LINE('',#1171,#1172);
#1171 = CARTESIAN_POINT('',(-64.,-69.,3.));
#1172 = VECTOR('',#1173,1.);
#1173 = DIRECTION('',(0.,-1.,0.));
#1174 = PCURVE('',#128,#1175);
#1175 = DEFINITIONAL_REPRESENTATION('',(#1176),#1180);
#1176 = LINE('',#1177,#1178);
#1177 = CARTESIAN_POINT('',(-3.,0.));
#1178 = VECTOR('',#1179,1.);
#1179 = DIRECTION('',(-0.,-1.));
#1180 = ( GEOMETRIC_REPRESENTATION_CONTEXT(2) 
PARAMETRIC_REPRESENTATION_CONTEXT() REPRESENTATION_CONTEXT('2D SPACE',''
  ) );
#1181 = PCURVE('',#841,#1182);
#1182 = DEFINITIONAL_REPRESENTATION('',(#1183),#1187);
#1183 = LINE('',#1184,#1185);
#1184 = CARTESIAN_POINT('',(-37.,-0.));
#1185 = VECTOR('',#1186,1.);
#1186 = DIRECTION('',(-0.,1.));
#1187 = ( GEOMETRIC_REPRESENTATION_CONTEXT(2) 
PARAMETRIC_REPRESENTATION_CONTEXT() REPRESENTATION_CONTEXT('2D SPACE',''
  ) );
#1188 = ORIENTED_EDGE('',*,*,#1093,.F.);
#1189 = ORIENTED_EDGE('',*,*,#112,.T.);
#1190 = ORIENTED_EDGE('',*,*,#1191,.F.);
#1191 = EDGE_CURVE('',#1167,#113,#1192,.T.);
#1192 = SURFACE_CURVE('',#1193,(#1197,#1204),.PCURVE_S1.);
#1193 = LINE('',#1194,#1195);
#1194 = CARTESIAN_POINT('',(-64.,-76.,25.));
#1195 = VECTOR('',#1196,1.);
#1196 = DIRECTION('',(-0.,-0.,-1.));
#1197 = PCURVE('',#128,#1198);
#1198 = DEFINITIONAL_REPRESENTATION('',(#1199),#1203);
#1199 = LINE('',#1200,#1201);
#1200 = CARTESIAN_POINT('',(-25.,-7.));
#1201 = VECTOR('',#1202,1.);
#1202 = DIRECTION('',(1.,-0.));
#1203 = ( GEOMETRIC_REPRESENTATION_CONTEXT(2) 
PARAMETRIC_REPRESENTATION_CONTEXT() REPRESENTATION_CONTEXT('2D SPACE',''
  ) );
#1204 = PCURVE('',#156,#1205);
#1205 = DEFINITIONAL_REPRESENTATION('',(#1206),#1210);
#1206 = LINE('',#1207,#1208);
#1207 = CARTESIAN_POINT('',(-25.,-41.));
#1208 = VECTOR('',#1209,1.);
#1209 = DIRECTION('',(-1.,0.));
#1210 = ( GEOMETRIC_REPRESENTATION_CONTEXT(2) 
PARAMETRIC_REPRESENTATION_CONTEXT() REPRESENTATION_CONTEXT('2D SPACE',''
  ) );
#1211 = ADVANCED_FACE('',(#1212),#419,.T.);
#1212 = FACE_BOUND('',#1213,.T.);
#1213 = EDGE_LOOP('',(#1214,#1245,#1246,#1247,#1270));
#1214 = ORIENTED_EDGE('',*,*,#1215,.F.);
#1215 = EDGE_CURVE('',#1119,#1216,#1218,.T.);
#1216 = VERTEX_POINT('',#1217);
#1217 = CARTESIAN_POINT('',(-104.9160797831,-89.,47.));
#1218 = SURFACE_CURVE('',#1219,(#1224,#1234),.PCURVE_S1.);
#1219 = ELLIPSE('',#1220,6.324555320337,6.);
#1220 = AXIS2_PLACEMENT_3D('',#1221,#1222,#1223);
#1221 = CARTESIAN_POINT('',(-99.,-88.,47.333333333333));
#1222 = DIRECTION('',(0.,-0.316227766017,0.948683298051));
#1223 = DIRECTION('',(-0.,0.948683298051,0.316227766017));
#1224 = PCURVE('',#419,#1225);
#1225 = DEFINITIONAL_REPRESENTATION('',(#1226),#1233);
#1226 = B_SPLINE_CURVE_WITH_KNOTS('',5,(#1227,#1228,#1229,#1230,#1231,
    #1232),.UNSPECIFIED.,.F.,.F.,(6,6),(1.570796326795,1.738244406015),
  .PIECEWISE_BEZIER_KNOTS.);
#1227 = CARTESIAN_POINT('',(0.,47.333333333333));
#1228 = CARTESIAN_POINT('',(3.348961584394E-02,47.266354101645));
#1229 = CARTESIAN_POINT('',(6.697923168787E-02,47.199374869858));
#1230 = CARTESIAN_POINT('',(0.100468847532,47.132552140355));
#1231 = CARTESIAN_POINT('',(0.133958463376,47.066042413079));
#1232 = CARTESIAN_POINT('',(0.16744807922,47.));
#1233 = ( GEOMETRIC_REPRESENTATION_CONTEXT(2) 
PARAMETRIC_REPRESENTATION_CONTEXT() REPRESENTATION_CONTEXT('2D SPACE',''
  ) );
#1234 = PCURVE('',#1004,#1235);
#1235 = DEFINITIONAL_REPRESENTATION('',(#1236),#1244);
#1236 = ( BOUNDED_CURVE() B_SPLINE_CURVE(2,(#1237,#1238,#1239,#1240,
#1241,#1242,#1243),.UNSPECIFIED.,.T.,.F.) B_SPLINE_CURVE_WITH_KNOTS((1,2
    ,2,2,2,1),(-2.094395102393,0.,2.094395102393,4.188790204786,
6.28318530718,8.377580409573),.UNSPECIFIED.) CURVE() 
GEOMETRIC_REPRESENTATION_ITEM() RATIONAL_B_SPLINE_CURVE((1.,0.5,1.,0.5,
1.,0.5,1.)) REPRESENTATION_ITEM('') );
#1237 = CARTESIAN_POINT('',(-7.378647873726,-6.));
#1238 = CARTESIAN_POINT('',(-7.378647873726,4.392304845413));
#1239 = CARTESIAN_POINT('',(2.108185106779,-0.803847577293));
#1240 = CARTESIAN_POINT('',(11.595018087284,-6.));
#1241 = CARTESIAN_POINT('',(2.108185106779,-11.1961524227));
#1242 = CARTESIAN_POINT('',(-7.378647873726,-16.39230484541));
#1243 = CARTESIAN_POINT('',(-7.378647873726,-6.));
#1244 = ( GEOMETRIC_REPRESENTATION_CONTEXT(2) 
PARAMETRIC_REPRESENTATION_CONTEXT() REPRESENTATION_CONTEXT('2D SPACE',''
  ) );
#1245 = ORIENTED_EDGE('',*,*,#1118,.F.);
#1246 = ORIENTED_EDGE('',*,*,#402,.T.);
#1247 = ORIENTED_EDGE('',*,*,#1248,.T.);
#1248 = EDGE_CURVE('',#375,#1249,#1251,.T.);
#1249 = VERTEX_POINT('',#1250);
#1250 = CARTESIAN_POINT('',(-99.,-94.,40.));
#1251 = SURFACE_CURVE('',#1252,(#1256,#1263),.PCURVE_S1.);
#1252 = LINE('',#1253,#1254);
#1253 = CARTESIAN_POINT('',(-99.,-94.,0.));
#1254 = VECTOR('',#1255,1.);
#1255 = DIRECTION('',(-0.,-0.,1.));
#1256 = PCURVE('',#419,#1257);
#1257 = DEFINITIONAL_REPRESENTATION('',(#1258),#1262);
#1258 = LINE('',#1259,#1260);
#1259 = CARTESIAN_POINT('',(1.570796326795,0.));
#1260 = VECTOR('',#1261,1.);
#1261 = DIRECTION('',(0.,1.));
#1262 = ( GEOMETRIC_REPRESENTATION_CONTEXT(2) 
PARAMETRIC_REPRESENTATION_CONTEXT() REPRESENTATION_CONTEXT('2D SPACE',''
  ) );
#1263 = PCURVE('',#390,#1264);
#1264 = DEFINITIONAL_REPRESENTATION('',(#1265),#1269);
#1265 = LINE('',#1266,#1267);
#1266 = CARTESIAN_POINT('',(-0.,-6.));
#1267 = VECTOR('',#1268,1.);
#1268 = DIRECTION('',(-1.,0.));
#1269 = ( GEOMETRIC_REPRESENTATION_CONTEXT(2) 
PARAMETRIC_REPRESENTATION_CONTEXT() REPRESENTATION_CONTEXT('2D SPACE',''
  ) );
#1270 = ORIENTED_EDGE('',*,*,#1271,.F.);
#1271 = EDGE_CURVE('',#1216,#1249,#1272,.T.);
#1272 = SURFACE_CURVE('',#1273,(#1278,#1289),.PCURVE_S1.);
#1273 = ELLIPSE('',#1274,10.322790320451,6.);
#1274 = AXIS2_PLACEMENT_3D('',#1275,#1276,#1277);
#1275 = CARTESIAN_POINT('',(-99.,-88.,48.4));
#1276 = DIRECTION('',(0.,-0.813733471207,0.581238193719));
#1277 = DIRECTION('',(-0.,0.581238193719,0.813733471207));
#1278 = PCURVE('',#419,#1279);
#1279 = DEFINITIONAL_REPRESENTATION('',(#1280),#1288);
#1280 = B_SPLINE_CURVE_WITH_KNOTS('',6,(#1281,#1282,#1283,#1284,#1285,
    #1286,#1287),.UNSPECIFIED.,.F.,.F.,(7,7),(1.738244406015,
    3.14159265359),.PIECEWISE_BEZIER_KNOTS.);
#1281 = CARTESIAN_POINT('',(0.16744807922,47.));
#1282 = CARTESIAN_POINT('',(0.401339453816,45.062791954237));
#1283 = CARTESIAN_POINT('',(0.635230357995,43.217559754939));
#1284 = CARTESIAN_POINT('',(0.869121945961,41.654534307838));
#1285 = CARTESIAN_POINT('',(1.103014329494,40.551362081373));
#1286 = CARTESIAN_POINT('',(1.336904952199,40.));
#1287 = CARTESIAN_POINT('',(1.570796326795,40.));
#1288 = ( GEOMETRIC_REPRESENTATION_CONTEXT(2) 
PARAMETRIC_REPRESENTATION_CONTEXT() REPRESENTATION_CONTEXT('2D SPACE',''
  ) );
#1289 = PCURVE('',#1290,#1295);
#1290 = PLANE('',#1291);
#1291 = AXIS2_PLACEMENT_3D('',#1292,#1293,#1294);
#1292 = CARTESIAN_POINT('',(-105.,-94.,40.));
#1293 = DIRECTION('',(0.,0.813733471207,-0.581238193719));
#1294 = DIRECTION('',(0.,-0.581238193719,-0.813733471207));
#1295 = DEFINITIONAL_REPRESENTATION('',(#1296),#1304);
#1296 = ( BOUNDED_CURVE() B_SPLINE_CURVE(2,(#1297,#1298,#1299,#1300,
#1301,#1302,#1303),.UNSPECIFIED.,.T.,.F.) B_SPLINE_CURVE_WITH_KNOTS((1,2
    ,2,2,2,1),(-2.094395102393,0.,2.094395102393,4.188790204786,
6.28318530718,8.377580409573),.UNSPECIFIED.) CURVE() 
GEOMETRIC_REPRESENTATION_ITEM() RATIONAL_B_SPLINE_CURVE((1.,0.5,1.,0.5,
1.,0.5,1.)) REPRESENTATION_ITEM('') );
#1297 = CARTESIAN_POINT('',(-20.6455806409,-6.));
#1298 = CARTESIAN_POINT('',(-20.6455806409,4.392304845413));
#1299 = CARTESIAN_POINT('',(-5.161395160226,-0.803847577293));
#1300 = CARTESIAN_POINT('',(10.322790320451,-6.));
#1301 = CARTESIAN_POINT('',(-5.161395160226,-11.1961524227));
#1302 = CARTESIAN_POINT('',(-20.6455806409,-16.39230484541));
#1303 = CARTESIAN_POINT('',(-20.6455806409,-6.));
#1304 = ( GEOMETRIC_REPRESENTATION_CONTEXT(2) 
PARAMETRIC_REPRESENTATION_CONTEXT() REPRESENTATION_CONTEXT('2D SPACE',''
  ) );
#1305 = ADVANCED_FACE('',(#1306,#1539),#156,.F.);
#1306 = FACE_BOUND('',#1307,.T.);
#1307 = EDGE_LOOP('',(#1308,#1309,#1332,#1360,#1388,#1416,#1444,#1467,
    #1495,#1516,#1517,#1518));
#1308 = ORIENTED_EDGE('',*,*,#926,.F.);
#1309 = ORIENTED_EDGE('',*,*,#1310,.T.);
#1310 = EDGE_CURVE('',#927,#1311,#1313,.T.);
#1311 = VERTEX_POINT('',#1312);
#1312 = CARTESIAN_POINT('',(-40.5,-76.,50.));
#1313 = SURFACE_CURVE('',#1314,(#1318,#1325),.PCURVE_S1.);
#1314 = LINE('',#1315,#1316);
#1315 = CARTESIAN_POINT('',(-105.,-76.,50.));
#1316 = VECTOR('',#1317,1.);
#1317 = DIRECTION('',(1.,-0.,-0.));
#1318 = PCURVE('',#156,#1319);
#1319 = DEFINITIONAL_REPRESENTATION('',(#1320),#1324);
#1320 = LINE('',#1321,#1322);
#1321 = CARTESIAN_POINT('',(-0.,-0.));
#1322 = VECTOR('',#1323,1.);
#1323 = DIRECTION('',(-0.,-1.));
#1324 = ( GEOMETRIC_REPRESENTATION_CONTEXT(2) 
PARAMETRIC_REPRESENTATION_CONTEXT() REPRESENTATION_CONTEXT('2D SPACE',''
  ) );
#1325 = PCURVE('',#968,#1326);
#1326 = DEFINITIONAL_REPRESENTATION('',(#1327),#1331);
#1327 = LINE('',#1328,#1329);
#1328 = CARTESIAN_POINT('',(-4.,0.));
#1329 = VECTOR('',#1330,1.);
#1330 = DIRECTION('',(-0.,-1.));
#1331 = ( GEOMETRIC_REPRESENTATION_CONTEXT(2) 
PARAMETRIC_REPRESENTATION_CONTEXT() REPRESENTATION_CONTEXT('2D SPACE',''
  ) );
#1332 = ORIENTED_EDGE('',*,*,#1333,.T.);
#1333 = EDGE_CURVE('',#1311,#1334,#1336,.T.);
#1334 = VERTEX_POINT('',#1335);
#1335 = CARTESIAN_POINT('',(-40.5,-76.,27.));
#1336 = SURFACE_CURVE('',#1337,(#1341,#1348),.PCURVE_S1.);
#1337 = LINE('',#1338,#1339);
#1338 = CARTESIAN_POINT('',(-40.5,-76.,38.5));
#1339 = VECTOR('',#1340,1.);
#1340 = DIRECTION('',(-0.,-0.,-1.));
#1341 = PCURVE('',#156,#1342);
#1342 = DEFINITIONAL_REPRESENTATION('',(#1343),#1347);
#1343 = LINE('',#1344,#1345);
#1344 = CARTESIAN_POINT('',(-11.5,-64.5));
#1345 = VECTOR('',#1346,1.);
#1346 = DIRECTION('',(-1.,0.));
#1347 = ( GEOMETRIC_REPRESENTATION_CONTEXT(2) 
PARAMETRIC_REPRESENTATION_CONTEXT() REPRESENTATION_CONTEXT('2D SPACE',''
  ) );
#1348 = PCURVE('',#1349,#1354);
#1349 = PLANE('',#1350);
#1350 = AXIS2_PLACEMENT_3D('',#1351,#1352,#1353);
#1351 = CARTESIAN_POINT('',(-40.5,-75.,27.));
#1352 = DIRECTION('',(1.,0.,-0.));
#1353 = DIRECTION('',(0.,0.,-1.));
#1354 = DEFINITIONAL_REPRESENTATION('',(#1355),#1359);
#1355 = LINE('',#1356,#1357);
#1356 = CARTESIAN_POINT('',(-11.5,-1.));
#1357 = VECTOR('',#1358,1.);
#1358 = DIRECTION('',(1.,-0.));
#1359 = ( GEOMETRIC_REPRESENTATION_CONTEXT(2) 
PARAMETRIC_REPRESENTATION_CONTEXT() REPRESENTATION_CONTEXT('2D SPACE',''
  ) );
#1360 = ORIENTED_EDGE('',*,*,#1361,.T.);
#1361 = EDGE_CURVE('',#1334,#1362,#1364,.T.);
#1362 = VERTEX_POINT('',#1363);
#1363 = CARTESIAN_POINT('',(-20.5,-76.,27.));
#1364 = SURFACE_CURVE('',#1365,(#1369,#1376),.PCURVE_S1.);
#1365 = LINE('',#1366,#1367);
#1366 = CARTESIAN_POINT('',(-72.75,-76.,27.));
#1367 = VECTOR('',#1368,1.);
#1368 = DIRECTION('',(1.,-0.,-0.));
#1369 = PCURVE('',#156,#1370);
#1370 = DEFINITIONAL_REPRESENTATION('',(#1371),#1375);
#1371 = LINE('',#1372,#1373);
#1372 = CARTESIAN_POINT('',(-23.,-32.25));
#1373 = VECTOR('',#1374,1.);
#1374 = DIRECTION('',(-0.,-1.));
#1375 = ( GEOMETRIC_REPRESENTATION_CONTEXT(2) 
PARAMETRIC_REPRESENTATION_CONTEXT() REPRESENTATION_CONTEXT('2D SPACE',''
  ) );
#1376 = PCURVE('',#1377,#1382);
#1377 = PLANE('',#1378);
#1378 = AXIS2_PLACEMENT_3D('',#1379,#1380,#1381);
#1379 = CARTESIAN_POINT('',(-40.5,-75.,27.));
#1380 = DIRECTION('',(0.,0.,1.));
#1381 = DIRECTION('',(-1.,0.,0.));
#1382 = DEFINITIONAL_REPRESENTATION('',(#1383),#1387);
#1383 = LINE('',#1384,#1385);
#1384 = CARTESIAN_POINT('',(32.25,1.));
#1385 = VECTOR('',#1386,1.);
#1386 = DIRECTION('',(-1.,-0.));
#1387 = ( GEOMETRIC_REPRESENTATION_CONTEXT(2) 
PARAMETRIC_REPRESENTATION_CONTEXT() REPRESENTATION_CONTEXT('2D SPACE',''
  ) );
#1388 = ORIENTED_EDGE('',*,*,#1389,.F.);
#1389 = EDGE_CURVE('',#1390,#1362,#1392,.T.);
#1390 = VERTEX_POINT('',#1391);
#1391 = CARTESIAN_POINT('',(-20.5,-76.,50.));
#1392 = SURFACE_CURVE('',#1393,(#1397,#1404),.PCURVE_S1.);
#1393 = LINE('',#1394,#1395);
#1394 = CARTESIAN_POINT('',(-20.5,-76.,38.5));
#1395 = VECTOR('',#1396,1.);
#1396 = DIRECTION('',(-0.,-0.,-1.));
#1397 = PCURVE('',#156,#1398);
#1398 = DEFINITIONAL_REPRESENTATION('',(#1399),#1403);
#1399 = LINE('',#1400,#1401);
#1400 = CARTESIAN_POINT('',(-11.5,-84.5));
#1401 = VECTOR('',#1402,1.);
#1402 = DIRECTION('',(-1.,0.));
#1403 = ( GEOMETRIC_REPRESENTATION_CONTEXT(2) 
PARAMETRIC_REPRESENTATION_CONTEXT() REPRESENTATION_CONTEXT('2D SPACE',''
  ) );
#1404 = PCURVE('',#1405,#1410);
#1405 = PLANE('',#1406);
#1406 = AXIS2_PLACEMENT_3D('',#1407,#1408,#1409);
#1407 = CARTESIAN_POINT('',(-20.5,-75.,27.));
#1408 = DIRECTION('',(1.,0.,-0.));
#1409 = DIRECTION('',(0.,0.,-1.));
#1410 = DEFINITIONAL_REPRESENTATION('',(#1411),#1415);
#1411 = LINE('',#1412,#1413);
#1412 = CARTESIAN_POINT('',(-11.5,-1.));
#1413 = VECTOR('',#1414,1.);
#1414 = DIRECTION('',(1.,-0.));
#1415 = ( GEOMETRIC_REPRESENTATION_CONTEXT(2) 
PARAMETRIC_REPRESENTATION_CONTEXT() REPRESENTATION_CONTEXT('2D SPACE',''
  ) );
#1416 = ORIENTED_EDGE('',*,*,#1417,.T.);
#1417 = EDGE_CURVE('',#1390,#1418,#1420,.T.);
#1418 = VERTEX_POINT('',#1419);
#1419 = CARTESIAN_POINT('',(114.,-76.,50.));
#1420 = SURFACE_CURVE('',#1421,(#1425,#1432),.PCURVE_S1.);
#1421 = LINE('',#1422,#1423);
#1422 = CARTESIAN_POINT('',(-105.,-76.,50.));
#1423 = VECTOR('',#1424,1.);
#1424 = DIRECTION('',(1.,-0.,-0.));
#1425 = PCURVE('',#156,#1426);
#1426 = DEFINITIONAL_REPRESENTATION('',(#1427),#1431);
#1427 = LINE('',#1428,#1429);
#1428 = CARTESIAN_POINT('',(-0.,-0.));
#1429 = VECTOR('',#1430,1.);
#1430 = DIRECTION('',(-0.,-1.));
#1431 = ( GEOMETRIC_REPRESENTATION_CONTEXT(2) 
PARAMETRIC_REPRESENTATION_CONTEXT() REPRESENTATION_CONTEXT('2D SPACE',''
  ) );
#1432 = PCURVE('',#1433,#1438);
#1433 = PLANE('',#1434);
#1434 = AXIS2_PLACEMENT_3D('',#1435,#1436,#1437);
#1435 = CARTESIAN_POINT('',(-105.,-80.,50.));
#1436 = DIRECTION('',(-0.,-0.,-1.));
#1437 = DIRECTION('',(0.,-1.,0.));
#1438 = DEFINITIONAL_REPRESENTATION('',(#1439),#1443);
#1439 = LINE('',#1440,#1441);
#1440 = CARTESIAN_POINT('',(-4.,0.));
#1441 = VECTOR('',#1442,1.);
#1442 = DIRECTION('',(-0.,-1.));
#1443 = ( GEOMETRIC_REPRESENTATION_CONTEXT(2) 
PARAMETRIC_REPRESENTATION_CONTEXT() REPRESENTATION_CONTEXT('2D SPACE',''
  ) );
#1444 = ORIENTED_EDGE('',*,*,#1445,.T.);
#1445 = EDGE_CURVE('',#1418,#1446,#1448,.T.);
#1446 = VERTEX_POINT('',#1447);
#1447 = CARTESIAN_POINT('',(114.,-76.,3.));
#1448 = SURFACE_CURVE('',#1449,(#1453,#1460),.PCURVE_S1.);
#1449 = LINE('',#1450,#1451);
#1450 = CARTESIAN_POINT('',(114.,-76.,50.));
#1451 = VECTOR('',#1452,1.);
#1452 = DIRECTION('',(-0.,-0.,-1.));
#1453 = PCURVE('',#156,#1454);
#1454 = DEFINITIONAL_REPRESENTATION('',(#1455),#1459);
#1455 = LINE('',#1456,#1457);
#1456 = CARTESIAN_POINT('',(-0.,-219.));
#1457 = VECTOR('',#1458,1.);
#1458 = DIRECTION('',(-1.,0.));
#1459 = ( GEOMETRIC_REPRESENTATION_CONTEXT(2) 
PARAMETRIC_REPRESENTATION_CONTEXT() REPRESENTATION_CONTEXT('2D SPACE',''
  ) );
#1460 = PCURVE('',#301,#1461);
#1461 = DEFINITIONAL_REPRESENTATION('',(#1462),#1466);
#1462 = LINE('',#1463,#1464);
#1463 = CARTESIAN_POINT('',(0.,0.));
#1464 = VECTOR('',#1465,1.);
#1465 = DIRECTION('',(0.,1.));
#1466 = ( GEOMETRIC_REPRESENTATION_CONTEXT(2) 
PARAMETRIC_REPRESENTATION_CONTEXT() REPRESENTATION_CONTEXT('2D SPACE',''
  ) );
#1467 = ORIENTED_EDGE('',*,*,#1468,.F.);
#1468 = EDGE_CURVE('',#1469,#1446,#1471,.T.);
#1469 = VERTEX_POINT('',#1470);
#1470 = CARTESIAN_POINT('',(84.,-76.,3.));
#1471 = SURFACE_CURVE('',#1472,(#1476,#1483),.PCURVE_S1.);
#1472 = LINE('',#1473,#1474);
#1473 = CARTESIAN_POINT('',(-10.5,-76.,3.));
#1474 = VECTOR('',#1475,1.);
#1475 = DIRECTION('',(1.,-0.,-0.));
#1476 = PCURVE('',#156,#1477);
#1477 = DEFINITIONAL_REPRESENTATION('',(#1478),#1482);
#1478 = LINE('',#1479,#1480);
#1479 = CARTESIAN_POINT('',(-47.,-94.5));
#1480 = VECTOR('',#1481,1.);
#1481 = DIRECTION('',(-0.,-1.));
#1482 = ( GEOMETRIC_REPRESENTATION_CONTEXT(2) 
PARAMETRIC_REPRESENTATION_CONTEXT() REPRESENTATION_CONTEXT('2D SPACE',''
  ) );
#1483 = PCURVE('',#1484,#1489);
#1484 = PLANE('',#1485);
#1485 = AXIS2_PLACEMENT_3D('',#1486,#1487,#1488);
#1486 = CARTESIAN_POINT('',(84.,-69.,3.));
#1487 = DIRECTION('',(0.,0.,1.));
#1488 = DIRECTION('',(-1.,0.,0.));
#1489 = DEFINITIONAL_REPRESENTATION('',(#1490),#1494);
#1490 = LINE('',#1491,#1492);
#1491 = CARTESIAN_POINT('',(94.5,7.));
#1492 = VECTOR('',#1493,1.);
#1493 = DIRECTION('',(-1.,-0.));
#1494 = ( GEOMETRIC_REPRESENTATION_CONTEXT(2) 
PARAMETRIC_REPRESENTATION_CONTEXT() REPRESENTATION_CONTEXT('2D SPACE',''
  ) );
#1495 = ORIENTED_EDGE('',*,*,#1496,.T.);
#1496 = EDGE_CURVE('',#1469,#141,#1497,.T.);
#1497 = SURFACE_CURVE('',#1498,(#1502,#1509),.PCURVE_S1.);
#1498 = LINE('',#1499,#1500);
#1499 = CARTESIAN_POINT('',(84.,-76.,25.));
#1500 = VECTOR('',#1501,1.);
#1501 = DIRECTION('',(-0.,-0.,-1.));
#1502 = PCURVE('',#156,#1503);
#1503 = DEFINITIONAL_REPRESENTATION('',(#1504),#1508);
#1504 = LINE('',#1505,#1506);
#1505 = CARTESIAN_POINT('',(-25.,-189.));
#1506 = VECTOR('',#1507,1.);
#1507 = DIRECTION('',(-1.,0.));
#1508 = ( GEOMETRIC_REPRESENTATION_CONTEXT(2) 
PARAMETRIC_REPRESENTATION_CONTEXT() REPRESENTATION_CONTEXT('2D SPACE',''
  ) );
#1509 = PCURVE('',#184,#1510);
#1510 = DEFINITIONAL_REPRESENTATION('',(#1511),#1515);
#1511 = LINE('',#1512,#1513);
#1512 = CARTESIAN_POINT('',(-25.,-7.));
#1513 = VECTOR('',#1514,1.);
#1514 = DIRECTION('',(1.,-0.));
#1515 = ( GEOMETRIC_REPRESENTATION_CONTEXT(2) 
PARAMETRIC_REPRESENTATION_CONTEXT() REPRESENTATION_CONTEXT('2D SPACE',''
  ) );
#1516 = ORIENTED_EDGE('',*,*,#140,.F.);
#1517 = ORIENTED_EDGE('',*,*,#1191,.F.);
#1518 = ORIENTED_EDGE('',*,*,#1519,.F.);
#1519 = EDGE_CURVE('',#929,#1167,#1520,.T.);
#1520 = SURFACE_CURVE('',#1521,(#1525,#1532),.PCURVE_S1.);
#1521 = LINE('',#1522,#1523);
#1522 = CARTESIAN_POINT('',(-103.,-76.,3.));
#1523 = VECTOR('',#1524,1.);
#1524 = DIRECTION('',(1.,-0.,-0.));
#1525 = PCURVE('',#156,#1526);
#1526 = DEFINITIONAL_REPRESENTATION('',(#1527),#1531);
#1527 = LINE('',#1528,#1529);
#1528 = CARTESIAN_POINT('',(-47.,-2.));
#1529 = VECTOR('',#1530,1.);
#1530 = DIRECTION('',(-0.,-1.));
#1531 = ( GEOMETRIC_REPRESENTATION_CONTEXT(2) 
PARAMETRIC_REPRESENTATION_CONTEXT() REPRESENTATION_CONTEXT('2D SPACE',''
  ) );
#1532 = PCURVE('',#841,#1533);
#1533 = DEFINITIONAL_REPRESENTATION('',(#1534),#1538);
#1534 = LINE('',#1535,#1536);
#1535 = CARTESIAN_POINT('',(2.,7.));
#1536 = VECTOR('',#1537,1.);
#1537 = DIRECTION('',(-1.,-0.));
#1538 = ( GEOMETRIC_REPRESENTATION_CONTEXT(2) 
PARAMETRIC_REPRESENTATION_CONTEXT() REPRESENTATION_CONTEXT('2D SPACE',''
  ) );
#1539 = FACE_BOUND('',#1540,.T.);
#1540 = EDGE_LOOP('',(#1541,#1571,#1599,#1627));
#1541 = ORIENTED_EDGE('',*,*,#1542,.F.);
#1542 = EDGE_CURVE('',#1543,#1545,#1547,.T.);
#1543 = VERTEX_POINT('',#1544);
#1544 = CARTESIAN_POINT('',(-15.,-76.,40.));
#1545 = VERTEX_POINT('',#1546);
#1546 = CARTESIAN_POINT('',(23.,-76.,40.));
#1547 = SURFACE_CURVE('',#1548,(#1552,#1559),.PCURVE_S1.);
#1548 = LINE('',#1549,#1550);
#1549 = CARTESIAN_POINT('',(-60.,-76.,40.));
#1550 = VECTOR('',#1551,1.);
#1551 = DIRECTION('',(1.,-0.,-0.));
#1552 = PCURVE('',#156,#1553);
#1553 = DEFINITIONAL_REPRESENTATION('',(#1554),#1558);
#1554 = LINE('',#1555,#1556);
#1555 = CARTESIAN_POINT('',(-10.,-45.));
#1556 = VECTOR('',#1557,1.);
#1557 = DIRECTION('',(-0.,-1.));
#1558 = ( GEOMETRIC_REPRESENTATION_CONTEXT(2) 
PARAMETRIC_REPRESENTATION_CONTEXT() REPRESENTATION_CONTEXT('2D SPACE',''
  ) );
#1559 = PCURVE('',#1560,#1565);
#1560 = PLANE('',#1561);
#1561 = AXIS2_PLACEMENT_3D('',#1562,#1563,#1564);
#1562 = CARTESIAN_POINT('',(-15.,-75.,40.));
#1563 = DIRECTION('',(0.,0.,1.));
#1564 = DIRECTION('',(-1.,0.,0.));
#1565 = DEFINITIONAL_REPRESENTATION('',(#1566),#1570);
#1566 = LINE('',#1567,#1568);
#1567 = CARTESIAN_POINT('',(45.,1.));
#1568 = VECTOR('',#1569,1.);
#1569 = DIRECTION('',(-1.,-0.));
#1570 = ( GEOMETRIC_REPRESENTATION_CONTEXT(2) 
PARAMETRIC_REPRESENTATION_CONTEXT() REPRESENTATION_CONTEXT('2D SPACE',''
  ) );
#1571 = ORIENTED_EDGE('',*,*,#1572,.T.);
#1572 = EDGE_CURVE('',#1543,#1573,#1575,.T.);
#1573 = VERTEX_POINT('',#1574);
#1574 = CARTESIAN_POINT('',(-15.,-76.,2.));
#1575 = SURFACE_CURVE('',#1576,(#1580,#1587),.PCURVE_S1.);
#1576 = LINE('',#1577,#1578);
#1577 = CARTESIAN_POINT('',(-15.,-76.,26.));
#1578 = VECTOR('',#1579,1.);
#1579 = DIRECTION('',(-0.,-0.,-1.));
#1580 = PCURVE('',#156,#1581);
#1581 = DEFINITIONAL_REPRESENTATION('',(#1582),#1586);
#1582 = LINE('',#1583,#1584);
#1583 = CARTESIAN_POINT('',(-24.,-90.));
#1584 = VECTOR('',#1585,1.);
#1585 = DIRECTION('',(-1.,0.));
#1586 = ( GEOMETRIC_REPRESENTATION_CONTEXT(2) 
PARAMETRIC_REPRESENTATION_CONTEXT() REPRESENTATION_CONTEXT('2D SPACE',''
  ) );
#1587 = PCURVE('',#1588,#1593);
#1588 = PLANE('',#1589);
#1589 = AXIS2_PLACEMENT_3D('',#1590,#1591,#1592);
#1590 = CARTESIAN_POINT('',(-15.,-75.,2.));
#1591 = DIRECTION('',(1.,0.,-0.));
#1592 = DIRECTION('',(0.,0.,-1.));
#1593 = DEFINITIONAL_REPRESENTATION('',(#1594),#1598);
#1594 = LINE('',#1595,#1596);
#1595 = CARTESIAN_POINT('',(-24.,-1.));
#1596 = VECTOR('',#1597,1.);
#1597 = DIRECTION('',(1.,-0.));
#1598 = ( GEOMETRIC_REPRESENTATION_CONTEXT(2) 
PARAMETRIC_REPRESENTATION_CONTEXT() REPRESENTATION_CONTEXT('2D SPACE',''
  ) );
#1599 = ORIENTED_EDGE('',*,*,#1600,.T.);
#1600 = EDGE_CURVE('',#1573,#1601,#1603,.T.);
#1601 = VERTEX_POINT('',#1602);
#1602 = CARTESIAN_POINT('',(23.,-76.,2.));
#1603 = SURFACE_CURVE('',#1604,(#1608,#1615),.PCURVE_S1.);
#1604 = LINE('',#1605,#1606);
#1605 = CARTESIAN_POINT('',(-60.,-76.,2.));
#1606 = VECTOR('',#1607,1.);
#1607 = DIRECTION('',(1.,-0.,-0.));
#1608 = PCURVE('',#156,#1609);
#1609 = DEFINITIONAL_REPRESENTATION('',(#1610),#1614);
#1610 = LINE('',#1611,#1612);
#1611 = CARTESIAN_POINT('',(-48.,-45.));
#1612 = VECTOR('',#1613,1.);
#1613 = DIRECTION('',(-0.,-1.));
#1614 = ( GEOMETRIC_REPRESENTATION_CONTEXT(2) 
PARAMETRIC_REPRESENTATION_CONTEXT() REPRESENTATION_CONTEXT('2D SPACE',''
  ) );
#1615 = PCURVE('',#1616,#1621);
#1616 = PLANE('',#1617);
#1617 = AXIS2_PLACEMENT_3D('',#1618,#1619,#1620);
#1618 = CARTESIAN_POINT('',(-15.,-75.,2.));
#1619 = DIRECTION('',(0.,0.,1.));
#1620 = DIRECTION('',(-1.,0.,0.));
#1621 = DEFINITIONAL_REPRESENTATION('',(#1622),#1626);
#1622 = LINE('',#1623,#1624);
#1623 = CARTESIAN_POINT('',(45.,1.));
#1624 = VECTOR('',#1625,1.);
#1625 = DIRECTION('',(-1.,-0.));
#1626 = ( GEOMETRIC_REPRESENTATION_CONTEXT(2) 
PARAMETRIC_REPRESENTATION_CONTEXT() REPRESENTATION_CONTEXT('2D SPACE',''
  ) );
#1627 = ORIENTED_EDGE('',*,*,#1628,.F.);
#1628 = EDGE_CURVE('',#1545,#1601,#1629,.T.);
#1629 = SURFACE_CURVE('',#1630,(#1634,#1641),.PCURVE_S1.);
#1630 = LINE('',#1631,#1632);
#1631 = CARTESIAN_POINT('',(23.,-76.,26.));
#1632 = VECTOR('',#1633,1.);
#1633 = DIRECTION('',(-0.,-0.,-1.));
#1634 = PCURVE('',#156,#1635);
#1635 = DEFINITIONAL_REPRESENTATION('',(#1636),#1640);
#1636 = LINE('',#1637,#1638);
#1637 = CARTESIAN_POINT('',(-24.,-128.));
#1638 = VECTOR('',#1639,1.);
#1639 = DIRECTION('',(-1.,0.));
#1640 = ( GEOMETRIC_REPRESENTATION_CONTEXT(2) 
PARAMETRIC_REPRESENTATION_CONTEXT() REPRESENTATION_CONTEXT('2D SPACE',''
  ) );
#1641 = PCURVE('',#1642,#1647);
#1642 = PLANE('',#1643);
#1643 = AXIS2_PLACEMENT_3D('',#1644,#1645,#1646);
#1644 = CARTESIAN_POINT('',(23.,-75.,2.));
#1645 = DIRECTION('',(1.,0.,-0.));
#1646 = DIRECTION('',(0.,0.,-1.));
#1647 = DEFINITIONAL_REPRESENTATION('',(#1648),#1652);
#1648 = LINE('',#1649,#1650);
#1649 = CARTESIAN_POINT('',(-24.,-1.));
#1650 = VECTOR('',#1651,1.);
#1651 = DIRECTION('',(1.,-0.));
#1652 = ( GEOMETRIC_REPRESENTATION_CONTEXT(2) 
PARAMETRIC_REPRESENTATION_CONTEXT() REPRESENTATION_CONTEXT('2D SPACE',''
  ) );
#1653 = ADVANCED_FACE('',(#1654,#1916,#2030,#2144,#2258,#2372,#2486),
  #390,.F.);
#1654 = FACE_BOUND('',#1655,.T.);
#1655 = EDGE_LOOP('',(#1656,#1657,#1658,#1681,#1709,#1732,#1760,#1788,
    #1816,#1844,#1872,#1895));
#1656 = ORIENTED_EDGE('',*,*,#1248,.F.);
#1657 = ORIENTED_EDGE('',*,*,#374,.T.);
#1658 = ORIENTED_EDGE('',*,*,#1659,.T.);
#1659 = EDGE_CURVE('',#342,#1660,#1662,.T.);
#1660 = VERTEX_POINT('',#1661);
#1661 = CARTESIAN_POINT('',(114.,-94.,40.));
#1662 = SURFACE_CURVE('',#1663,(#1667,#1674),.PCURVE_S1.);
#1663 = LINE('',#1664,#1665);
#1664 = CARTESIAN_POINT('',(114.,-94.,0.));
#1665 = VECTOR('',#1666,1.);
#1666 = DIRECTION('',(-0.,-0.,1.));
#1667 = PCURVE('',#390,#1668);
#1668 = DEFINITIONAL_REPRESENTATION('',(#1669),#1673);
#1669 = LINE('',#1670,#1671);
#1670 = CARTESIAN_POINT('',(-0.,-219.));
#1671 = VECTOR('',#1672,1.);
#1672 = DIRECTION('',(-1.,0.));
#1673 = ( GEOMETRIC_REPRESENTATION_CONTEXT(2) 
PARAMETRIC_REPRESENTATION_CONTEXT() REPRESENTATION_CONTEXT('2D SPACE',''
  ) );
#1674 = PCURVE('',#362,#1675);
#1675 = DEFINITIONAL_REPRESENTATION('',(#1676),#1680);
#1676 = LINE('',#1677,#1678);
#1677 = CARTESIAN_POINT('',(-1.570796326795,0.));
#1678 = VECTOR('',#1679,1.);
#1679 = DIRECTION('',(-0.,1.));
#1680 = ( GEOMETRIC_REPRESENTATION_CONTEXT(2) 
PARAMETRIC_REPRESENTATION_CONTEXT() REPRESENTATION_CONTEXT('2D SPACE',''
  ) );
#1681 = ORIENTED_EDGE('',*,*,#1682,.F.);
#1682 = EDGE_CURVE('',#1683,#1660,#1685,.T.);
#1683 = VERTEX_POINT('',#1684);
#1684 = CARTESIAN_POINT('',(-20.5,-94.,40.));
#1685 = SURFACE_CURVE('',#1686,(#1690,#1697),.PCURVE_S1.);
#1686 = LINE('',#1687,#1688);
#1687 = CARTESIAN_POINT('',(-105.,-94.,40.));
#1688 = VECTOR('',#1689,1.);
#1689 = DIRECTION('',(1.,-0.,-0.));
#1690 = PCURVE('',#390,#1691);
#1691 = DEFINITIONAL_REPRESENTATION('',(#1692),#1696);
#1692 = LINE('',#1693,#1694);
#1693 = CARTESIAN_POINT('',(-40.,-0.));
#1694 = VECTOR('',#1695,1.);
#1695 = DIRECTION('',(-0.,-1.));
#1696 = ( GEOMETRIC_REPRESENTATION_CONTEXT(2) 
PARAMETRIC_REPRESENTATION_CONTEXT() REPRESENTATION_CONTEXT('2D SPACE',''
  ) );
#1697 = PCURVE('',#1698,#1703);
#1698 = PLANE('',#1699);
#1699 = AXIS2_PLACEMENT_3D('',#1700,#1701,#1702);
#1700 = CARTESIAN_POINT('',(-105.,-94.,40.));
#1701 = DIRECTION('',(0.,0.813733471207,-0.581238193719));
#1702 = DIRECTION('',(0.,-0.581238193719,-0.813733471207));
#1703 = DEFINITIONAL_REPRESENTATION('',(#1704),#1708);
#1704 = LINE('',#1705,#1706);
#1705 = CARTESIAN_POINT('',(-0.,0.));
#1706 = VECTOR('',#1707,1.);
#1707 = DIRECTION('',(-0.,-1.));
#1708 = ( GEOMETRIC_REPRESENTATION_CONTEXT(2) 
PARAMETRIC_REPRESENTATION_CONTEXT() REPRESENTATION_CONTEXT('2D SPACE',''
  ) );
#1709 = ORIENTED_EDGE('',*,*,#1710,.F.);
#1710 = EDGE_CURVE('',#1711,#1683,#1713,.T.);
#1711 = VERTEX_POINT('',#1712);
#1712 = CARTESIAN_POINT('',(-20.5,-94.,30.));
#1713 = SURFACE_CURVE('',#1714,(#1718,#1725),.PCURVE_S1.);
#1714 = LINE('',#1715,#1716);
#1715 = CARTESIAN_POINT('',(-20.5,-94.,13.5));
#1716 = VECTOR('',#1717,1.);
#1717 = DIRECTION('',(-0.,-0.,1.));
#1718 = PCURVE('',#390,#1719);
#1719 = DEFINITIONAL_REPRESENTATION('',(#1720),#1724);
#1720 = LINE('',#1721,#1722);
#1721 = CARTESIAN_POINT('',(-13.5,-84.5));
#1722 = VECTOR('',#1723,1.);
#1723 = DIRECTION('',(-1.,0.));
#1724 = ( GEOMETRIC_REPRESENTATION_CONTEXT(2) 
PARAMETRIC_REPRESENTATION_CONTEXT() REPRESENTATION_CONTEXT('2D SPACE',''
  ) );
#1725 = PCURVE('',#1405,#1726);
#1726 = DEFINITIONAL_REPRESENTATION('',(#1727),#1731);
#1727 = LINE('',#1728,#1729);
#1728 = CARTESIAN_POINT('',(13.5,-19.));
#1729 = VECTOR('',#1730,1.);
#1730 = DIRECTION('',(-1.,0.));
#1731 = ( GEOMETRIC_REPRESENTATION_CONTEXT(2) 
PARAMETRIC_REPRESENTATION_CONTEXT() REPRESENTATION_CONTEXT('2D SPACE',''
  ) );
#1732 = ORIENTED_EDGE('',*,*,#1733,.F.);
#1733 = EDGE_CURVE('',#1734,#1711,#1736,.T.);
#1734 = VERTEX_POINT('',#1735);
#1735 = CARTESIAN_POINT('',(-19.,-94.,30.));
#1736 = SURFACE_CURVE('',#1737,(#1741,#1748),.PCURVE_S1.);
#1737 = LINE('',#1738,#1739);
#1738 = CARTESIAN_POINT('',(-68.,-94.,30.));
#1739 = VECTOR('',#1740,1.);
#1740 = DIRECTION('',(-1.,-0.,-0.));
#1741 = PCURVE('',#390,#1742);
#1742 = DEFINITIONAL_REPRESENTATION('',(#1743),#1747);
#1743 = LINE('',#1744,#1745);
#1744 = CARTESIAN_POINT('',(-30.,-37.));
#1745 = VECTOR('',#1746,1.);
#1746 = DIRECTION('',(-0.,1.));
#1747 = ( GEOMETRIC_REPRESENTATION_CONTEXT(2) 
PARAMETRIC_REPRESENTATION_CONTEXT() REPRESENTATION_CONTEXT('2D SPACE',''
  ) );
#1748 = PCURVE('',#1749,#1754);
#1749 = PLANE('',#1750);
#1750 = AXIS2_PLACEMENT_3D('',#1751,#1752,#1753);
#1751 = CARTESIAN_POINT('',(-31.,-89.,30.));
#1752 = DIRECTION('',(0.,0.,1.));
#1753 = DIRECTION('',(-1.,0.,0.));
#1754 = DEFINITIONAL_REPRESENTATION('',(#1755),#1759);
#1755 = LINE('',#1756,#1757);
#1756 = CARTESIAN_POINT('',(37.,5.));
#1757 = VECTOR('',#1758,1.);
#1758 = DIRECTION('',(1.,-0.));
#1759 = ( GEOMETRIC_REPRESENTATION_CONTEXT(2) 
PARAMETRIC_REPRESENTATION_CONTEXT() REPRESENTATION_CONTEXT('2D SPACE',''
  ) );
#1760 = ORIENTED_EDGE('',*,*,#1761,.F.);
#1761 = EDGE_CURVE('',#1762,#1734,#1764,.T.);
#1762 = VERTEX_POINT('',#1763);
#1763 = CARTESIAN_POINT('',(-19.,-94.,10.));
#1764 = SURFACE_CURVE('',#1765,(#1769,#1776),.PCURVE_S1.);
#1765 = LINE('',#1766,#1767);
#1766 = CARTESIAN_POINT('',(-19.,-94.,5.));
#1767 = VECTOR('',#1768,1.);
#1768 = DIRECTION('',(-0.,-0.,1.));
#1769 = PCURVE('',#390,#1770);
#1770 = DEFINITIONAL_REPRESENTATION('',(#1771),#1775);
#1771 = LINE('',#1772,#1773);
#1772 = CARTESIAN_POINT('',(-5.,-86.));
#1773 = VECTOR('',#1774,1.);
#1774 = DIRECTION('',(-1.,0.));
#1775 = ( GEOMETRIC_REPRESENTATION_CONTEXT(2) 
PARAMETRIC_REPRESENTATION_CONTEXT() REPRESENTATION_CONTEXT('2D SPACE',''
  ) );
#1776 = PCURVE('',#1777,#1782);
#1777 = PLANE('',#1778);
#1778 = AXIS2_PLACEMENT_3D('',#1779,#1780,#1781);
#1779 = CARTESIAN_POINT('',(-19.,-89.,10.));
#1780 = DIRECTION('',(1.,0.,-0.));
#1781 = DIRECTION('',(0.,0.,-1.));
#1782 = DEFINITIONAL_REPRESENTATION('',(#1783),#1787);
#1783 = LINE('',#1784,#1785);
#1784 = CARTESIAN_POINT('',(5.,-5.));
#1785 = VECTOR('',#1786,1.);
#1786 = DIRECTION('',(-1.,0.));
#1787 = ( GEOMETRIC_REPRESENTATION_CONTEXT(2) 
PARAMETRIC_REPRESENTATION_CONTEXT() REPRESENTATION_CONTEXT('2D SPACE',''
  ) );
#1788 = ORIENTED_EDGE('',*,*,#1789,.T.);
#1789 = EDGE_CURVE('',#1762,#1790,#1792,.T.);
#1790 = VERTEX_POINT('',#1791);
#1791 = CARTESIAN_POINT('',(-31.,-94.,10.));
#1792 = SURFACE_CURVE('',#1793,(#1797,#1804),.PCURVE_S1.);
#1793 = LINE('',#1794,#1795);
#1794 = CARTESIAN_POINT('',(-68.,-94.,10.));
#1795 = VECTOR('',#1796,1.);
#1796 = DIRECTION('',(-1.,-0.,-0.));
#1797 = PCURVE('',#390,#1798);
#1798 = DEFINITIONAL_REPRESENTATION('',(#1799),#1803);
#1799 = LINE('',#1800,#1801);
#1800 = CARTESIAN_POINT('',(-10.,-37.));
#1801 = VECTOR('',#1802,1.);
#1802 = DIRECTION('',(-0.,1.));
#1803 = ( GEOMETRIC_REPRESENTATION_CONTEXT(2) 
PARAMETRIC_REPRESENTATION_CONTEXT() REPRESENTATION_CONTEXT('2D SPACE',''
  ) );
#1804 = PCURVE('',#1805,#1810);
#1805 = PLANE('',#1806);
#1806 = AXIS2_PLACEMENT_3D('',#1807,#1808,#1809);
#1807 = CARTESIAN_POINT('',(-31.,-89.,10.));
#1808 = DIRECTION('',(0.,0.,1.));
#1809 = DIRECTION('',(-1.,0.,0.));
#1810 = DEFINITIONAL_REPRESENTATION('',(#1811),#1815);
#1811 = LINE('',#1812,#1813);
#1812 = CARTESIAN_POINT('',(37.,5.));
#1813 = VECTOR('',#1814,1.);
#1814 = DIRECTION('',(1.,-0.));
#1815 = ( GEOMETRIC_REPRESENTATION_CONTEXT(2) 
PARAMETRIC_REPRESENTATION_CONTEXT() REPRESENTATION_CONTEXT('2D SPACE',''
  ) );
#1816 = ORIENTED_EDGE('',*,*,#1817,.T.);
#1817 = EDGE_CURVE('',#1790,#1818,#1820,.T.);
#1818 = VERTEX_POINT('',#1819);
#1819 = CARTESIAN_POINT('',(-31.,-94.,27.));
#1820 = SURFACE_CURVE('',#1821,(#1825,#1832),.PCURVE_S1.);
#1821 = LINE('',#1822,#1823);
#1822 = CARTESIAN_POINT('',(-31.,-94.,5.));
#1823 = VECTOR('',#1824,1.);
#1824 = DIRECTION('',(-0.,-0.,1.));
#1825 = PCURVE('',#390,#1826);
#1826 = DEFINITIONAL_REPRESENTATION('',(#1827),#1831);
#1827 = LINE('',#1828,#1829);
#1828 = CARTESIAN_POINT('',(-5.,-74.));
#1829 = VECTOR('',#1830,1.);
#1830 = DIRECTION('',(-1.,0.));
#1831 = ( GEOMETRIC_REPRESENTATION_CONTEXT(2) 
PARAMETRIC_REPRESENTATION_CONTEXT() REPRESENTATION_CONTEXT('2D SPACE',''
  ) );
#1832 = PCURVE('',#1833,#1838);
#1833 = PLANE('',#1834);
#1834 = AXIS2_PLACEMENT_3D('',#1835,#1836,#1837);
#1835 = CARTESIAN_POINT('',(-31.,-89.,10.));
#1836 = DIRECTION('',(1.,0.,-0.));
#1837 = DIRECTION('',(0.,0.,-1.));
#1838 = DEFINITIONAL_REPRESENTATION('',(#1839),#1843);
#1839 = LINE('',#1840,#1841);
#1840 = CARTESIAN_POINT('',(5.,-5.));
#1841 = VECTOR('',#1842,1.);
#1842 = DIRECTION('',(-1.,0.));
#1843 = ( GEOMETRIC_REPRESENTATION_CONTEXT(2) 
PARAMETRIC_REPRESENTATION_CONTEXT() REPRESENTATION_CONTEXT('2D SPACE',''
  ) );
#1844 = ORIENTED_EDGE('',*,*,#1845,.T.);
#1845 = EDGE_CURVE('',#1818,#1846,#1848,.T.);
#1846 = VERTEX_POINT('',#1847);
#1847 = CARTESIAN_POINT('',(-40.5,-94.,27.));
#1848 = SURFACE_CURVE('',#1849,(#1853,#1860),.PCURVE_S1.);
#1849 = LINE('',#1850,#1851);
#1850 = CARTESIAN_POINT('',(-72.75,-94.,27.));
#1851 = VECTOR('',#1852,1.);
#1852 = DIRECTION('',(-1.,-0.,-0.));
#1853 = PCURVE('',#390,#1854);
#1854 = DEFINITIONAL_REPRESENTATION('',(#1855),#1859);
#1855 = LINE('',#1856,#1857);
#1856 = CARTESIAN_POINT('',(-27.,-32.25));
#1857 = VECTOR('',#1858,1.);
#1858 = DIRECTION('',(-0.,1.));
#1859 = ( GEOMETRIC_REPRESENTATION_CONTEXT(2) 
PARAMETRIC_REPRESENTATION_CONTEXT() REPRESENTATION_CONTEXT('2D SPACE',''
  ) );
#1860 = PCURVE('',#1861,#1866);
#1861 = PLANE('',#1862);
#1862 = AXIS2_PLACEMENT_3D('',#1863,#1864,#1865);
#1863 = CARTESIAN_POINT('',(-40.5,-75.,27.));
#1864 = DIRECTION('',(0.,0.,1.));
#1865 = DIRECTION('',(-1.,0.,0.));
#1866 = DEFINITIONAL_REPRESENTATION('',(#1867),#1871);
#1867 = LINE('',#1868,#1869);
#1868 = CARTESIAN_POINT('',(32.25,19.));
#1869 = VECTOR('',#1870,1.);
#1870 = DIRECTION('',(1.,-0.));
#1871 = ( GEOMETRIC_REPRESENTATION_CONTEXT(2) 
PARAMETRIC_REPRESENTATION_CONTEXT() REPRESENTATION_CONTEXT('2D SPACE',''
  ) );
#1872 = ORIENTED_EDGE('',*,*,#1873,.T.);
#1873 = EDGE_CURVE('',#1846,#1874,#1876,.T.);
#1874 = VERTEX_POINT('',#1875);
#1875 = CARTESIAN_POINT('',(-40.5,-94.,40.));
#1876 = SURFACE_CURVE('',#1877,(#1881,#1888),.PCURVE_S1.);
#1877 = LINE('',#1878,#1879);
#1878 = CARTESIAN_POINT('',(-40.5,-94.,13.5));
#1879 = VECTOR('',#1880,1.);
#1880 = DIRECTION('',(-0.,-0.,1.));
#1881 = PCURVE('',#390,#1882);
#1882 = DEFINITIONAL_REPRESENTATION('',(#1883),#1887);
#1883 = LINE('',#1884,#1885);
#1884 = CARTESIAN_POINT('',(-13.5,-64.5));
#1885 = VECTOR('',#1886,1.);
#1886 = DIRECTION('',(-1.,0.));
#1887 = ( GEOMETRIC_REPRESENTATION_CONTEXT(2) 
PARAMETRIC_REPRESENTATION_CONTEXT() REPRESENTATION_CONTEXT('2D SPACE',''
  ) );
#1888 = PCURVE('',#1349,#1889);
#1889 = DEFINITIONAL_REPRESENTATION('',(#1890),#1894);
#1890 = LINE('',#1891,#1892);
#1891 = CARTESIAN_POINT('',(13.5,-19.));
#1892 = VECTOR('',#1893,1.);
#1893 = DIRECTION('',(-1.,0.));
#1894 = ( GEOMETRIC_REPRESENTATION_CONTEXT(2) 
PARAMETRIC_REPRESENTATION_CONTEXT() REPRESENTATION_CONTEXT('2D SPACE',''
  ) );
#1895 = ORIENTED_EDGE('',*,*,#1896,.F.);
#1896 = EDGE_CURVE('',#1249,#1874,#1897,.T.);
#1897 = SURFACE_CURVE('',#1898,(#1902,#1909),.PCURVE_S1.);
#1898 = LINE('',#1899,#1900);
#1899 = CARTESIAN_POINT('',(-105.,-94.,40.));
#1900 = VECTOR('',#1901,1.);
#1901 = DIRECTION('',(1.,-0.,-0.));
#1902 = PCURVE('',#390,#1903);
#1903 = DEFINITIONAL_REPRESENTATION('',(#1904),#1908);
#1904 = LINE('',#1905,#1906);
#1905 = CARTESIAN_POINT('',(-40.,-0.));
#1906 = VECTOR('',#1907,1.);
#1907 = DIRECTION('',(-0.,-1.));
#1908 = ( GEOMETRIC_REPRESENTATION_CONTEXT(2) 
PARAMETRIC_REPRESENTATION_CONTEXT() REPRESENTATION_CONTEXT('2D SPACE',''
  ) );
#1909 = PCURVE('',#1290,#1910);
#1910 = DEFINITIONAL_REPRESENTATION('',(#1911),#1915);
#1911 = LINE('',#1912,#1913);
#1912 = CARTESIAN_POINT('',(-0.,0.));
#1913 = VECTOR('',#1914,1.);
#1914 = DIRECTION('',(-0.,-1.));
#1915 = ( GEOMETRIC_REPRESENTATION_CONTEXT(2) 
PARAMETRIC_REPRESENTATION_CONTEXT() REPRESENTATION_CONTEXT('2D SPACE',''
  ) );
#1916 = FACE_BOUND('',#1917,.T.);
#1917 = EDGE_LOOP('',(#1918,#1948,#1976,#2004));
#1918 = ORIENTED_EDGE('',*,*,#1919,.T.);
#1919 = EDGE_CURVE('',#1920,#1922,#1924,.T.);
#1920 = VERTEX_POINT('',#1921);
#1921 = CARTESIAN_POINT('',(69.,-94.,10.));
#1922 = VERTEX_POINT('',#1923);
#1923 = CARTESIAN_POINT('',(57.,-94.,10.));
#1924 = SURFACE_CURVE('',#1925,(#1929,#1936),.PCURVE_S1.);
#1925 = LINE('',#1926,#1927);
#1926 = CARTESIAN_POINT('',(-24.,-94.,10.));
#1927 = VECTOR('',#1928,1.);
#1928 = DIRECTION('',(-1.,-0.,-0.));
#1929 = PCURVE('',#390,#1930);
#1930 = DEFINITIONAL_REPRESENTATION('',(#1931),#1935);
#1931 = LINE('',#1932,#1933);
#1932 = CARTESIAN_POINT('',(-10.,-81.));
#1933 = VECTOR('',#1934,1.);
#1934 = DIRECTION('',(-0.,1.));
#1935 = ( GEOMETRIC_REPRESENTATION_CONTEXT(2) 
PARAMETRIC_REPRESENTATION_CONTEXT() REPRESENTATION_CONTEXT('2D SPACE',''
  ) );
#1936 = PCURVE('',#1937,#1942);
#1937 = PLANE('',#1938);
#1938 = AXIS2_PLACEMENT_3D('',#1939,#1940,#1941);
#1939 = CARTESIAN_POINT('',(57.,-89.,10.));
#1940 = DIRECTION('',(0.,0.,1.));
#1941 = DIRECTION('',(-1.,0.,0.));
#1942 = DEFINITIONAL_REPRESENTATION('',(#1943),#1947);
#1943 = LINE('',#1944,#1945);
#1944 = CARTESIAN_POINT('',(81.,5.));
#1945 = VECTOR('',#1946,1.);
#1946 = DIRECTION('',(1.,-0.));
#1947 = ( GEOMETRIC_REPRESENTATION_CONTEXT(2) 
PARAMETRIC_REPRESENTATION_CONTEXT() REPRESENTATION_CONTEXT('2D SPACE',''
  ) );
#1948 = ORIENTED_EDGE('',*,*,#1949,.T.);
#1949 = EDGE_CURVE('',#1922,#1950,#1952,.T.);
#1950 = VERTEX_POINT('',#1951);
#1951 = CARTESIAN_POINT('',(57.,-94.,30.));
#1952 = SURFACE_CURVE('',#1953,(#1957,#1964),.PCURVE_S1.);
#1953 = LINE('',#1954,#1955);
#1954 = CARTESIAN_POINT('',(57.,-94.,5.));
#1955 = VECTOR('',#1956,1.);
#1956 = DIRECTION('',(-0.,-0.,1.));
#1957 = PCURVE('',#390,#1958);
#1958 = DEFINITIONAL_REPRESENTATION('',(#1959),#1963);
#1959 = LINE('',#1960,#1961);
#1960 = CARTESIAN_POINT('',(-5.,-162.));
#1961 = VECTOR('',#1962,1.);
#1962 = DIRECTION('',(-1.,0.));
#1963 = ( GEOMETRIC_REPRESENTATION_CONTEXT(2) 
PARAMETRIC_REPRESENTATION_CONTEXT() REPRESENTATION_CONTEXT('2D SPACE',''
  ) );
#1964 = PCURVE('',#1965,#1970);
#1965 = PLANE('',#1966);
#1966 = AXIS2_PLACEMENT_3D('',#1967,#1968,#1969);
#1967 = CARTESIAN_POINT('',(57.,-89.,10.));
#1968 = DIRECTION('',(1.,0.,-0.));
#1969 = DIRECTION('',(0.,0.,-1.));
#1970 = DEFINITIONAL_REPRESENTATION('',(#1971),#1975);
#1971 = LINE('',#1972,#1973);
#1972 = CARTESIAN_POINT('',(5.,-5.));
#1973 = VECTOR('',#1974,1.);
#1974 = DIRECTION('',(-1.,0.));
#1975 = ( GEOMETRIC_REPRESENTATION_CONTEXT(2) 
PARAMETRIC_REPRESENTATION_CONTEXT() REPRESENTATION_CONTEXT('2D SPACE',''
  ) );
#1976 = ORIENTED_EDGE('',*,*,#1977,.F.);
#1977 = EDGE_CURVE('',#1978,#1950,#1980,.T.);
#1978 = VERTEX_POINT('',#1979);
#1979 = CARTESIAN_POINT('',(69.,-94.,30.));
#1980 = SURFACE_CURVE('',#1981,(#1985,#1992),.PCURVE_S1.);
#1981 = LINE('',#1982,#1983);
#1982 = CARTESIAN_POINT('',(-24.,-94.,30.));
#1983 = VECTOR('',#1984,1.);
#1984 = DIRECTION('',(-1.,-0.,-0.));
#1985 = PCURVE('',#390,#1986);
#1986 = DEFINITIONAL_REPRESENTATION('',(#1987),#1991);
#1987 = LINE('',#1988,#1989);
#1988 = CARTESIAN_POINT('',(-30.,-81.));
#1989 = VECTOR('',#1990,1.);
#1990 = DIRECTION('',(-0.,1.));
#1991 = ( GEOMETRIC_REPRESENTATION_CONTEXT(2) 
PARAMETRIC_REPRESENTATION_CONTEXT() REPRESENTATION_CONTEXT('2D SPACE',''
  ) );
#1992 = PCURVE('',#1993,#1998);
#1993 = PLANE('',#1994);
#1994 = AXIS2_PLACEMENT_3D('',#1995,#1996,#1997);
#1995 = CARTESIAN_POINT('',(57.,-89.,30.));
#1996 = DIRECTION('',(0.,0.,1.));
#1997 = DIRECTION('',(-1.,0.,0.));
#1998 = DEFINITIONAL_REPRESENTATION('',(#1999),#2003);
#1999 = LINE('',#2000,#2001);
#2000 = CARTESIAN_POINT('',(81.,5.));
#2001 = VECTOR('',#2002,1.);
#2002 = DIRECTION('',(1.,-0.));
#2003 = ( GEOMETRIC_REPRESENTATION_CONTEXT(2) 
PARAMETRIC_REPRESENTATION_CONTEXT() REPRESENTATION_CONTEXT('2D SPACE',''
  ) );
#2004 = ORIENTED_EDGE('',*,*,#2005,.F.);
#2005 = EDGE_CURVE('',#1920,#1978,#2006,.T.);
#2006 = SURFACE_CURVE('',#2007,(#2011,#2018),.PCURVE_S1.);
#2007 = LINE('',#2008,#2009);
#2008 = CARTESIAN_POINT('',(69.,-94.,5.));
#2009 = VECTOR('',#2010,1.);
#2010 = DIRECTION('',(-0.,-0.,1.));
#2011 = PCURVE('',#390,#2012);
#2012 = DEFINITIONAL_REPRESENTATION('',(#2013),#2017);
#2013 = LINE('',#2014,#2015);
#2014 = CARTESIAN_POINT('',(-5.,-174.));
#2015 = VECTOR('',#2016,1.);
#2016 = DIRECTION('',(-1.,0.));
#2017 = ( GEOMETRIC_REPRESENTATION_CONTEXT(2) 
PARAMETRIC_REPRESENTATION_CONTEXT() REPRESENTATION_CONTEXT('2D SPACE',''
  ) );
#2018 = PCURVE('',#2019,#2024);
#2019 = PLANE('',#2020);
#2020 = AXIS2_PLACEMENT_3D('',#2021,#2022,#2023);
#2021 = CARTESIAN_POINT('',(69.,-89.,10.));
#2022 = DIRECTION('',(1.,0.,-0.));
#2023 = DIRECTION('',(0.,0.,-1.));
#2024 = DEFINITIONAL_REPRESENTATION('',(#2025),#2029);
#2025 = LINE('',#2026,#2027);
#2026 = CARTESIAN_POINT('',(5.,-5.));
#2027 = VECTOR('',#2028,1.);
#2028 = DIRECTION('',(-1.,0.));
#2029 = ( GEOMETRIC_REPRESENTATION_CONTEXT(2) 
PARAMETRIC_REPRESENTATION_CONTEXT() REPRESENTATION_CONTEXT('2D SPACE',''
  ) );
#2030 = FACE_BOUND('',#2031,.T.);
#2031 = EDGE_LOOP('',(#2032,#2062,#2090,#2118));
#2032 = ORIENTED_EDGE('',*,*,#2033,.T.);
#2033 = EDGE_CURVE('',#2034,#2036,#2038,.T.);
#2034 = VERTEX_POINT('',#2035);
#2035 = CARTESIAN_POINT('',(47.,-94.,10.));
#2036 = VERTEX_POINT('',#2037);
#2037 = CARTESIAN_POINT('',(35.,-94.,10.));
#2038 = SURFACE_CURVE('',#2039,(#2043,#2050),.PCURVE_S1.);
#2039 = LINE('',#2040,#2041);
#2040 = CARTESIAN_POINT('',(-35.,-94.,10.));
#2041 = VECTOR('',#2042,1.);
#2042 = DIRECTION('',(-1.,-0.,-0.));
#2043 = PCURVE('',#390,#2044);
#2044 = DEFINITIONAL_REPRESENTATION('',(#2045),#2049);
#2045 = LINE('',#2046,#2047);
#2046 = CARTESIAN_POINT('',(-10.,-70.));
#2047 = VECTOR('',#2048,1.);
#2048 = DIRECTION('',(-0.,1.));
#2049 = ( GEOMETRIC_REPRESENTATION_CONTEXT(2) 
PARAMETRIC_REPRESENTATION_CONTEXT() REPRESENTATION_CONTEXT('2D SPACE',''
  ) );
#2050 = PCURVE('',#2051,#2056);
#2051 = PLANE('',#2052);
#2052 = AXIS2_PLACEMENT_3D('',#2053,#2054,#2055);
#2053 = CARTESIAN_POINT('',(35.,-89.,10.));
#2054 = DIRECTION('',(0.,0.,1.));
#2055 = DIRECTION('',(-1.,0.,0.));
#2056 = DEFINITIONAL_REPRESENTATION('',(#2057),#2061);
#2057 = LINE('',#2058,#2059);
#2058 = CARTESIAN_POINT('',(70.,5.));
#2059 = VECTOR('',#2060,1.);
#2060 = DIRECTION('',(1.,-0.));
#2061 = ( GEOMETRIC_REPRESENTATION_CONTEXT(2) 
PARAMETRIC_REPRESENTATION_CONTEXT() REPRESENTATION_CONTEXT('2D SPACE',''
  ) );
#2062 = ORIENTED_EDGE('',*,*,#2063,.T.);
#2063 = EDGE_CURVE('',#2036,#2064,#2066,.T.);
#2064 = VERTEX_POINT('',#2065);
#2065 = CARTESIAN_POINT('',(35.,-94.,30.));
#2066 = SURFACE_CURVE('',#2067,(#2071,#2078),.PCURVE_S1.);
#2067 = LINE('',#2068,#2069);
#2068 = CARTESIAN_POINT('',(35.,-94.,5.));
#2069 = VECTOR('',#2070,1.);
#2070 = DIRECTION('',(-0.,-0.,1.));
#2071 = PCURVE('',#390,#2072);
#2072 = DEFINITIONAL_REPRESENTATION('',(#2073),#2077);
#2073 = LINE('',#2074,#2075);
#2074 = CARTESIAN_POINT('',(-5.,-140.));
#2075 = VECTOR('',#2076,1.);
#2076 = DIRECTION('',(-1.,0.));
#2077 = ( GEOMETRIC_REPRESENTATION_CONTEXT(2) 
PARAMETRIC_REPRESENTATION_CONTEXT() REPRESENTATION_CONTEXT('2D SPACE',''
  ) );
#2078 = PCURVE('',#2079,#2084);
#2079 = PLANE('',#2080);
#2080 = AXIS2_PLACEMENT_3D('',#2081,#2082,#2083);
#2081 = CARTESIAN_POINT('',(35.,-89.,10.));
#2082 = DIRECTION('',(1.,0.,-0.));
#2083 = DIRECTION('',(0.,0.,-1.));
#2084 = DEFINITIONAL_REPRESENTATION('',(#2085),#2089);
#2085 = LINE('',#2086,#2087);
#2086 = CARTESIAN_POINT('',(5.,-5.));
#2087 = VECTOR('',#2088,1.);
#2088 = DIRECTION('',(-1.,0.));
#2089 = ( GEOMETRIC_REPRESENTATION_CONTEXT(2) 
PARAMETRIC_REPRESENTATION_CONTEXT() REPRESENTATION_CONTEXT('2D SPACE',''
  ) );
#2090 = ORIENTED_EDGE('',*,*,#2091,.F.);
#2091 = EDGE_CURVE('',#2092,#2064,#2094,.T.);
#2092 = VERTEX_POINT('',#2093);
#2093 = CARTESIAN_POINT('',(47.,-94.,30.));
#2094 = SURFACE_CURVE('',#2095,(#2099,#2106),.PCURVE_S1.);
#2095 = LINE('',#2096,#2097);
#2096 = CARTESIAN_POINT('',(-35.,-94.,30.));
#2097 = VECTOR('',#2098,1.);
#2098 = DIRECTION('',(-1.,-0.,-0.));
#2099 = PCURVE('',#390,#2100);
#2100 = DEFINITIONAL_REPRESENTATION('',(#2101),#2105);
#2101 = LINE('',#2102,#2103);
#2102 = CARTESIAN_POINT('',(-30.,-70.));
#2103 = VECTOR('',#2104,1.);
#2104 = DIRECTION('',(-0.,1.));
#2105 = ( GEOMETRIC_REPRESENTATION_CONTEXT(2) 
PARAMETRIC_REPRESENTATION_CONTEXT() REPRESENTATION_CONTEXT('2D SPACE',''
  ) );
#2106 = PCURVE('',#2107,#2112);
#2107 = PLANE('',#2108);
#2108 = AXIS2_PLACEMENT_3D('',#2109,#2110,#2111);
#2109 = CARTESIAN_POINT('',(35.,-89.,30.));
#2110 = DIRECTION('',(0.,0.,1.));
#2111 = DIRECTION('',(-1.,0.,0.));
#2112 = DEFINITIONAL_REPRESENTATION('',(#2113),#2117);
#2113 = LINE('',#2114,#2115);
#2114 = CARTESIAN_POINT('',(70.,5.));
#2115 = VECTOR('',#2116,1.);
#2116 = DIRECTION('',(1.,-0.));
#2117 = ( GEOMETRIC_REPRESENTATION_CONTEXT(2) 
PARAMETRIC_REPRESENTATION_CONTEXT() REPRESENTATION_CONTEXT('2D SPACE',''
  ) );
#2118 = ORIENTED_EDGE('',*,*,#2119,.F.);
#2119 = EDGE_CURVE('',#2034,#2092,#2120,.T.);
#2120 = SURFACE_CURVE('',#2121,(#2125,#2132),.PCURVE_S1.);
#2121 = LINE('',#2122,#2123);
#2122 = CARTESIAN_POINT('',(47.,-94.,5.));
#2123 = VECTOR('',#2124,1.);
#2124 = DIRECTION('',(-0.,-0.,1.));
#2125 = PCURVE('',#390,#2126);
#2126 = DEFINITIONAL_REPRESENTATION('',(#2127),#2131);
#2127 = LINE('',#2128,#2129);
#2128 = CARTESIAN_POINT('',(-5.,-152.));
#2129 = VECTOR('',#2130,1.);
#2130 = DIRECTION('',(-1.,0.));
#2131 = ( GEOMETRIC_REPRESENTATION_CONTEXT(2) 
PARAMETRIC_REPRESENTATION_CONTEXT() REPRESENTATION_CONTEXT('2D SPACE',''
  ) );
#2132 = PCURVE('',#2133,#2138);
#2133 = PLANE('',#2134);
#2134 = AXIS2_PLACEMENT_3D('',#2135,#2136,#2137);
#2135 = CARTESIAN_POINT('',(47.,-89.,10.));
#2136 = DIRECTION('',(1.,0.,-0.));
#2137 = DIRECTION('',(0.,0.,-1.));
#2138 = DEFINITIONAL_REPRESENTATION('',(#2139),#2143);
#2139 = LINE('',#2140,#2141);
#2140 = CARTESIAN_POINT('',(5.,-5.));
#2141 = VECTOR('',#2142,1.);
#2142 = DIRECTION('',(-1.,0.));
#2143 = ( GEOMETRIC_REPRESENTATION_CONTEXT(2) 
PARAMETRIC_REPRESENTATION_CONTEXT() REPRESENTATION_CONTEXT('2D SPACE',''
  ) );
#2144 = FACE_BOUND('',#2145,.T.);
#2145 = EDGE_LOOP('',(#2146,#2176,#2204,#2232));
#2146 = ORIENTED_EDGE('',*,*,#2147,.T.);
#2147 = EDGE_CURVE('',#2148,#2150,#2152,.T.);
#2148 = VERTEX_POINT('',#2149);
#2149 = CARTESIAN_POINT('',(25.,-94.,10.));
#2150 = VERTEX_POINT('',#2151);
#2151 = CARTESIAN_POINT('',(13.,-94.,10.));
#2152 = SURFACE_CURVE('',#2153,(#2157,#2164),.PCURVE_S1.);
#2153 = LINE('',#2154,#2155);
#2154 = CARTESIAN_POINT('',(-46.,-94.,10.));
#2155 = VECTOR('',#2156,1.);
#2156 = DIRECTION('',(-1.,-0.,-0.));
#2157 = PCURVE('',#390,#2158);
#2158 = DEFINITIONAL_REPRESENTATION('',(#2159),#2163);
#2159 = LINE('',#2160,#2161);
#2160 = CARTESIAN_POINT('',(-10.,-59.));
#2161 = VECTOR('',#2162,1.);
#2162 = DIRECTION('',(-0.,1.));
#2163 = ( GEOMETRIC_REPRESENTATION_CONTEXT(2) 
PARAMETRIC_REPRESENTATION_CONTEXT() REPRESENTATION_CONTEXT('2D SPACE',''
  ) );
#2164 = PCURVE('',#2165,#2170);
#2165 = PLANE('',#2166);
#2166 = AXIS2_PLACEMENT_3D('',#2167,#2168,#2169);
#2167 = CARTESIAN_POINT('',(13.,-89.,10.));
#2168 = DIRECTION('',(0.,0.,1.));
#2169 = DIRECTION('',(-1.,0.,0.));
#2170 = DEFINITIONAL_REPRESENTATION('',(#2171),#2175);
#2171 = LINE('',#2172,#2173);
#2172 = CARTESIAN_POINT('',(59.,5.));
#2173 = VECTOR('',#2174,1.);
#2174 = DIRECTION('',(1.,-0.));
#2175 = ( GEOMETRIC_REPRESENTATION_CONTEXT(2) 
PARAMETRIC_REPRESENTATION_CONTEXT() REPRESENTATION_CONTEXT('2D SPACE',''
  ) );
#2176 = ORIENTED_EDGE('',*,*,#2177,.T.);
#2177 = EDGE_CURVE('',#2150,#2178,#2180,.T.);
#2178 = VERTEX_POINT('',#2179);
#2179 = CARTESIAN_POINT('',(13.,-94.,30.));
#2180 = SURFACE_CURVE('',#2181,(#2185,#2192),.PCURVE_S1.);
#2181 = LINE('',#2182,#2183);
#2182 = CARTESIAN_POINT('',(13.,-94.,5.));
#2183 = VECTOR('',#2184,1.);
#2184 = DIRECTION('',(-0.,-0.,1.));
#2185 = PCURVE('',#390,#2186);
#2186 = DEFINITIONAL_REPRESENTATION('',(#2187),#2191);
#2187 = LINE('',#2188,#2189);
#2188 = CARTESIAN_POINT('',(-5.,-118.));
#2189 = VECTOR('',#2190,1.);
#2190 = DIRECTION('',(-1.,0.));
#2191 = ( GEOMETRIC_REPRESENTATION_CONTEXT(2) 
PARAMETRIC_REPRESENTATION_CONTEXT() REPRESENTATION_CONTEXT('2D SPACE',''
  ) );
#2192 = PCURVE('',#2193,#2198);
#2193 = PLANE('',#2194);
#2194 = AXIS2_PLACEMENT_3D('',#2195,#2196,#2197);
#2195 = CARTESIAN_POINT('',(13.,-89.,10.));
#2196 = DIRECTION('',(1.,0.,-0.));
#2197 = DIRECTION('',(0.,0.,-1.));
#2198 = DEFINITIONAL_REPRESENTATION('',(#2199),#2203);
#2199 = LINE('',#2200,#2201);
#2200 = CARTESIAN_POINT('',(5.,-5.));
#2201 = VECTOR('',#2202,1.);
#2202 = DIRECTION('',(-1.,0.));
#2203 = ( GEOMETRIC_REPRESENTATION_CONTEXT(2) 
PARAMETRIC_REPRESENTATION_CONTEXT() REPRESENTATION_CONTEXT('2D SPACE',''
  ) );
#2204 = ORIENTED_EDGE('',*,*,#2205,.F.);
#2205 = EDGE_CURVE('',#2206,#2178,#2208,.T.);
#2206 = VERTEX_POINT('',#2207);
#2207 = CARTESIAN_POINT('',(25.,-94.,30.));
#2208 = SURFACE_CURVE('',#2209,(#2213,#2220),.PCURVE_S1.);
#2209 = LINE('',#2210,#2211);
#2210 = CARTESIAN_POINT('',(-46.,-94.,30.));
#2211 = VECTOR('',#2212,1.);
#2212 = DIRECTION('',(-1.,-0.,-0.));
#2213 = PCURVE('',#390,#2214);
#2214 = DEFINITIONAL_REPRESENTATION('',(#2215),#2219);
#2215 = LINE('',#2216,#2217);
#2216 = CARTESIAN_POINT('',(-30.,-59.));
#2217 = VECTOR('',#2218,1.);
#2218 = DIRECTION('',(-0.,1.));
#2219 = ( GEOMETRIC_REPRESENTATION_CONTEXT(2) 
PARAMETRIC_REPRESENTATION_CONTEXT() REPRESENTATION_CONTEXT('2D SPACE',''
  ) );
#2220 = PCURVE('',#2221,#2226);
#2221 = PLANE('',#2222);
#2222 = AXIS2_PLACEMENT_3D('',#2223,#2224,#2225);
#2223 = CARTESIAN_POINT('',(13.,-89.,30.));
#2224 = DIRECTION('',(0.,0.,1.));
#2225 = DIRECTION('',(-1.,0.,0.));
#2226 = DEFINITIONAL_REPRESENTATION('',(#2227),#2231);
#2227 = LINE('',#2228,#2229);
#2228 = CARTESIAN_POINT('',(59.,5.));
#2229 = VECTOR('',#2230,1.);
#2230 = DIRECTION('',(1.,-0.));
#2231 = ( GEOMETRIC_REPRESENTATION_CONTEXT(2) 
PARAMETRIC_REPRESENTATION_CONTEXT() REPRESENTATION_CONTEXT('2D SPACE',''
  ) );
#2232 = ORIENTED_EDGE('',*,*,#2233,.F.);
#2233 = EDGE_CURVE('',#2148,#2206,#2234,.T.);
#2234 = SURFACE_CURVE('',#2235,(#2239,#2246),.PCURVE_S1.);
#2235 = LINE('',#2236,#2237);
#2236 = CARTESIAN_POINT('',(25.,-94.,5.));
#2237 = VECTOR('',#2238,1.);
#2238 = DIRECTION('',(-0.,-0.,1.));
#2239 = PCURVE('',#390,#2240);
#2240 = DEFINITIONAL_REPRESENTATION('',(#2241),#2245);
#2241 = LINE('',#2242,#2243);
#2242 = CARTESIAN_POINT('',(-5.,-130.));
#2243 = VECTOR('',#2244,1.);
#2244 = DIRECTION('',(-1.,0.));
#2245 = ( GEOMETRIC_REPRESENTATION_CONTEXT(2) 
PARAMETRIC_REPRESENTATION_CONTEXT() REPRESENTATION_CONTEXT('2D SPACE',''
  ) );
#2246 = PCURVE('',#2247,#2252);
#2247 = PLANE('',#2248);
#2248 = AXIS2_PLACEMENT_3D('',#2249,#2250,#2251);
#2249 = CARTESIAN_POINT('',(25.,-89.,10.));
#2250 = DIRECTION('',(1.,0.,-0.));
#2251 = DIRECTION('',(0.,0.,-1.));
#2252 = DEFINITIONAL_REPRESENTATION('',(#2253),#2257);
#2253 = LINE('',#2254,#2255);
#2254 = CARTESIAN_POINT('',(5.,-5.));
#2255 = VECTOR('',#2256,1.);
#2256 = DIRECTION('',(-1.,0.));
#2257 = ( GEOMETRIC_REPRESENTATION_CONTEXT(2) 
PARAMETRIC_REPRESENTATION_CONTEXT() REPRESENTATION_CONTEXT('2D SPACE',''
  ) );
#2258 = FACE_BOUND('',#2259,.T.);
#2259 = EDGE_LOOP('',(#2260,#2290,#2318,#2346));
#2260 = ORIENTED_EDGE('',*,*,#2261,.T.);
#2261 = EDGE_CURVE('',#2262,#2264,#2266,.T.);
#2262 = VERTEX_POINT('',#2263);
#2263 = CARTESIAN_POINT('',(3.,-94.,10.));
#2264 = VERTEX_POINT('',#2265);
#2265 = CARTESIAN_POINT('',(-9.,-94.,10.));
#2266 = SURFACE_CURVE('',#2267,(#2271,#2278),.PCURVE_S1.);
#2267 = LINE('',#2268,#2269);
#2268 = CARTESIAN_POINT('',(-57.,-94.,10.));
#2269 = VECTOR('',#2270,1.);
#2270 = DIRECTION('',(-1.,-0.,-0.));
#2271 = PCURVE('',#390,#2272);
#2272 = DEFINITIONAL_REPRESENTATION('',(#2273),#2277);
#2273 = LINE('',#2274,#2275);
#2274 = CARTESIAN_POINT('',(-10.,-48.));
#2275 = VECTOR('',#2276,1.);
#2276 = DIRECTION('',(-0.,1.));
#2277 = ( GEOMETRIC_REPRESENTATION_CONTEXT(2) 
PARAMETRIC_REPRESENTATION_CONTEXT() REPRESENTATION_CONTEXT('2D SPACE',''
  ) );
#2278 = PCURVE('',#2279,#2284);
#2279 = PLANE('',#2280);
#2280 = AXIS2_PLACEMENT_3D('',#2281,#2282,#2283);
#2281 = CARTESIAN_POINT('',(-9.,-89.,10.));
#2282 = DIRECTION('',(0.,0.,1.));
#2283 = DIRECTION('',(-1.,0.,0.));
#2284 = DEFINITIONAL_REPRESENTATION('',(#2285),#2289);
#2285 = LINE('',#2286,#2287);
#2286 = CARTESIAN_POINT('',(48.,5.));
#2287 = VECTOR('',#2288,1.);
#2288 = DIRECTION('',(1.,-0.));
#2289 = ( GEOMETRIC_REPRESENTATION_CONTEXT(2) 
PARAMETRIC_REPRESENTATION_CONTEXT() REPRESENTATION_CONTEXT('2D SPACE',''
  ) );
#2290 = ORIENTED_EDGE('',*,*,#2291,.T.);
#2291 = EDGE_CURVE('',#2264,#2292,#2294,.T.);
#2292 = VERTEX_POINT('',#2293);
#2293 = CARTESIAN_POINT('',(-9.,-94.,30.));
#2294 = SURFACE_CURVE('',#2295,(#2299,#2306),.PCURVE_S1.);
#2295 = LINE('',#2296,#2297);
#2296 = CARTESIAN_POINT('',(-9.,-94.,5.));
#2297 = VECTOR('',#2298,1.);
#2298 = DIRECTION('',(-0.,-0.,1.));
#2299 = PCURVE('',#390,#2300);
#2300 = DEFINITIONAL_REPRESENTATION('',(#2301),#2305);
#2301 = LINE('',#2302,#2303);
#2302 = CARTESIAN_POINT('',(-5.,-96.));
#2303 = VECTOR('',#2304,1.);
#2304 = DIRECTION('',(-1.,0.));
#2305 = ( GEOMETRIC_REPRESENTATION_CONTEXT(2) 
PARAMETRIC_REPRESENTATION_CONTEXT() REPRESENTATION_CONTEXT('2D SPACE',''
  ) );
#2306 = PCURVE('',#2307,#2312);
#2307 = PLANE('',#2308);
#2308 = AXIS2_PLACEMENT_3D('',#2309,#2310,#2311);
#2309 = CARTESIAN_POINT('',(-9.,-89.,10.));
#2310 = DIRECTION('',(1.,0.,-0.));
#2311 = DIRECTION('',(0.,0.,-1.));
#2312 = DEFINITIONAL_REPRESENTATION('',(#2313),#2317);
#2313 = LINE('',#2314,#2315);
#2314 = CARTESIAN_POINT('',(5.,-5.));
#2315 = VECTOR('',#2316,1.);
#2316 = DIRECTION('',(-1.,0.));
#2317 = ( GEOMETRIC_REPRESENTATION_CONTEXT(2) 
PARAMETRIC_REPRESENTATION_CONTEXT() REPRESENTATION_CONTEXT('2D SPACE',''
  ) );
#2318 = ORIENTED_EDGE('',*,*,#2319,.F.);
#2319 = EDGE_CURVE('',#2320,#2292,#2322,.T.);
#2320 = VERTEX_POINT('',#2321);
#2321 = CARTESIAN_POINT('',(3.,-94.,30.));
#2322 = SURFACE_CURVE('',#2323,(#2327,#2334),.PCURVE_S1.);
#2323 = LINE('',#2324,#2325);
#2324 = CARTESIAN_POINT('',(-57.,-94.,30.));
#2325 = VECTOR('',#2326,1.);
#2326 = DIRECTION('',(-1.,-0.,-0.));
#2327 = PCURVE('',#390,#2328);
#2328 = DEFINITIONAL_REPRESENTATION('',(#2329),#2333);
#2329 = LINE('',#2330,#2331);
#2330 = CARTESIAN_POINT('',(-30.,-48.));
#2331 = VECTOR('',#2332,1.);
#2332 = DIRECTION('',(-0.,1.));
#2333 = ( GEOMETRIC_REPRESENTATION_CONTEXT(2) 
PARAMETRIC_REPRESENTATION_CONTEXT() REPRESENTATION_CONTEXT('2D SPACE',''
  ) );
#2334 = PCURVE('',#2335,#2340);
#2335 = PLANE('',#2336);
#2336 = AXIS2_PLACEMENT_3D('',#2337,#2338,#2339);
#2337 = CARTESIAN_POINT('',(-9.,-89.,30.));
#2338 = DIRECTION('',(0.,0.,1.));
#2339 = DIRECTION('',(-1.,0.,0.));
#2340 = DEFINITIONAL_REPRESENTATION('',(#2341),#2345);
#2341 = LINE('',#2342,#2343);
#2342 = CARTESIAN_POINT('',(48.,5.));
#2343 = VECTOR('',#2344,1.);
#2344 = DIRECTION('',(1.,-0.));
#2345 = ( GEOMETRIC_REPRESENTATION_CONTEXT(2) 
PARAMETRIC_REPRESENTATION_CONTEXT() REPRESENTATION_CONTEXT('2D SPACE',''
  ) );
#2346 = ORIENTED_EDGE('',*,*,#2347,.F.);
#2347 = EDGE_CURVE('',#2262,#2320,#2348,.T.);
#2348 = SURFACE_CURVE('',#2349,(#2353,#2360),.PCURVE_S1.);
#2349 = LINE('',#2350,#2351);
#2350 = CARTESIAN_POINT('',(3.,-94.,5.));
#2351 = VECTOR('',#2352,1.);
#2352 = DIRECTION('',(-0.,-0.,1.));
#2353 = PCURVE('',#390,#2354);
#2354 = DEFINITIONAL_REPRESENTATION('',(#2355),#2359);
#2355 = LINE('',#2356,#2357);
#2356 = CARTESIAN_POINT('',(-5.,-108.));
#2357 = VECTOR('',#2358,1.);
#2358 = DIRECTION('',(-1.,0.));
#2359 = ( GEOMETRIC_REPRESENTATION_CONTEXT(2) 
PARAMETRIC_REPRESENTATION_CONTEXT() REPRESENTATION_CONTEXT('2D SPACE',''
  ) );
#2360 = PCURVE('',#2361,#2366);
#2361 = PLANE('',#2362);
#2362 = AXIS2_PLACEMENT_3D('',#2363,#2364,#2365);
#2363 = CARTESIAN_POINT('',(3.,-89.,10.));
#2364 = DIRECTION('',(1.,0.,-0.));
#2365 = DIRECTION('',(0.,0.,-1.));
#2366 = DEFINITIONAL_REPRESENTATION('',(#2367),#2371);
#2367 = LINE('',#2368,#2369);
#2368 = CARTESIAN_POINT('',(5.,-5.));
#2369 = VECTOR('',#2370,1.);
#2370 = DIRECTION('',(-1.,0.));
#2371 = ( GEOMETRIC_REPRESENTATION_CONTEXT(2) 
PARAMETRIC_REPRESENTATION_CONTEXT() REPRESENTATION_CONTEXT('2D SPACE',''
  ) );
#2372 = FACE_BOUND('',#2373,.T.);
#2373 = EDGE_LOOP('',(#2374,#2404,#2432,#2460));
#2374 = ORIENTED_EDGE('',*,*,#2375,.T.);
#2375 = EDGE_CURVE('',#2376,#2378,#2380,.T.);
#2376 = VERTEX_POINT('',#2377);
#2377 = CARTESIAN_POINT('',(-41.,-94.,10.));
#2378 = VERTEX_POINT('',#2379);
#2379 = CARTESIAN_POINT('',(-53.,-94.,10.));
#2380 = SURFACE_CURVE('',#2381,(#2385,#2392),.PCURVE_S1.);
#2381 = LINE('',#2382,#2383);
#2382 = CARTESIAN_POINT('',(-79.,-94.,10.));
#2383 = VECTOR('',#2384,1.);
#2384 = DIRECTION('',(-1.,-0.,-0.));
#2385 = PCURVE('',#390,#2386);
#2386 = DEFINITIONAL_REPRESENTATION('',(#2387),#2391);
#2387 = LINE('',#2388,#2389);
#2388 = CARTESIAN_POINT('',(-10.,-26.));
#2389 = VECTOR('',#2390,1.);
#2390 = DIRECTION('',(-0.,1.));
#2391 = ( GEOMETRIC_REPRESENTATION_CONTEXT(2) 
PARAMETRIC_REPRESENTATION_CONTEXT() REPRESENTATION_CONTEXT('2D SPACE',''
  ) );
#2392 = PCURVE('',#2393,#2398);
#2393 = PLANE('',#2394);
#2394 = AXIS2_PLACEMENT_3D('',#2395,#2396,#2397);
#2395 = CARTESIAN_POINT('',(-53.,-89.,10.));
#2396 = DIRECTION('',(0.,0.,1.));
#2397 = DIRECTION('',(-1.,0.,0.));
#2398 = DEFINITIONAL_REPRESENTATION('',(#2399),#2403);
#2399 = LINE('',#2400,#2401);
#2400 = CARTESIAN_POINT('',(26.,5.));
#2401 = VECTOR('',#2402,1.);
#2402 = DIRECTION('',(1.,-0.));
#2403 = ( GEOMETRIC_REPRESENTATION_CONTEXT(2) 
PARAMETRIC_REPRESENTATION_CONTEXT() REPRESENTATION_CONTEXT('2D SPACE',''
  ) );
#2404 = ORIENTED_EDGE('',*,*,#2405,.T.);
#2405 = EDGE_CURVE('',#2378,#2406,#2408,.T.);
#2406 = VERTEX_POINT('',#2407);
#2407 = CARTESIAN_POINT('',(-53.,-94.,30.));
#2408 = SURFACE_CURVE('',#2409,(#2413,#2420),.PCURVE_S1.);
#2409 = LINE('',#2410,#2411);
#2410 = CARTESIAN_POINT('',(-53.,-94.,5.));
#2411 = VECTOR('',#2412,1.);
#2412 = DIRECTION('',(-0.,-0.,1.));
#2413 = PCURVE('',#390,#2414);
#2414 = DEFINITIONAL_REPRESENTATION('',(#2415),#2419);
#2415 = LINE('',#2416,#2417);
#2416 = CARTESIAN_POINT('',(-5.,-52.));
#2417 = VECTOR('',#2418,1.);
#2418 = DIRECTION('',(-1.,0.));
#2419 = ( GEOMETRIC_REPRESENTATION_CONTEXT(2) 
PARAMETRIC_REPRESENTATION_CONTEXT() REPRESENTATION_CONTEXT('2D SPACE',''
  ) );
#2420 = PCURVE('',#2421,#2426);
#2421 = PLANE('',#2422);
#2422 = AXIS2_PLACEMENT_3D('',#2423,#2424,#2425);
#2423 = CARTESIAN_POINT('',(-53.,-89.,10.));
#2424 = DIRECTION('',(1.,0.,-0.));
#2425 = DIRECTION('',(0.,0.,-1.));
#2426 = DEFINITIONAL_REPRESENTATION('',(#2427),#2431);
#2427 = LINE('',#2428,#2429);
#2428 = CARTESIAN_POINT('',(5.,-5.));
#2429 = VECTOR('',#2430,1.);
#2430 = DIRECTION('',(-1.,0.));
#2431 = ( GEOMETRIC_REPRESENTATION_CONTEXT(2) 
PARAMETRIC_REPRESENTATION_CONTEXT() REPRESENTATION_CONTEXT('2D SPACE',''
  ) );
#2432 = ORIENTED_EDGE('',*,*,#2433,.F.);
#2433 = EDGE_CURVE('',#2434,#2406,#2436,.T.);
#2434 = VERTEX_POINT('',#2435);
#2435 = CARTESIAN_POINT('',(-41.,-94.,30.));
#2436 = SURFACE_CURVE('',#2437,(#2441,#2448),.PCURVE_S1.);
#2437 = LINE('',#2438,#2439);
#2438 = CARTESIAN_POINT('',(-79.,-94.,30.));
#2439 = VECTOR('',#2440,1.);
#2440 = DIRECTION('',(-1.,-0.,-0.));
#2441 = PCURVE('',#390,#2442);
#2442 = DEFINITIONAL_REPRESENTATION('',(#2443),#2447);
#2443 = LINE('',#2444,#2445);
#2444 = CARTESIAN_POINT('',(-30.,-26.));
#2445 = VECTOR('',#2446,1.);
#2446 = DIRECTION('',(-0.,1.));
#2447 = ( GEOMETRIC_REPRESENTATION_CONTEXT(2) 
PARAMETRIC_REPRESENTATION_CONTEXT() REPRESENTATION_CONTEXT('2D SPACE',''
  ) );
#2448 = PCURVE('',#2449,#2454);
#2449 = PLANE('',#2450);
#2450 = AXIS2_PLACEMENT_3D('',#2451,#2452,#2453);
#2451 = CARTESIAN_POINT('',(-53.,-89.,30.));
#2452 = DIRECTION('',(0.,0.,1.));
#2453 = DIRECTION('',(-1.,0.,0.));
#2454 = DEFINITIONAL_REPRESENTATION('',(#2455),#2459);
#2455 = LINE('',#2456,#2457);
#2456 = CARTESIAN_POINT('',(26.,5.));
#2457 = VECTOR('',#2458,1.);
#2458 = DIRECTION('',(1.,-0.));
#2459 = ( GEOMETRIC_REPRESENTATION_CONTEXT(2) 
PARAMETRIC_REPRESENTATION_CONTEXT() REPRESENTATION_CONTEXT('2D SPACE',''
  ) );
#2460 = ORIENTED_EDGE('',*,*,#2461,.F.);
#2461 = EDGE_CURVE('',#2376,#2434,#2462,.T.);
#2462 = SURFACE_CURVE('',#2463,(#2467,#2474),.PCURVE_S1.);
#2463 = LINE('',#2464,#2465);
#2464 = CARTESIAN_POINT('',(-41.,-94.,5.));
#2465 = VECTOR('',#2466,1.);
#2466 = DIRECTION('',(-0.,-0.,1.));
#2467 = PCURVE('',#390,#2468);
#2468 = DEFINITIONAL_REPRESENTATION('',(#2469),#2473);
#2469 = LINE('',#2470,#2471);
#2470 = CARTESIAN_POINT('',(-5.,-64.));
#2471 = VECTOR('',#2472,1.);
#2472 = DIRECTION('',(-1.,0.));
#2473 = ( GEOMETRIC_REPRESENTATION_CONTEXT(2) 
PARAMETRIC_REPRESENTATION_CONTEXT() REPRESENTATION_CONTEXT('2D SPACE',''
  ) );
#2474 = PCURVE('',#2475,#2480);
#2475 = PLANE('',#2476);
#2476 = AXIS2_PLACEMENT_3D('',#2477,#2478,#2479);
#2477 = CARTESIAN_POINT('',(-41.,-89.,10.));
#2478 = DIRECTION('',(1.,0.,-0.));
#2479 = DIRECTION('',(0.,0.,-1.));
#2480 = DEFINITIONAL_REPRESENTATION('',(#2481),#2485);
#2481 = LINE('',#2482,#2483);
#2482 = CARTESIAN_POINT('',(5.,-5.));
#2483 = VECTOR('',#2484,1.);
#2484 = DIRECTION('',(-1.,0.));
#2485 = ( GEOMETRIC_REPRESENTATION_CONTEXT(2) 
PARAMETRIC_REPRESENTATION_CONTEXT() REPRESENTATION_CONTEXT('2D SPACE',''
  ) );
#2486 = FACE_BOUND('',#2487,.T.);
#2487 = EDGE_LOOP('',(#2488,#2518,#2546,#2574));
#2488 = ORIENTED_EDGE('',*,*,#2489,.T.);
#2489 = EDGE_CURVE('',#2490,#2492,#2494,.T.);
#2490 = VERTEX_POINT('',#2491);
#2491 = CARTESIAN_POINT('',(-63.,-94.,10.));
#2492 = VERTEX_POINT('',#2493);
#2493 = CARTESIAN_POINT('',(-75.,-94.,10.));
#2494 = SURFACE_CURVE('',#2495,(#2499,#2506),.PCURVE_S1.);
#2495 = LINE('',#2496,#2497);
#2496 = CARTESIAN_POINT('',(-90.,-94.,10.));
#2497 = VECTOR('',#2498,1.);
#2498 = DIRECTION('',(-1.,-0.,-0.));
#2499 = PCURVE('',#390,#2500);
#2500 = DEFINITIONAL_REPRESENTATION('',(#2501),#2505);
#2501 = LINE('',#2502,#2503);
#2502 = CARTESIAN_POINT('',(-10.,-15.));
#2503 = VECTOR('',#2504,1.);
#2504 = DIRECTION('',(-0.,1.));
#2505 = ( GEOMETRIC_REPRESENTATION_CONTEXT(2) 
PARAMETRIC_REPRESENTATION_CONTEXT() REPRESENTATION_CONTEXT('2D SPACE',''
  ) );
#2506 = PCURVE('',#2507,#2512);
#2507 = PLANE('',#2508);
#2508 = AXIS2_PLACEMENT_3D('',#2509,#2510,#2511);
#2509 = CARTESIAN_POINT('',(-75.,-89.,10.));
#2510 = DIRECTION('',(0.,0.,1.));
#2511 = DIRECTION('',(-1.,0.,0.));
#2512 = DEFINITIONAL_REPRESENTATION('',(#2513),#2517);
#2513 = LINE('',#2514,#2515);
#2514 = CARTESIAN_POINT('',(15.,5.));
#2515 = VECTOR('',#2516,1.);
#2516 = DIRECTION('',(1.,-0.));
#2517 = ( GEOMETRIC_REPRESENTATION_CONTEXT(2) 
PARAMETRIC_REPRESENTATION_CONTEXT() REPRESENTATION_CONTEXT('2D SPACE',''
  ) );
#2518 = ORIENTED_EDGE('',*,*,#2519,.T.);
#2519 = EDGE_CURVE('',#2492,#2520,#2522,.T.);
#2520 = VERTEX_POINT('',#2521);
#2521 = CARTESIAN_POINT('',(-75.,-94.,30.));
#2522 = SURFACE_CURVE('',#2523,(#2527,#2534),.PCURVE_S1.);
#2523 = LINE('',#2524,#2525);
#2524 = CARTESIAN_POINT('',(-75.,-94.,5.));
#2525 = VECTOR('',#2526,1.);
#2526 = DIRECTION('',(-0.,-0.,1.));
#2527 = PCURVE('',#390,#2528);
#2528 = DEFINITIONAL_REPRESENTATION('',(#2529),#2533);
#2529 = LINE('',#2530,#2531);
#2530 = CARTESIAN_POINT('',(-5.,-30.));
#2531 = VECTOR('',#2532,1.);
#2532 = DIRECTION('',(-1.,0.));
#2533 = ( GEOMETRIC_REPRESENTATION_CONTEXT(2) 
PARAMETRIC_REPRESENTATION_CONTEXT() REPRESENTATION_CONTEXT('2D SPACE',''
  ) );
#2534 = PCURVE('',#2535,#2540);
#2535 = PLANE('',#2536);
#2536 = AXIS2_PLACEMENT_3D('',#2537,#2538,#2539);
#2537 = CARTESIAN_POINT('',(-75.,-89.,10.));
#2538 = DIRECTION('',(1.,0.,-0.));
#2539 = DIRECTION('',(0.,0.,-1.));
#2540 = DEFINITIONAL_REPRESENTATION('',(#2541),#2545);
#2541 = LINE('',#2542,#2543);
#2542 = CARTESIAN_POINT('',(5.,-5.));
#2543 = VECTOR('',#2544,1.);
#2544 = DIRECTION('',(-1.,0.));
#2545 = ( GEOMETRIC_REPRESENTATION_CONTEXT(2) 
PARAMETRIC_REPRESENTATION_CONTEXT() REPRESENTATION_CONTEXT('2D SPACE',''
  ) );
#2546 = ORIENTED_EDGE('',*,*,#2547,.F.);
#2547 = EDGE_CURVE('',#2548,#2520,#2550,.T.);
#2548 = VERTEX_POINT('',#2549);
#2549 = CARTESIAN_POINT('',(-63.,-94.,30.));
#2550 = SURFACE_CURVE('',#2551,(#2555,#2562),.PCURVE_S1.);
#2551 = LINE('',#2552,#2553);
#2552 = CARTESIAN_POINT('',(-90.,-94.,30.));
#2553 = VECTOR('',#2554,1.);
#2554 = DIRECTION('',(-1.,-0.,-0.));
#2555 = PCURVE('',#390,#2556);
#2556 = DEFINITIONAL_REPRESENTATION('',(#2557),#2561);
#2557 = LINE('',#2558,#2559);
#2558 = CARTESIAN_POINT('',(-30.,-15.));
#2559 = VECTOR('',#2560,1.);
#2560 = DIRECTION('',(-0.,1.));
#2561 = ( GEOMETRIC_REPRESENTATION_CONTEXT(2) 
PARAMETRIC_REPRESENTATION_CONTEXT() REPRESENTATION_CONTEXT('2D SPACE',''
  ) );
#2562 = PCURVE('',#2563,#2568);
#2563 = PLANE('',#2564);
#2564 = AXIS2_PLACEMENT_3D('',#2565,#2566,#2567);
#2565 = CARTESIAN_POINT('',(-75.,-89.,30.));
#2566 = DIRECTION('',(0.,0.,1.));
#2567 = DIRECTION('',(-1.,0.,0.));
#2568 = DEFINITIONAL_REPRESENTATION('',(#2569),#2573);
#2569 = LINE('',#2570,#2571);
#2570 = CARTESIAN_POINT('',(15.,5.));
#2571 = VECTOR('',#2572,1.);
#2572 = DIRECTION('',(1.,-0.));
#2573 = ( GEOMETRIC_REPRESENTATION_CONTEXT(2) 
PARAMETRIC_REPRESENTATION_CONTEXT() REPRESENTATION_CONTEXT('2D SPACE',''
  ) );
#2574 = ORIENTED_EDGE('',*,*,#2575,.F.);
#2575 = EDGE_CURVE('',#2490,#2548,#2576,.T.);
#2576 = SURFACE_CURVE('',#2577,(#2581,#2588),.PCURVE_S1.);
#2577 = LINE('',#2578,#2579);
#2578 = CARTESIAN_POINT('',(-63.,-94.,5.));
#2579 = VECTOR('',#2580,1.);
#2580 = DIRECTION('',(-0.,-0.,1.));
#2581 = PCURVE('',#390,#2582);
#2582 = DEFINITIONAL_REPRESENTATION('',(#2583),#2587);
#2583 = LINE('',#2584,#2585);
#2584 = CARTESIAN_POINT('',(-5.,-42.));
#2585 = VECTOR('',#2586,1.);
#2586 = DIRECTION('',(-1.,0.));
#2587 = ( GEOMETRIC_REPRESENTATION_CONTEXT(2) 
PARAMETRIC_REPRESENTATION_CONTEXT() REPRESENTATION_CONTEXT('2D SPACE',''
  ) );
#2588 = PCURVE('',#2589,#2594);
#2589 = PLANE('',#2590);
#2590 = AXIS2_PLACEMENT_3D('',#2591,#2592,#2593);
#2591 = CARTESIAN_POINT('',(-63.,-89.,10.));
#2592 = DIRECTION('',(1.,0.,-0.));
#2593 = DIRECTION('',(0.,0.,-1.));
#2594 = DEFINITIONAL_REPRESENTATION('',(#2595),#2599);
#2595 = LINE('',#2596,#2597);
#2596 = CARTESIAN_POINT('',(5.,-5.));
#2597 = VECTOR('',#2598,1.);
#2598 = DIRECTION('',(-1.,0.));
#2599 = ( GEOMETRIC_REPRESENTATION_CONTEXT(2) 
PARAMETRIC_REPRESENTATION_CONTEXT() REPRESENTATION_CONTEXT('2D SPACE',''
  ) );
#2600 = ADVANCED_FACE('',(#2601),#184,.F.);
#2601 = FACE_BOUND('',#2602,.T.);
#2602 = EDGE_LOOP('',(#2603,#2626,#2647,#2648));
#2603 = ORIENTED_EDGE('',*,*,#2604,.F.);
#2604 = EDGE_CURVE('',#2605,#1469,#2607,.T.);
#2605 = VERTEX_POINT('',#2606);
#2606 = CARTESIAN_POINT('',(84.,-69.,3.));
#2607 = SURFACE_CURVE('',#2608,(#2612,#2619),.PCURVE_S1.);
#2608 = LINE('',#2609,#2610);
#2609 = CARTESIAN_POINT('',(84.,-69.,3.));
#2610 = VECTOR('',#2611,1.);
#2611 = DIRECTION('',(0.,-1.,0.));
#2612 = PCURVE('',#184,#2613);
#2613 = DEFINITIONAL_REPRESENTATION('',(#2614),#2618);
#2614 = LINE('',#2615,#2616);
#2615 = CARTESIAN_POINT('',(-3.,0.));
#2616 = VECTOR('',#2617,1.);
#2617 = DIRECTION('',(-0.,-1.));
#2618 = ( GEOMETRIC_REPRESENTATION_CONTEXT(2) 
PARAMETRIC_REPRESENTATION_CONTEXT() REPRESENTATION_CONTEXT('2D SPACE',''
  ) );
#2619 = PCURVE('',#1484,#2620);
#2620 = DEFINITIONAL_REPRESENTATION('',(#2621),#2625);
#2621 = LINE('',#2622,#2623);
#2622 = CARTESIAN_POINT('',(-0.,-0.));
#2623 = VECTOR('',#2624,1.);
#2624 = DIRECTION('',(-0.,1.));
#2625 = ( GEOMETRIC_REPRESENTATION_CONTEXT(2) 
PARAMETRIC_REPRESENTATION_CONTEXT() REPRESENTATION_CONTEXT('2D SPACE',''
  ) );
#2626 = ORIENTED_EDGE('',*,*,#2627,.F.);
#2627 = EDGE_CURVE('',#169,#2605,#2628,.T.);
#2628 = SURFACE_CURVE('',#2629,(#2633,#2640),.PCURVE_S1.);
#2629 = LINE('',#2630,#2631);
#2630 = CARTESIAN_POINT('',(84.,-69.,0.));
#2631 = VECTOR('',#2632,1.);
#2632 = DIRECTION('',(0.,0.,1.));
#2633 = PCURVE('',#184,#2634);
#2634 = DEFINITIONAL_REPRESENTATION('',(#2635),#2639);
#2635 = LINE('',#2636,#2637);
#2636 = CARTESIAN_POINT('',(-0.,0.));
#2637 = VECTOR('',#2638,1.);
#2638 = DIRECTION('',(-1.,0.));
#2639 = ( GEOMETRIC_REPRESENTATION_CONTEXT(2) 
PARAMETRIC_REPRESENTATION_CONTEXT() REPRESENTATION_CONTEXT('2D SPACE',''
  ) );
#2640 = PCURVE('',#212,#2641);
#2641 = DEFINITIONAL_REPRESENTATION('',(#2642),#2646);
#2642 = LINE('',#2643,#2644);
#2643 = CARTESIAN_POINT('',(-0.,0.));
#2644 = VECTOR('',#2645,1.);
#2645 = DIRECTION('',(-1.,0.));
#2646 = ( GEOMETRIC_REPRESENTATION_CONTEXT(2) 
PARAMETRIC_REPRESENTATION_CONTEXT() REPRESENTATION_CONTEXT('2D SPACE',''
  ) );
#2647 = ORIENTED_EDGE('',*,*,#168,.T.);
#2648 = ORIENTED_EDGE('',*,*,#1496,.F.);
#2649 = ADVANCED_FACE('',(#2650),#362,.T.);
#2650 = FACE_BOUND('',#2651,.F.);
#2651 = EDGE_LOOP('',(#2652,#2686,#2707,#2708,#2709));
#2652 = ORIENTED_EDGE('',*,*,#2653,.F.);
#2653 = EDGE_CURVE('',#2654,#2656,#2658,.T.);
#2654 = VERTEX_POINT('',#2655);
#2655 = CARTESIAN_POINT('',(120.,-88.,47.333333333333));
#2656 = VERTEX_POINT('',#2657);
#2657 = CARTESIAN_POINT('',(119.9160797831,-89.,47.));
#2658 = SURFACE_CURVE('',#2659,(#2664,#2674),.PCURVE_S1.);
#2659 = ELLIPSE('',#2660,6.324555320337,6.);
#2660 = AXIS2_PLACEMENT_3D('',#2661,#2662,#2663);
#2661 = CARTESIAN_POINT('',(114.,-88.,47.333333333333));
#2662 = DIRECTION('',(0.,0.316227766017,-0.948683298051));
#2663 = DIRECTION('',(-0.,0.948683298051,0.316227766017));
#2664 = PCURVE('',#362,#2665);
#2665 = DEFINITIONAL_REPRESENTATION('',(#2666),#2673);
#2666 = B_SPLINE_CURVE_WITH_KNOTS('',5,(#2667,#2668,#2669,#2670,#2671,
    #2672),.UNSPECIFIED.,.F.,.F.,(6,6),(1.570796326795,1.738244406015),
  .PIECEWISE_BEZIER_KNOTS.);
#2667 = CARTESIAN_POINT('',(0.,47.333333333333));
#2668 = CARTESIAN_POINT('',(-3.348961584394E-02,47.266354101645));
#2669 = CARTESIAN_POINT('',(-6.697923168787E-02,47.199374869858));
#2670 = CARTESIAN_POINT('',(-0.100468847532,47.132552140355));
#2671 = CARTESIAN_POINT('',(-0.133958463376,47.066042413079));
#2672 = CARTESIAN_POINT('',(-0.16744807922,47.));
#2673 = ( GEOMETRIC_REPRESENTATION_CONTEXT(2) 
PARAMETRIC_REPRESENTATION_CONTEXT() REPRESENTATION_CONTEXT('2D SPACE',''
  ) );
#2674 = PCURVE('',#2675,#2680);
#2675 = PLANE('',#2676);
#2676 = AXIS2_PLACEMENT_3D('',#2677,#2678,#2679);
#2677 = CARTESIAN_POINT('',(-105.,-89.,47.));
#2678 = DIRECTION('',(0.,0.316227766017,-0.948683298051));
#2679 = DIRECTION('',(0.,-0.948683298051,-0.316227766017));
#2680 = DEFINITIONAL_REPRESENTATION('',(#2681),#2685);
#2681 = ELLIPSE('',#2682,6.324555320337,6.);
#2682 = AXIS2_PLACEMENT_2D('',#2683,#2684);
#2683 = CARTESIAN_POINT('',(-1.054092553389,-219.));
#2684 = DIRECTION('',(-1.,0.));
#2685 = ( GEOMETRIC_REPRESENTATION_CONTEXT(2) 
PARAMETRIC_REPRESENTATION_CONTEXT() REPRESENTATION_CONTEXT('2D SPACE',''
  ) );
#2686 = ORIENTED_EDGE('',*,*,#2687,.F.);
#2687 = EDGE_CURVE('',#314,#2654,#2688,.T.);
#2688 = SURFACE_CURVE('',#2689,(#2693,#2700),.PCURVE_S1.);
#2689 = LINE('',#2690,#2691);
#2690 = CARTESIAN_POINT('',(120.,-88.,0.));
#2691 = VECTOR('',#2692,1.);
#2692 = DIRECTION('',(-0.,-0.,1.));
#2693 = PCURVE('',#362,#2694);
#2694 = DEFINITIONAL_REPRESENTATION('',(#2695),#2699);
#2695 = LINE('',#2696,#2697);
#2696 = CARTESIAN_POINT('',(-0.,0.));
#2697 = VECTOR('',#2698,1.);
#2698 = DIRECTION('',(-0.,1.));
#2699 = ( GEOMETRIC_REPRESENTATION_CONTEXT(2) 
PARAMETRIC_REPRESENTATION_CONTEXT() REPRESENTATION_CONTEXT('2D SPACE',''
  ) );
#2700 = PCURVE('',#329,#2701);
#2701 = DEFINITIONAL_REPRESENTATION('',(#2702),#2706);
#2702 = LINE('',#2703,#2704);
#2703 = CARTESIAN_POINT('',(23.709220585483,-3.513711543335));
#2704 = VECTOR('',#2705,1.);
#2705 = DIRECTION('',(-1.,0.));
#2706 = ( GEOMETRIC_REPRESENTATION_CONTEXT(2) 
PARAMETRIC_REPRESENTATION_CONTEXT() REPRESENTATION_CONTEXT('2D SPACE',''
  ) );
#2707 = ORIENTED_EDGE('',*,*,#341,.T.);
#2708 = ORIENTED_EDGE('',*,*,#1659,.T.);
#2709 = ORIENTED_EDGE('',*,*,#2710,.F.);
#2710 = EDGE_CURVE('',#2656,#1660,#2711,.T.);
#2711 = SURFACE_CURVE('',#2712,(#2717,#2728),.PCURVE_S1.);
#2712 = ELLIPSE('',#2713,10.322790320451,6.);
#2713 = AXIS2_PLACEMENT_3D('',#2714,#2715,#2716);
#2714 = CARTESIAN_POINT('',(114.,-88.,48.4));
#2715 = DIRECTION('',(0.,0.813733471207,-0.581238193719));
#2716 = DIRECTION('',(-0.,0.581238193719,0.813733471207));
#2717 = PCURVE('',#362,#2718);
#2718 = DEFINITIONAL_REPRESENTATION('',(#2719),#2727);
#2719 = B_SPLINE_CURVE_WITH_KNOTS('',6,(#2720,#2721,#2722,#2723,#2724,
    #2725,#2726),.UNSPECIFIED.,.F.,.F.,(7,7),(1.738244406015,
    3.14159265359),.PIECEWISE_BEZIER_KNOTS.);
#2720 = CARTESIAN_POINT('',(-0.16744807922,47.));
#2721 = CARTESIAN_POINT('',(-0.401339453816,45.062791954237));
#2722 = CARTESIAN_POINT('',(-0.635230357994,43.217559754938));
#2723 = CARTESIAN_POINT('',(-0.869121945961,41.65453430784));
#2724 = CARTESIAN_POINT('',(-1.103014329494,40.551362081372));
#2725 = CARTESIAN_POINT('',(-1.336904952199,40.));
#2726 = CARTESIAN_POINT('',(-1.570796326795,40.));
#2727 = ( GEOMETRIC_REPRESENTATION_CONTEXT(2) 
PARAMETRIC_REPRESENTATION_CONTEXT() REPRESENTATION_CONTEXT('2D SPACE',''
  ) );
#2728 = PCURVE('',#1698,#2729);
#2729 = DEFINITIONAL_REPRESENTATION('',(#2730),#2734);
#2730 = ELLIPSE('',#2731,10.322790320451,6.);
#2731 = AXIS2_PLACEMENT_2D('',#2732,#2733);
#2732 = CARTESIAN_POINT('',(-10.32279032045,-219.));
#2733 = DIRECTION('',(-1.,0.));
#2734 = ( GEOMETRIC_REPRESENTATION_CONTEXT(2) 
PARAMETRIC_REPRESENTATION_CONTEXT() REPRESENTATION_CONTEXT('2D SPACE',''
  ) );
#2735 = ADVANCED_FACE('',(#2736),#212,.F.);
#2736 = FACE_BOUND('',#2737,.T.);
#2737 = EDGE_LOOP('',(#2738,#2739,#2740,#2763));
#2738 = ORIENTED_EDGE('',*,*,#196,.F.);
#2739 = ORIENTED_EDGE('',*,*,#2627,.T.);
#2740 = ORIENTED_EDGE('',*,*,#2741,.T.);
#2741 = EDGE_CURVE('',#2605,#2742,#2744,.T.);
#2742 = VERTEX_POINT('',#2743);
#2743 = CARTESIAN_POINT('',(116.,-69.,3.));
#2744 = SURFACE_CURVE('',#2745,(#2749,#2756),.PCURVE_S1.);
#2745 = LINE('',#2746,#2747);
#2746 = CARTESIAN_POINT('',(84.,-69.,3.));
#2747 = VECTOR('',#2748,1.);
#2748 = DIRECTION('',(1.,0.,-0.));
#2749 = PCURVE('',#212,#2750);
#2750 = DEFINITIONAL_REPRESENTATION('',(#2751),#2755);
#2751 = LINE('',#2752,#2753);
#2752 = CARTESIAN_POINT('',(-3.,0.));
#2753 = VECTOR('',#2754,1.);
#2754 = DIRECTION('',(-0.,1.));
#2755 = ( GEOMETRIC_REPRESENTATION_CONTEXT(2) 
PARAMETRIC_REPRESENTATION_CONTEXT() REPRESENTATION_CONTEXT('2D SPACE',''
  ) );
#2756 = PCURVE('',#1484,#2757);
#2757 = DEFINITIONAL_REPRESENTATION('',(#2758),#2762);
#2758 = LINE('',#2759,#2760);
#2759 = CARTESIAN_POINT('',(-0.,-0.));
#2760 = VECTOR('',#2761,1.);
#2761 = DIRECTION('',(-1.,0.));
#2762 = ( GEOMETRIC_REPRESENTATION_CONTEXT(2) 
PARAMETRIC_REPRESENTATION_CONTEXT() REPRESENTATION_CONTEXT('2D SPACE',''
  ) );
#2763 = ORIENTED_EDGE('',*,*,#2764,.F.);
#2764 = EDGE_CURVE('',#197,#2742,#2765,.T.);
#2765 = SURFACE_CURVE('',#2766,(#2770,#2777),.PCURVE_S1.);
#2766 = LINE('',#2767,#2768);
#2767 = CARTESIAN_POINT('',(116.,-69.,0.));
#2768 = VECTOR('',#2769,1.);
#2769 = DIRECTION('',(0.,0.,1.));
#2770 = PCURVE('',#212,#2771);
#2771 = DEFINITIONAL_REPRESENTATION('',(#2772),#2776);
#2772 = LINE('',#2773,#2774);
#2773 = CARTESIAN_POINT('',(-0.,32.));
#2774 = VECTOR('',#2775,1.);
#2775 = DIRECTION('',(-1.,0.));
#2776 = ( GEOMETRIC_REPRESENTATION_CONTEXT(2) 
PARAMETRIC_REPRESENTATION_CONTEXT() REPRESENTATION_CONTEXT('2D SPACE',''
  ) );
#2777 = PCURVE('',#240,#2778);
#2778 = DEFINITIONAL_REPRESENTATION('',(#2779),#2783);
#2779 = LINE('',#2780,#2781);
#2780 = CARTESIAN_POINT('',(-0.,0.));
#2781 = VECTOR('',#2782,1.);
#2782 = DIRECTION('',(-1.,0.));
#2783 = ( GEOMETRIC_REPRESENTATION_CONTEXT(2) 
PARAMETRIC_REPRESENTATION_CONTEXT() REPRESENTATION_CONTEXT('2D SPACE',''
  ) );
#2784 = ADVANCED_FACE('',(#2785),#329,.T.);
#2785 = FACE_BOUND('',#2786,.F.);
#2786 = EDGE_LOOP('',(#2787,#2788,#2789,#2812));
#2787 = ORIENTED_EDGE('',*,*,#313,.T.);
#2788 = ORIENTED_EDGE('',*,*,#2687,.T.);
#2789 = ORIENTED_EDGE('',*,*,#2790,.T.);
#2790 = EDGE_CURVE('',#2654,#2791,#2793,.T.);
#2791 = VERTEX_POINT('',#2792);
#2792 = CARTESIAN_POINT('',(120.,-82.,49.333333333333));
#2793 = SURFACE_CURVE('',#2794,(#2798,#2805),.PCURVE_S1.);
#2794 = LINE('',#2795,#2796);
#2795 = CARTESIAN_POINT('',(120.,-89.,47.));
#2796 = VECTOR('',#2797,1.);
#2797 = DIRECTION('',(-0.,0.948683298051,0.316227766017));
#2798 = PCURVE('',#329,#2799);
#2799 = DEFINITIONAL_REPRESENTATION('',(#2800),#2804);
#2800 = LINE('',#2801,#2802);
#2801 = CARTESIAN_POINT('',(-23.29077941451,-4.513711543335));
#2802 = VECTOR('',#2803,1.);
#2803 = DIRECTION('',(-0.316227766017,0.948683298051));
#2804 = ( GEOMETRIC_REPRESENTATION_CONTEXT(2) 
PARAMETRIC_REPRESENTATION_CONTEXT() REPRESENTATION_CONTEXT('2D SPACE',''
  ) );
#2805 = PCURVE('',#2675,#2806);
#2806 = DEFINITIONAL_REPRESENTATION('',(#2807),#2811);
#2807 = LINE('',#2808,#2809);
#2808 = CARTESIAN_POINT('',(-0.,-225.));
#2809 = VECTOR('',#2810,1.);
#2810 = DIRECTION('',(-1.,0.));
#2811 = ( GEOMETRIC_REPRESENTATION_CONTEXT(2) 
PARAMETRIC_REPRESENTATION_CONTEXT() REPRESENTATION_CONTEXT('2D SPACE',''
  ) );
#2812 = ORIENTED_EDGE('',*,*,#2813,.T.);
#2813 = EDGE_CURVE('',#2791,#281,#2814,.T.);
#2814 = SURFACE_CURVE('',#2815,(#2819,#2826),.PCURVE_S1.);
#2815 = LINE('',#2816,#2817);
#2816 = CARTESIAN_POINT('',(120.,-82.,50.));
#2817 = VECTOR('',#2818,1.);
#2818 = DIRECTION('',(-0.,-0.,-1.));
#2819 = PCURVE('',#329,#2820);
#2820 = DEFINITIONAL_REPRESENTATION('',(#2821),#2825);
#2821 = LINE('',#2822,#2823);
#2822 = CARTESIAN_POINT('',(-26.29077941451,2.486288456665));
#2823 = VECTOR('',#2824,1.);
#2824 = DIRECTION('',(1.,-0.));
#2825 = ( GEOMETRIC_REPRESENTATION_CONTEXT(2) 
PARAMETRIC_REPRESENTATION_CONTEXT() REPRESENTATION_CONTEXT('2D SPACE',''
  ) );
#2826 = PCURVE('',#301,#2827);
#2827 = DEFINITIONAL_REPRESENTATION('',(#2828),#2832);
#2828 = LINE('',#2829,#2830);
#2829 = CARTESIAN_POINT('',(1.570796326795,0.));
#2830 = VECTOR('',#2831,1.);
#2831 = DIRECTION('',(0.,1.));
#2832 = ( GEOMETRIC_REPRESENTATION_CONTEXT(2) 
PARAMETRIC_REPRESENTATION_CONTEXT() REPRESENTATION_CONTEXT('2D SPACE',''
  ) );
#2833 = ADVANCED_FACE('',(#2834),#240,.T.);
#2834 = FACE_BOUND('',#2835,.F.);
#2835 = EDGE_LOOP('',(#2836,#2837,#2838,#2861));
#2836 = ORIENTED_EDGE('',*,*,#2764,.F.);
#2837 = ORIENTED_EDGE('',*,*,#224,.T.);
#2838 = ORIENTED_EDGE('',*,*,#2839,.T.);
#2839 = EDGE_CURVE('',#225,#2840,#2842,.T.);
#2840 = VERTEX_POINT('',#2841);
#2841 = CARTESIAN_POINT('',(116.,-76.01,3.));
#2842 = SURFACE_CURVE('',#2843,(#2847,#2854),.PCURVE_S1.);
#2843 = LINE('',#2844,#2845);
#2844 = CARTESIAN_POINT('',(116.,-76.01,0.));
#2845 = VECTOR('',#2846,1.);
#2846 = DIRECTION('',(0.,0.,1.));
#2847 = PCURVE('',#240,#2848);
#2848 = DEFINITIONAL_REPRESENTATION('',(#2849),#2853);
#2849 = LINE('',#2850,#2851);
#2850 = CARTESIAN_POINT('',(-0.,-7.01));
#2851 = VECTOR('',#2852,1.);
#2852 = DIRECTION('',(-1.,0.));
#2853 = ( GEOMETRIC_REPRESENTATION_CONTEXT(2) 
PARAMETRIC_REPRESENTATION_CONTEXT() REPRESENTATION_CONTEXT('2D SPACE',''
  ) );
#2854 = PCURVE('',#268,#2855);
#2855 = DEFINITIONAL_REPRESENTATION('',(#2856),#2860);
#2856 = LINE('',#2857,#2858);
#2857 = CARTESIAN_POINT('',(-0.,32.));
#2858 = VECTOR('',#2859,1.);
#2859 = DIRECTION('',(-1.,0.));
#2860 = ( GEOMETRIC_REPRESENTATION_CONTEXT(2) 
PARAMETRIC_REPRESENTATION_CONTEXT() REPRESENTATION_CONTEXT('2D SPACE',''
  ) );
#2861 = ORIENTED_EDGE('',*,*,#2862,.F.);
#2862 = EDGE_CURVE('',#2742,#2840,#2863,.T.);
#2863 = SURFACE_CURVE('',#2864,(#2868,#2875),.PCURVE_S1.);
#2864 = LINE('',#2865,#2866);
#2865 = CARTESIAN_POINT('',(116.,-69.,3.));
#2866 = VECTOR('',#2867,1.);
#2867 = DIRECTION('',(0.,-1.,0.));
#2868 = PCURVE('',#240,#2869);
#2869 = DEFINITIONAL_REPRESENTATION('',(#2870),#2874);
#2870 = LINE('',#2871,#2872);
#2871 = CARTESIAN_POINT('',(-3.,0.));
#2872 = VECTOR('',#2873,1.);
#2873 = DIRECTION('',(-0.,-1.));
#2874 = ( GEOMETRIC_REPRESENTATION_CONTEXT(2) 
PARAMETRIC_REPRESENTATION_CONTEXT() REPRESENTATION_CONTEXT('2D SPACE',''
  ) );
#2875 = PCURVE('',#1484,#2876);
#2876 = DEFINITIONAL_REPRESENTATION('',(#2877),#2881);
#2877 = LINE('',#2878,#2879);
#2878 = CARTESIAN_POINT('',(-32.,-0.));
#2879 = VECTOR('',#2880,1.);
#2880 = DIRECTION('',(-0.,1.));
#2881 = ( GEOMETRIC_REPRESENTATION_CONTEXT(2) 
PARAMETRIC_REPRESENTATION_CONTEXT() REPRESENTATION_CONTEXT('2D SPACE',''
  ) );
#2882 = ADVANCED_FACE('',(#2883),#301,.T.);
#2883 = FACE_BOUND('',#2884,.T.);
#2884 = EDGE_LOOP('',(#2885,#2886,#2910,#2935,#2936,#2937,#2960));
#2885 = ORIENTED_EDGE('',*,*,#1445,.F.);
#2886 = ORIENTED_EDGE('',*,*,#2887,.T.);
#2887 = EDGE_CURVE('',#1418,#2888,#2890,.T.);
#2888 = VERTEX_POINT('',#2889);
#2889 = CARTESIAN_POINT('',(119.65685424949,-80.,50.));
#2890 = SURFACE_CURVE('',#2891,(#2896,#2903),.PCURVE_S1.);
#2891 = CIRCLE('',#2892,6.);
#2892 = AXIS2_PLACEMENT_3D('',#2893,#2894,#2895);
#2893 = CARTESIAN_POINT('',(114.,-82.,50.));
#2894 = DIRECTION('',(0.,0.,-1.));
#2895 = DIRECTION('',(-0.,-1.,-0.));
#2896 = PCURVE('',#301,#2897);
#2897 = DEFINITIONAL_REPRESENTATION('',(#2898),#2902);
#2898 = LINE('',#2899,#2900);
#2899 = CARTESIAN_POINT('',(-3.14159265359,0.));
#2900 = VECTOR('',#2901,1.);
#2901 = DIRECTION('',(1.,0.));
#2902 = ( GEOMETRIC_REPRESENTATION_CONTEXT(2) 
PARAMETRIC_REPRESENTATION_CONTEXT() REPRESENTATION_CONTEXT('2D SPACE',''
  ) );
#2903 = PCURVE('',#1433,#2904);
#2904 = DEFINITIONAL_REPRESENTATION('',(#2905),#2909);
#2905 = CIRCLE('',#2906,6.);
#2906 = AXIS2_PLACEMENT_2D('',#2907,#2908);
#2907 = CARTESIAN_POINT('',(2.,-219.));
#2908 = DIRECTION('',(1.,-0.));
#2909 = ( GEOMETRIC_REPRESENTATION_CONTEXT(2) 
PARAMETRIC_REPRESENTATION_CONTEXT() REPRESENTATION_CONTEXT('2D SPACE',''
  ) );
#2910 = ORIENTED_EDGE('',*,*,#2911,.T.);
#2911 = EDGE_CURVE('',#2888,#2791,#2912,.T.);
#2912 = SURFACE_CURVE('',#2913,(#2918,#2928),.PCURVE_S1.);
#2913 = ELLIPSE('',#2914,6.324555320337,6.);
#2914 = AXIS2_PLACEMENT_3D('',#2915,#2916,#2917);
#2915 = CARTESIAN_POINT('',(114.,-82.,49.333333333333));
#2916 = DIRECTION('',(0.,0.316227766017,-0.948683298051));
#2917 = DIRECTION('',(-0.,-0.948683298051,-0.316227766017));
#2918 = PCURVE('',#301,#2919);
#2919 = DEFINITIONAL_REPRESENTATION('',(#2920),#2927);
#2920 = B_SPLINE_CURVE_WITH_KNOTS('',5,(#2921,#2922,#2923,#2924,#2925,
    #2926),.UNSPECIFIED.,.F.,.F.,(6,6),(4.372552070931,4.712388980385),
  .PIECEWISE_BEZIER_KNOTS.);
#2921 = CARTESIAN_POINT('',(1.230959417341,-7.105427357601E-15));
#2922 = CARTESIAN_POINT('',(1.298926799232,0.128160524359));
#2923 = CARTESIAN_POINT('',(1.366894181122,0.260170668643));
#2924 = CARTESIAN_POINT('',(1.434861563013,0.394797125051));
#2925 = CARTESIAN_POINT('',(1.502828944904,0.530731902885));
#2926 = CARTESIAN_POINT('',(1.570796326795,0.666666666667));
#2927 = ( GEOMETRIC_REPRESENTATION_CONTEXT(2) 
PARAMETRIC_REPRESENTATION_CONTEXT() REPRESENTATION_CONTEXT('2D SPACE',''
  ) );
#2928 = PCURVE('',#2675,#2929);
#2929 = DEFINITIONAL_REPRESENTATION('',(#2930),#2934);
#2930 = ELLIPSE('',#2931,6.324555320337,6.);
#2931 = AXIS2_PLACEMENT_2D('',#2932,#2933);
#2932 = CARTESIAN_POINT('',(-7.378647873726,-219.));
#2933 = DIRECTION('',(1.,-0.));
#2934 = ( GEOMETRIC_REPRESENTATION_CONTEXT(2) 
PARAMETRIC_REPRESENTATION_CONTEXT() REPRESENTATION_CONTEXT('2D SPACE',''
  ) );
#2935 = ORIENTED_EDGE('',*,*,#2813,.T.);
#2936 = ORIENTED_EDGE('',*,*,#280,.F.);
#2937 = ORIENTED_EDGE('',*,*,#2938,.F.);
#2938 = EDGE_CURVE('',#2939,#253,#2941,.T.);
#2939 = VERTEX_POINT('',#2940);
#2940 = CARTESIAN_POINT('',(114.34626579386,-76.01,3.));
#2941 = SURFACE_CURVE('',#2942,(#2946,#2953),.PCURVE_S1.);
#2942 = LINE('',#2943,#2944);
#2943 = CARTESIAN_POINT('',(114.34626579386,-76.01,50.));
#2944 = VECTOR('',#2945,1.);
#2945 = DIRECTION('',(-0.,-0.,-1.));
#2946 = PCURVE('',#301,#2947);
#2947 = DEFINITIONAL_REPRESENTATION('',(#2948),#2952);
#2948 = LINE('',#2949,#2950);
#2949 = CARTESIAN_POINT('',(5.774304868124E-02,0.));
#2950 = VECTOR('',#2951,1.);
#2951 = DIRECTION('',(0.,1.));
#2952 = ( GEOMETRIC_REPRESENTATION_CONTEXT(2) 
PARAMETRIC_REPRESENTATION_CONTEXT() REPRESENTATION_CONTEXT('2D SPACE',''
  ) );
#2953 = PCURVE('',#268,#2954);
#2954 = DEFINITIONAL_REPRESENTATION('',(#2955),#2959);
#2955 = LINE('',#2956,#2957);
#2956 = CARTESIAN_POINT('',(-50.,30.346265793864));
#2957 = VECTOR('',#2958,1.);
#2958 = DIRECTION('',(1.,-0.));
#2959 = ( GEOMETRIC_REPRESENTATION_CONTEXT(2) 
PARAMETRIC_REPRESENTATION_CONTEXT() REPRESENTATION_CONTEXT('2D SPACE',''
  ) );
#2960 = ORIENTED_EDGE('',*,*,#2961,.T.);
#2961 = EDGE_CURVE('',#2939,#1446,#2962,.T.);
#2962 = SURFACE_CURVE('',#2963,(#2968,#2975),.PCURVE_S1.);
#2963 = CIRCLE('',#2964,6.);
#2964 = AXIS2_PLACEMENT_3D('',#2965,#2966,#2967);
#2965 = CARTESIAN_POINT('',(114.,-82.,3.));
#2966 = DIRECTION('',(0.,0.,1.));
#2967 = DIRECTION('',(-0.,1.,-0.));
#2968 = PCURVE('',#301,#2969);
#2969 = DEFINITIONAL_REPRESENTATION('',(#2970),#2974);
#2970 = LINE('',#2971,#2972);
#2971 = CARTESIAN_POINT('',(6.28318530718,47.));
#2972 = VECTOR('',#2973,1.);
#2973 = DIRECTION('',(-1.,0.));
#2974 = ( GEOMETRIC_REPRESENTATION_CONTEXT(2) 
PARAMETRIC_REPRESENTATION_CONTEXT() REPRESENTATION_CONTEXT('2D SPACE',''
  ) );
#2975 = PCURVE('',#1484,#2976);
#2976 = DEFINITIONAL_REPRESENTATION('',(#2977),#2981);
#2977 = CIRCLE('',#2978,6.);
#2978 = AXIS2_PLACEMENT_2D('',#2979,#2980);
#2979 = CARTESIAN_POINT('',(-30.,13.));
#2980 = DIRECTION('',(-0.,-1.));
#2981 = ( GEOMETRIC_REPRESENTATION_CONTEXT(2) 
PARAMETRIC_REPRESENTATION_CONTEXT() REPRESENTATION_CONTEXT('2D SPACE',''
  ) );
#2982 = ADVANCED_FACE('',(#2983),#268,.T.);
#2983 = FACE_BOUND('',#2984,.F.);
#2984 = EDGE_LOOP('',(#2985,#2986,#2987,#3008));
#2985 = ORIENTED_EDGE('',*,*,#252,.F.);
#2986 = ORIENTED_EDGE('',*,*,#2938,.F.);
#2987 = ORIENTED_EDGE('',*,*,#2988,.T.);
#2988 = EDGE_CURVE('',#2939,#2840,#2989,.T.);
#2989 = SURFACE_CURVE('',#2990,(#2994,#3001),.PCURVE_S1.);
#2990 = LINE('',#2991,#2992);
#2991 = CARTESIAN_POINT('',(84.,-76.01,3.));
#2992 = VECTOR('',#2993,1.);
#2993 = DIRECTION('',(1.,0.,-0.));
#2994 = PCURVE('',#268,#2995);
#2995 = DEFINITIONAL_REPRESENTATION('',(#2996),#3000);
#2996 = LINE('',#2997,#2998);
#2997 = CARTESIAN_POINT('',(-3.,0.));
#2998 = VECTOR('',#2999,1.);
#2999 = DIRECTION('',(-0.,1.));
#3000 = ( GEOMETRIC_REPRESENTATION_CONTEXT(2) 
PARAMETRIC_REPRESENTATION_CONTEXT() REPRESENTATION_CONTEXT('2D SPACE',''
  ) );
#3001 = PCURVE('',#1484,#3002);
#3002 = DEFINITIONAL_REPRESENTATION('',(#3003),#3007);
#3003 = LINE('',#3004,#3005);
#3004 = CARTESIAN_POINT('',(-0.,7.01));
#3005 = VECTOR('',#3006,1.);
#3006 = DIRECTION('',(-1.,0.));
#3007 = ( GEOMETRIC_REPRESENTATION_CONTEXT(2) 
PARAMETRIC_REPRESENTATION_CONTEXT() REPRESENTATION_CONTEXT('2D SPACE',''
  ) );
#3008 = ORIENTED_EDGE('',*,*,#2839,.F.);
#3009 = ADVANCED_FACE('',(#3010),#509,.F.);
#3010 = FACE_BOUND('',#3011,.T.);
#3011 = EDGE_LOOP('',(#3012,#3040,#3061,#3062));
#3012 = ORIENTED_EDGE('',*,*,#3013,.F.);
#3013 = EDGE_CURVE('',#3014,#3014,#3016,.T.);
#3014 = VERTEX_POINT('',#3015);
#3015 = CARTESIAN_POINT('',(106.7,-72.5,3.));
#3016 = SURFACE_CURVE('',#3017,(#3022,#3029),.PCURVE_S1.);
#3017 = CIRCLE('',#3018,1.7);
#3018 = AXIS2_PLACEMENT_3D('',#3019,#3020,#3021);
#3019 = CARTESIAN_POINT('',(105.,-72.5,3.));
#3020 = DIRECTION('',(0.,0.,-1.));
#3021 = DIRECTION('',(1.,-0.,-0.));
#3022 = PCURVE('',#509,#3023);
#3023 = DEFINITIONAL_REPRESENTATION('',(#3024),#3028);
#3024 = LINE('',#3025,#3026);
#3025 = CARTESIAN_POINT('',(-0.,4.));
#3026 = VECTOR('',#3027,1.);
#3027 = DIRECTION('',(-1.,0.));
#3028 = ( GEOMETRIC_REPRESENTATION_CONTEXT(2) 
PARAMETRIC_REPRESENTATION_CONTEXT() REPRESENTATION_CONTEXT('2D SPACE',''
  ) );
#3029 = PCURVE('',#1484,#3030);
#3030 = DEFINITIONAL_REPRESENTATION('',(#3031),#3039);
#3031 = ( BOUNDED_CURVE() B_SPLINE_CURVE(2,(#3032,#3033,#3034,#3035,
#3036,#3037,#3038),.UNSPECIFIED.,.T.,.F.) B_SPLINE_CURVE_WITH_KNOTS((1,2
    ,2,2,2,1),(-2.094395102393,0.,2.094395102393,4.188790204786,
6.28318530718,8.377580409573),.UNSPECIFIED.) CURVE() 
GEOMETRIC_REPRESENTATION_ITEM() RATIONAL_B_SPLINE_CURVE((1.,0.5,1.,0.5,
1.,0.5,1.)) REPRESENTATION_ITEM('') );
#3032 = CARTESIAN_POINT('',(-22.7,3.5));
#3033 = CARTESIAN_POINT('',(-22.7,6.444486372867));
#3034 = CARTESIAN_POINT('',(-20.15,4.972243186434));
#3035 = CARTESIAN_POINT('',(-17.6,3.5));
#3036 = CARTESIAN_POINT('',(-20.15,2.027756813566));
#3037 = CARTESIAN_POINT('',(-22.7,0.555513627133));
#3038 = CARTESIAN_POINT('',(-22.7,3.5));
#3039 = ( GEOMETRIC_REPRESENTATION_CONTEXT(2) 
PARAMETRIC_REPRESENTATION_CONTEXT() REPRESENTATION_CONTEXT('2D SPACE',''
  ) );
#3040 = ORIENTED_EDGE('',*,*,#3041,.F.);
#3041 = EDGE_CURVE('',#489,#3014,#3042,.T.);
#3042 = SEAM_CURVE('',#3043,(#3047,#3054),.PCURVE_S1.);
#3043 = LINE('',#3044,#3045);
#3044 = CARTESIAN_POINT('',(106.7,-72.5,-1.));
#3045 = VECTOR('',#3046,1.);
#3046 = DIRECTION('',(-0.,-0.,1.));
#3047 = PCURVE('',#509,#3048);
#3048 = DEFINITIONAL_REPRESENTATION('',(#3049),#3053);
#3049 = LINE('',#3050,#3051);
#3050 = CARTESIAN_POINT('',(-6.28318530718,-0.));
#3051 = VECTOR('',#3052,1.);
#3052 = DIRECTION('',(-0.,1.));
#3053 = ( GEOMETRIC_REPRESENTATION_CONTEXT(2) 
PARAMETRIC_REPRESENTATION_CONTEXT() REPRESENTATION_CONTEXT('2D SPACE',''
  ) );
#3054 = PCURVE('',#509,#3055);
#3055 = DEFINITIONAL_REPRESENTATION('',(#3056),#3060);
#3056 = LINE('',#3057,#3058);
#3057 = CARTESIAN_POINT('',(-0.,-0.));
#3058 = VECTOR('',#3059,1.);
#3059 = DIRECTION('',(-0.,1.));
#3060 = ( GEOMETRIC_REPRESENTATION_CONTEXT(2) 
PARAMETRIC_REPRESENTATION_CONTEXT() REPRESENTATION_CONTEXT('2D SPACE',''
  ) );
#3061 = ORIENTED_EDGE('',*,*,#488,.T.);
#3062 = ORIENTED_EDGE('',*,*,#3041,.T.);
#3063 = ADVANCED_FACE('',(#3064),#544,.F.);
#3064 = FACE_BOUND('',#3065,.T.);
#3065 = EDGE_LOOP('',(#3066,#3094,#3115,#3116));
#3066 = ORIENTED_EDGE('',*,*,#3067,.F.);
#3067 = EDGE_CURVE('',#3068,#3068,#3070,.T.);
#3068 = VERTEX_POINT('',#3069);
#3069 = CARTESIAN_POINT('',(-86.3,-72.5,3.));
#3070 = SURFACE_CURVE('',#3071,(#3076,#3083),.PCURVE_S1.);
#3071 = CIRCLE('',#3072,1.7);
#3072 = AXIS2_PLACEMENT_3D('',#3073,#3074,#3075);
#3073 = CARTESIAN_POINT('',(-88.,-72.5,3.));
#3074 = DIRECTION('',(0.,0.,-1.));
#3075 = DIRECTION('',(1.,-0.,-0.));
#3076 = PCURVE('',#544,#3077);
#3077 = DEFINITIONAL_REPRESENTATION('',(#3078),#3082);
#3078 = LINE('',#3079,#3080);
#3079 = CARTESIAN_POINT('',(-0.,4.));
#3080 = VECTOR('',#3081,1.);
#3081 = DIRECTION('',(-1.,0.));
#3082 = ( GEOMETRIC_REPRESENTATION_CONTEXT(2) 
PARAMETRIC_REPRESENTATION_CONTEXT() REPRESENTATION_CONTEXT('2D SPACE',''
  ) );
#3083 = PCURVE('',#841,#3084);
#3084 = DEFINITIONAL_REPRESENTATION('',(#3085),#3093);
#3085 = ( BOUNDED_CURVE() B_SPLINE_CURVE(2,(#3086,#3087,#3088,#3089,
#3090,#3091,#3092),.UNSPECIFIED.,.T.,.F.) B_SPLINE_CURVE_WITH_KNOTS((1,2
    ,2,2,2,1),(-2.094395102393,0.,2.094395102393,4.188790204786,
6.28318530718,8.377580409573),.UNSPECIFIED.) CURVE() 
GEOMETRIC_REPRESENTATION_ITEM() RATIONAL_B_SPLINE_CURVE((1.,0.5,1.,0.5,
1.,0.5,1.)) REPRESENTATION_ITEM('') );
#3086 = CARTESIAN_POINT('',(-14.7,3.5));
#3087 = CARTESIAN_POINT('',(-14.7,6.444486372867));
#3088 = CARTESIAN_POINT('',(-12.15,4.972243186434));
#3089 = CARTESIAN_POINT('',(-9.6,3.5));
#3090 = CARTESIAN_POINT('',(-12.15,2.027756813566));
#3091 = CARTESIAN_POINT('',(-14.7,0.555513627133));
#3092 = CARTESIAN_POINT('',(-14.7,3.5));
#3093 = ( GEOMETRIC_REPRESENTATION_CONTEXT(2) 
PARAMETRIC_REPRESENTATION_CONTEXT() REPRESENTATION_CONTEXT('2D SPACE',''
  ) );
#3094 = ORIENTED_EDGE('',*,*,#3095,.F.);
#3095 = EDGE_CURVE('',#524,#3068,#3096,.T.);
#3096 = SEAM_CURVE('',#3097,(#3101,#3108),.PCURVE_S1.);
#3097 = LINE('',#3098,#3099);
#3098 = CARTESIAN_POINT('',(-86.3,-72.5,-1.));
#3099 = VECTOR('',#3100,1.);
#3100 = DIRECTION('',(-0.,-0.,1.));
#3101 = PCURVE('',#544,#3102);
#3102 = DEFINITIONAL_REPRESENTATION('',(#3103),#3107);
#3103 = LINE('',#3104,#3105);
#3104 = CARTESIAN_POINT('',(-6.28318530718,-0.));
#3105 = VECTOR('',#3106,1.);
#3106 = DIRECTION('',(-0.,1.));
#3107 = ( GEOMETRIC_REPRESENTATION_CONTEXT(2) 
PARAMETRIC_REPRESENTATION_CONTEXT() REPRESENTATION_CONTEXT('2D SPACE',''
  ) );
#3108 = PCURVE('',#544,#3109);
#3109 = DEFINITIONAL_REPRESENTATION('',(#3110),#3114);
#3110 = LINE('',#3111,#3112);
#3111 = CARTESIAN_POINT('',(-0.,-0.));
#3112 = VECTOR('',#3113,1.);
#3113 = DIRECTION('',(-0.,1.));
#3114 = ( GEOMETRIC_REPRESENTATION_CONTEXT(2) 
PARAMETRIC_REPRESENTATION_CONTEXT() REPRESENTATION_CONTEXT('2D SPACE',''
  ) );
#3115 = ORIENTED_EDGE('',*,*,#523,.T.);
#3116 = ORIENTED_EDGE('',*,*,#3095,.T.);
#3117 = ADVANCED_FACE('',(#3118),#581,.F.);
#3118 = FACE_BOUND('',#3119,.T.);
#3119 = EDGE_LOOP('',(#3120,#3154,#3175,#3176,#3199));
#3120 = ORIENTED_EDGE('',*,*,#3121,.F.);
#3121 = EDGE_CURVE('',#3122,#3124,#3126,.T.);
#3122 = VERTEX_POINT('',#3123);
#3123 = CARTESIAN_POINT('',(117.6,-85.6,45.5));
#3124 = VERTEX_POINT('',#3125);
#3125 = CARTESIAN_POINT('',(117.09909083394,-88.,44.6));
#3126 = SURFACE_CURVE('',#3127,(#3132,#3142),.PCURVE_S1.);
#3127 = ELLIPSE('',#3128,6.408002808988,6.);
#3128 = AXIS2_PLACEMENT_3D('',#3129,#3130,#3131);
#3129 = CARTESIAN_POINT('',(111.6,-85.6,45.5));
#3130 = DIRECTION('',(0.,0.351123441588,-0.936329177569));
#3131 = DIRECTION('',(-0.,0.936329177569,0.351123441588));
#3132 = PCURVE('',#581,#3133);
#3133 = DEFINITIONAL_REPRESENTATION('',(#3134),#3141);
#3134 = B_SPLINE_CURVE_WITH_KNOTS('',5,(#3135,#3136,#3137,#3138,#3139,
    #3140),.UNSPECIFIED.,.F.,.F.,(6,6),(1.570796326795,1.982313172862),
  .PIECEWISE_BEZIER_KNOTS.);
#3135 = CARTESIAN_POINT('',(0.,45.5));
#3136 = CARTESIAN_POINT('',(-8.23033692135E-02,45.31481741927));
#3137 = CARTESIAN_POINT('',(-0.164606738427,45.129634778329));
#3138 = CARTESIAN_POINT('',(-0.246910107641,44.947065777362));
#3139 = CARTESIAN_POINT('',(-0.329213476854,44.769722638717));
#3140 = CARTESIAN_POINT('',(-0.411516846067,44.6));
#3141 = ( GEOMETRIC_REPRESENTATION_CONTEXT(2) 
PARAMETRIC_REPRESENTATION_CONTEXT() REPRESENTATION_CONTEXT('2D SPACE',''
  ) );
#3142 = PCURVE('',#3143,#3148);
#3143 = PLANE('',#3144);
#3144 = AXIS2_PLACEMENT_3D('',#3145,#3146,#3147);
#3145 = CARTESIAN_POINT('',(-102.6,-88.,44.6));
#3146 = DIRECTION('',(0.,0.351123441588,-0.936329177569));
#3147 = DIRECTION('',(0.,-0.936329177569,-0.351123441588));
#3148 = DEFINITIONAL_REPRESENTATION('',(#3149),#3153);
#3149 = ELLIPSE('',#3150,6.408002808988,6.);
#3150 = AXIS2_PLACEMENT_2D('',#3151,#3152);
#3151 = CARTESIAN_POINT('',(-2.563201123595,-214.2));
#3152 = DIRECTION('',(-1.,0.));
#3153 = ( GEOMETRIC_REPRESENTATION_CONTEXT(2) 
PARAMETRIC_REPRESENTATION_CONTEXT() REPRESENTATION_CONTEXT('2D SPACE',''
  ) );
#3154 = ORIENTED_EDGE('',*,*,#3155,.F.);
#3155 = EDGE_CURVE('',#559,#3122,#3156,.T.);
#3156 = SURFACE_CURVE('',#3157,(#3161,#3168),.PCURVE_S1.);
#3157 = LINE('',#3158,#3159);
#3158 = CARTESIAN_POINT('',(117.6,-85.6,0.));
#3159 = VECTOR('',#3160,1.);
#3160 = DIRECTION('',(-0.,-0.,1.));
#3161 = PCURVE('',#581,#3162);
#3162 = DEFINITIONAL_REPRESENTATION('',(#3163),#3167);
#3163 = LINE('',#3164,#3165);
#3164 = CARTESIAN_POINT('',(-0.,0.));
#3165 = VECTOR('',#3166,1.);
#3166 = DIRECTION('',(-0.,1.));
#3167 = ( GEOMETRIC_REPRESENTATION_CONTEXT(2) 
PARAMETRIC_REPRESENTATION_CONTEXT() REPRESENTATION_CONTEXT('2D SPACE',''
  ) );
#3168 = PCURVE('',#609,#3169);
#3169 = DEFINITIONAL_REPRESENTATION('',(#3170),#3174);
#3170 = LINE('',#3171,#3172);
#3171 = CARTESIAN_POINT('',(22.154008059085,-0.959429653585));
#3172 = VECTOR('',#3173,1.);
#3173 = DIRECTION('',(-1.,0.));
#3174 = ( GEOMETRIC_REPRESENTATION_CONTEXT(2) 
PARAMETRIC_REPRESENTATION_CONTEXT() REPRESENTATION_CONTEXT('2D SPACE',''
  ) );
#3175 = ORIENTED_EDGE('',*,*,#558,.T.);
#3176 = ORIENTED_EDGE('',*,*,#3177,.T.);
#3177 = EDGE_CURVE('',#561,#3178,#3180,.T.);
#3178 = VERTEX_POINT('',#3179);
#3179 = CARTESIAN_POINT('',(111.6,-91.6,39.));
#3180 = SURFACE_CURVE('',#3181,(#3185,#3192),.PCURVE_S1.);
#3181 = LINE('',#3182,#3183);
#3182 = CARTESIAN_POINT('',(111.6,-91.6,0.));
#3183 = VECTOR('',#3184,1.);
#3184 = DIRECTION('',(-0.,-0.,1.));
#3185 = PCURVE('',#581,#3186);
#3186 = DEFINITIONAL_REPRESENTATION('',(#3187),#3191);
#3187 = LINE('',#3188,#3189);
#3188 = CARTESIAN_POINT('',(-1.570796326795,0.));
#3189 = VECTOR('',#3190,1.);
#3190 = DIRECTION('',(-0.,1.));
#3191 = ( GEOMETRIC_REPRESENTATION_CONTEXT(2) 
PARAMETRIC_REPRESENTATION_CONTEXT() REPRESENTATION_CONTEXT('2D SPACE',''
  ) );
#3192 = PCURVE('',#786,#3193);
#3193 = DEFINITIONAL_REPRESENTATION('',(#3194),#3198);
#3194 = LINE('',#3195,#3196);
#3195 = CARTESIAN_POINT('',(-1.,-214.2));
#3196 = VECTOR('',#3197,1.);
#3197 = DIRECTION('',(-1.,0.));
#3198 = ( GEOMETRIC_REPRESENTATION_CONTEXT(2) 
PARAMETRIC_REPRESENTATION_CONTEXT() REPRESENTATION_CONTEXT('2D SPACE',''
  ) );
#3199 = ORIENTED_EDGE('',*,*,#3200,.F.);
#3200 = EDGE_CURVE('',#3124,#3178,#3201,.T.);
#3201 = SURFACE_CURVE('',#3202,(#3207,#3217),.PCURVE_S1.);
#3202 = ELLIPSE('',#3203,11.095544651396,6.);
#3203 = AXIS2_PLACEMENT_3D('',#3204,#3205,#3206);
#3204 = CARTESIAN_POINT('',(111.6,-85.6,48.333333333333));
#3205 = DIRECTION('',(0.,0.841178475377,-0.540757591313));
#3206 = DIRECTION('',(-0.,0.540757591313,0.841178475377));
#3207 = PCURVE('',#581,#3208);
#3208 = DEFINITIONAL_REPRESENTATION('',(#3209),#3216);
#3209 = B_SPLINE_CURVE_WITH_KNOTS('',5,(#3210,#3211,#3212,#3213,#3214,
    #3215),.UNSPECIFIED.,.F.,.F.,(6,6),(1.982313172862,3.14159265359),
  .PIECEWISE_BEZIER_KNOTS.);
#3210 = CARTESIAN_POINT('',(-0.411516846067,44.6));
#3211 = CARTESIAN_POINT('',(-0.643372742213,42.616671903771));
#3212 = CARTESIAN_POINT('',(-0.875228613746,40.883688155765));
#3213 = CARTESIAN_POINT('',(-1.107088659563,39.626537918241));
#3214 = CARTESIAN_POINT('',(-1.338940430649,39.));
#3215 = CARTESIAN_POINT('',(-1.570796326795,39.));
#3216 = ( GEOMETRIC_REPRESENTATION_CONTEXT(2) 
PARAMETRIC_REPRESENTATION_CONTEXT() REPRESENTATION_CONTEXT('2D SPACE',''
  ) );
#3217 = PCURVE('',#3218,#3223);
#3218 = PLANE('',#3219);
#3219 = AXIS2_PLACEMENT_3D('',#3220,#3221,#3222);
#3220 = CARTESIAN_POINT('',(-102.6,-91.6,39.));
#3221 = DIRECTION('',(0.,0.841178475377,-0.540757591313));
#3222 = DIRECTION('',(0.,-0.540757591313,-0.841178475377));
#3223 = DEFINITIONAL_REPRESENTATION('',(#3224),#3228);
#3224 = ELLIPSE('',#3225,11.095544651395,6.);
#3225 = AXIS2_PLACEMENT_2D('',#3226,#3227);
#3226 = CARTESIAN_POINT('',(-11.09554465139,-214.2));
#3227 = DIRECTION('',(-1.,0.));
#3228 = ( GEOMETRIC_REPRESENTATION_CONTEXT(2) 
PARAMETRIC_REPRESENTATION_CONTEXT() REPRESENTATION_CONTEXT('2D SPACE',''
  ) );
#3229 = ADVANCED_FACE('',(#3230),#609,.F.);
#3230 = FACE_BOUND('',#3231,.T.);
#3231 = EDGE_LOOP('',(#3232,#3255,#3276,#3277));
#3232 = ORIENTED_EDGE('',*,*,#3233,.T.);
#3233 = EDGE_CURVE('',#3122,#3234,#3236,.T.);
#3234 = VERTEX_POINT('',#3235);
#3235 = CARTESIAN_POINT('',(117.6,-84.4,45.95));
#3236 = SURFACE_CURVE('',#3237,(#3241,#3248),.PCURVE_S1.);
#3237 = LINE('',#3238,#3239);
#3238 = CARTESIAN_POINT('',(117.6,-88.,44.6));
#3239 = VECTOR('',#3240,1.);
#3240 = DIRECTION('',(-0.,0.936329177569,0.351123441588));
#3241 = PCURVE('',#609,#3242);
#3242 = DEFINITIONAL_REPRESENTATION('',(#3243),#3247);
#3243 = LINE('',#3244,#3245);
#3244 = CARTESIAN_POINT('',(-22.44599194091,-3.359429653585));
#3245 = VECTOR('',#3246,1.);
#3246 = DIRECTION('',(-0.351123441588,0.936329177569));
#3247 = ( GEOMETRIC_REPRESENTATION_CONTEXT(2) 
PARAMETRIC_REPRESENTATION_CONTEXT() REPRESENTATION_CONTEXT('2D SPACE',''
  ) );
#3248 = PCURVE('',#3143,#3249);
#3249 = DEFINITIONAL_REPRESENTATION('',(#3250),#3254);
#3250 = LINE('',#3251,#3252);
#3251 = CARTESIAN_POINT('',(-0.,-220.2));
#3252 = VECTOR('',#3253,1.);
#3253 = DIRECTION('',(-1.,0.));
#3254 = ( GEOMETRIC_REPRESENTATION_CONTEXT(2) 
PARAMETRIC_REPRESENTATION_CONTEXT() REPRESENTATION_CONTEXT('2D SPACE',''
  ) );
#3255 = ORIENTED_EDGE('',*,*,#3256,.T.);
#3256 = EDGE_CURVE('',#3234,#594,#3257,.T.);
#3257 = SURFACE_CURVE('',#3258,(#3262,#3269),.PCURVE_S1.);
#3258 = LINE('',#3259,#3260);
#3259 = CARTESIAN_POINT('',(117.6,-84.4,47.6));
#3260 = VECTOR('',#3261,1.);
#3261 = DIRECTION('',(-0.,-0.,-1.));
#3262 = PCURVE('',#609,#3263);
#3263 = DEFINITIONAL_REPRESENTATION('',(#3264),#3268);
#3264 = LINE('',#3265,#3266);
#3265 = CARTESIAN_POINT('',(-25.44599194091,0.240570346415));
#3266 = VECTOR('',#3267,1.);
#3267 = DIRECTION('',(1.,-0.));
#3268 = ( GEOMETRIC_REPRESENTATION_CONTEXT(2) 
PARAMETRIC_REPRESENTATION_CONTEXT() REPRESENTATION_CONTEXT('2D SPACE',''
  ) );
#3269 = PCURVE('',#642,#3270);
#3270 = DEFINITIONAL_REPRESENTATION('',(#3271),#3275);
#3271 = LINE('',#3272,#3273);
#3272 = CARTESIAN_POINT('',(1.570796326795,0.));
#3273 = VECTOR('',#3274,1.);
#3274 = DIRECTION('',(0.,1.));
#3275 = ( GEOMETRIC_REPRESENTATION_CONTEXT(2) 
PARAMETRIC_REPRESENTATION_CONTEXT() REPRESENTATION_CONTEXT('2D SPACE',''
  ) );
#3276 = ORIENTED_EDGE('',*,*,#593,.T.);
#3277 = ORIENTED_EDGE('',*,*,#3155,.T.);
#3278 = ADVANCED_FACE('',(#3279,#3516,#3610,#3704,#3798,#3892,#3986),
  #786,.T.);
#3279 = FACE_BOUND('',#3280,.F.);
#3280 = EDGE_LOOP('',(#3281,#3311,#3332,#3333,#3334,#3357,#3380,#3403,
    #3426,#3449,#3472,#3495));
#3281 = ORIENTED_EDGE('',*,*,#3282,.F.);
#3282 = EDGE_CURVE('',#3283,#3285,#3287,.T.);
#3283 = VERTEX_POINT('',#3284);
#3284 = CARTESIAN_POINT('',(-96.6,-91.6,39.));
#3285 = VERTEX_POINT('',#3286);
#3286 = CARTESIAN_POINT('',(-40.5,-91.6,39.));
#3287 = SURFACE_CURVE('',#3288,(#3292,#3299),.PCURVE_S1.);
#3288 = LINE('',#3289,#3290);
#3289 = CARTESIAN_POINT('',(-102.6,-91.6,39.));
#3290 = VECTOR('',#3291,1.);
#3291 = DIRECTION('',(1.,-0.,-0.));
#3292 = PCURVE('',#786,#3293);
#3293 = DEFINITIONAL_REPRESENTATION('',(#3294),#3298);
#3294 = LINE('',#3295,#3296);
#3295 = CARTESIAN_POINT('',(-40.,-0.));
#3296 = VECTOR('',#3297,1.);
#3297 = DIRECTION('',(-0.,-1.));
#3298 = ( GEOMETRIC_REPRESENTATION_CONTEXT(2) 
PARAMETRIC_REPRESENTATION_CONTEXT() REPRESENTATION_CONTEXT('2D SPACE',''
  ) );
#3299 = PCURVE('',#3300,#3305);
#3300 = PLANE('',#3301);
#3301 = AXIS2_PLACEMENT_3D('',#3302,#3303,#3304);
#3302 = CARTESIAN_POINT('',(-102.6,-91.6,39.));
#3303 = DIRECTION('',(0.,0.841178475377,-0.540757591313));
#3304 = DIRECTION('',(0.,-0.540757591313,-0.841178475377));
#3305 = DEFINITIONAL_REPRESENTATION('',(#3306),#3310);
#3306 = LINE('',#3307,#3308);
#3307 = CARTESIAN_POINT('',(-0.,0.));
#3308 = VECTOR('',#3309,1.);
#3309 = DIRECTION('',(-0.,-1.));
#3310 = ( GEOMETRIC_REPRESENTATION_CONTEXT(2) 
PARAMETRIC_REPRESENTATION_CONTEXT() REPRESENTATION_CONTEXT('2D SPACE',''
  ) );
#3311 = ORIENTED_EDGE('',*,*,#3312,.F.);
#3312 = EDGE_CURVE('',#744,#3283,#3313,.T.);
#3313 = SURFACE_CURVE('',#3314,(#3318,#3325),.PCURVE_S1.);
#3314 = LINE('',#3315,#3316);
#3315 = CARTESIAN_POINT('',(-96.6,-91.6,0.));
#3316 = VECTOR('',#3317,1.);
#3317 = DIRECTION('',(-0.,-0.,1.));
#3318 = PCURVE('',#786,#3319);
#3319 = DEFINITIONAL_REPRESENTATION('',(#3320),#3324);
#3320 = LINE('',#3321,#3322);
#3321 = CARTESIAN_POINT('',(-1.,-6.));
#3322 = VECTOR('',#3323,1.);
#3323 = DIRECTION('',(-1.,0.));
#3324 = ( GEOMETRIC_REPRESENTATION_CONTEXT(2) 
PARAMETRIC_REPRESENTATION_CONTEXT() REPRESENTATION_CONTEXT('2D SPACE',''
  ) );
#3325 = PCURVE('',#760,#3326);
#3326 = DEFINITIONAL_REPRESENTATION('',(#3327),#3331);
#3327 = LINE('',#3328,#3329);
#3328 = CARTESIAN_POINT('',(1.570796326795,0.));
#3329 = VECTOR('',#3330,1.);
#3330 = DIRECTION('',(0.,1.));
#3331 = ( GEOMETRIC_REPRESENTATION_CONTEXT(2) 
PARAMETRIC_REPRESENTATION_CONTEXT() REPRESENTATION_CONTEXT('2D SPACE',''
  ) );
#3332 = ORIENTED_EDGE('',*,*,#772,.T.);
#3333 = ORIENTED_EDGE('',*,*,#3177,.T.);
#3334 = ORIENTED_EDGE('',*,*,#3335,.F.);
#3335 = EDGE_CURVE('',#3336,#3178,#3338,.T.);
#3336 = VERTEX_POINT('',#3337);
#3337 = CARTESIAN_POINT('',(-20.5,-91.6,39.));
#3338 = SURFACE_CURVE('',#3339,(#3343,#3350),.PCURVE_S1.);
#3339 = LINE('',#3340,#3341);
#3340 = CARTESIAN_POINT('',(-102.6,-91.6,39.));
#3341 = VECTOR('',#3342,1.);
#3342 = DIRECTION('',(1.,-0.,-0.));
#3343 = PCURVE('',#786,#3344);
#3344 = DEFINITIONAL_REPRESENTATION('',(#3345),#3349);
#3345 = LINE('',#3346,#3347);
#3346 = CARTESIAN_POINT('',(-40.,-0.));
#3347 = VECTOR('',#3348,1.);
#3348 = DIRECTION('',(-0.,-1.));
#3349 = ( GEOMETRIC_REPRESENTATION_CONTEXT(2) 
PARAMETRIC_REPRESENTATION_CONTEXT() REPRESENTATION_CONTEXT('2D SPACE',''
  ) );
#3350 = PCURVE('',#3218,#3351);
#3351 = DEFINITIONAL_REPRESENTATION('',(#3352),#3356);
#3352 = LINE('',#3353,#3354);
#3353 = CARTESIAN_POINT('',(-0.,0.));
#3354 = VECTOR('',#3355,1.);
#3355 = DIRECTION('',(-0.,-1.));
#3356 = ( GEOMETRIC_REPRESENTATION_CONTEXT(2) 
PARAMETRIC_REPRESENTATION_CONTEXT() REPRESENTATION_CONTEXT('2D SPACE',''
  ) );
#3357 = ORIENTED_EDGE('',*,*,#3358,.F.);
#3358 = EDGE_CURVE('',#3359,#3336,#3361,.T.);
#3359 = VERTEX_POINT('',#3360);
#3360 = CARTESIAN_POINT('',(-20.5,-91.6,30.));
#3361 = SURFACE_CURVE('',#3362,(#3366,#3373),.PCURVE_S1.);
#3362 = LINE('',#3363,#3364);
#3363 = CARTESIAN_POINT('',(-20.5,-91.6,13.));
#3364 = VECTOR('',#3365,1.);
#3365 = DIRECTION('',(-0.,-0.,1.));
#3366 = PCURVE('',#786,#3367);
#3367 = DEFINITIONAL_REPRESENTATION('',(#3368),#3372);
#3368 = LINE('',#3369,#3370);
#3369 = CARTESIAN_POINT('',(-14.,-82.1));
#3370 = VECTOR('',#3371,1.);
#3371 = DIRECTION('',(-1.,0.));
#3372 = ( GEOMETRIC_REPRESENTATION_CONTEXT(2) 
PARAMETRIC_REPRESENTATION_CONTEXT() REPRESENTATION_CONTEXT('2D SPACE',''
  ) );
#3373 = PCURVE('',#1405,#3374);
#3374 = DEFINITIONAL_REPRESENTATION('',(#3375),#3379);
#3375 = LINE('',#3376,#3377);
#3376 = CARTESIAN_POINT('',(14.,-16.6));
#3377 = VECTOR('',#3378,1.);
#3378 = DIRECTION('',(-1.,0.));
#3379 = ( GEOMETRIC_REPRESENTATION_CONTEXT(2) 
PARAMETRIC_REPRESENTATION_CONTEXT() REPRESENTATION_CONTEXT('2D SPACE',''
  ) );
#3380 = ORIENTED_EDGE('',*,*,#3381,.F.);
#3381 = EDGE_CURVE('',#3382,#3359,#3384,.T.);
#3382 = VERTEX_POINT('',#3383);
#3383 = CARTESIAN_POINT('',(-19.,-91.6,30.));
#3384 = SURFACE_CURVE('',#3385,(#3389,#3396),.PCURVE_S1.);
#3385 = LINE('',#3386,#3387);
#3386 = CARTESIAN_POINT('',(-66.8,-91.6,30.));
#3387 = VECTOR('',#3388,1.);
#3388 = DIRECTION('',(-1.,-0.,-0.));
#3389 = PCURVE('',#786,#3390);
#3390 = DEFINITIONAL_REPRESENTATION('',(#3391),#3395);
#3391 = LINE('',#3392,#3393);
#3392 = CARTESIAN_POINT('',(-31.,-35.8));
#3393 = VECTOR('',#3394,1.);
#3394 = DIRECTION('',(-0.,1.));
#3395 = ( GEOMETRIC_REPRESENTATION_CONTEXT(2) 
PARAMETRIC_REPRESENTATION_CONTEXT() REPRESENTATION_CONTEXT('2D SPACE',''
  ) );
#3396 = PCURVE('',#1749,#3397);
#3397 = DEFINITIONAL_REPRESENTATION('',(#3398),#3402);
#3398 = LINE('',#3399,#3400);
#3399 = CARTESIAN_POINT('',(35.8,2.6));
#3400 = VECTOR('',#3401,1.);
#3401 = DIRECTION('',(1.,-0.));
#3402 = ( GEOMETRIC_REPRESENTATION_CONTEXT(2) 
PARAMETRIC_REPRESENTATION_CONTEXT() REPRESENTATION_CONTEXT('2D SPACE',''
  ) );
#3403 = ORIENTED_EDGE('',*,*,#3404,.F.);
#3404 = EDGE_CURVE('',#3405,#3382,#3407,.T.);
#3405 = VERTEX_POINT('',#3406);
#3406 = CARTESIAN_POINT('',(-19.,-91.6,10.));
#3407 = SURFACE_CURVE('',#3408,(#3412,#3419),.PCURVE_S1.);
#3408 = LINE('',#3409,#3410);
#3409 = CARTESIAN_POINT('',(-19.,-91.6,4.5));
#3410 = VECTOR('',#3411,1.);
#3411 = DIRECTION('',(-0.,-0.,1.));
#3412 = PCURVE('',#786,#3413);
#3413 = DEFINITIONAL_REPRESENTATION('',(#3414),#3418);
#3414 = LINE('',#3415,#3416);
#3415 = CARTESIAN_POINT('',(-5.5,-83.6));
#3416 = VECTOR('',#3417,1.);
#3417 = DIRECTION('',(-1.,0.));
#3418 = ( GEOMETRIC_REPRESENTATION_CONTEXT(2) 
PARAMETRIC_REPRESENTATION_CONTEXT() REPRESENTATION_CONTEXT('2D SPACE',''
  ) );
#3419 = PCURVE('',#1777,#3420);
#3420 = DEFINITIONAL_REPRESENTATION('',(#3421),#3425);
#3421 = LINE('',#3422,#3423);
#3422 = CARTESIAN_POINT('',(5.5,-2.6));
#3423 = VECTOR('',#3424,1.);
#3424 = DIRECTION('',(-1.,0.));
#3425 = ( GEOMETRIC_REPRESENTATION_CONTEXT(2) 
PARAMETRIC_REPRESENTATION_CONTEXT() REPRESENTATION_CONTEXT('2D SPACE',''
  ) );
#3426 = ORIENTED_EDGE('',*,*,#3427,.T.);
#3427 = EDGE_CURVE('',#3405,#3428,#3430,.T.);
#3428 = VERTEX_POINT('',#3429);
#3429 = CARTESIAN_POINT('',(-31.,-91.6,10.));
#3430 = SURFACE_CURVE('',#3431,(#3435,#3442),.PCURVE_S1.);
#3431 = LINE('',#3432,#3433);
#3432 = CARTESIAN_POINT('',(-66.8,-91.6,10.));
#3433 = VECTOR('',#3434,1.);
#3434 = DIRECTION('',(-1.,-0.,-0.));
#3435 = PCURVE('',#786,#3436);
#3436 = DEFINITIONAL_REPRESENTATION('',(#3437),#3441);
#3437 = LINE('',#3438,#3439);
#3438 = CARTESIAN_POINT('',(-11.,-35.8));
#3439 = VECTOR('',#3440,1.);
#3440 = DIRECTION('',(-0.,1.));
#3441 = ( GEOMETRIC_REPRESENTATION_CONTEXT(2) 
PARAMETRIC_REPRESENTATION_CONTEXT() REPRESENTATION_CONTEXT('2D SPACE',''
  ) );
#3442 = PCURVE('',#1805,#3443);
#3443 = DEFINITIONAL_REPRESENTATION('',(#3444),#3448);
#3444 = LINE('',#3445,#3446);
#3445 = CARTESIAN_POINT('',(35.8,2.6));
#3446 = VECTOR('',#3447,1.);
#3447 = DIRECTION('',(1.,-0.));
#3448 = ( GEOMETRIC_REPRESENTATION_CONTEXT(2) 
PARAMETRIC_REPRESENTATION_CONTEXT() REPRESENTATION_CONTEXT('2D SPACE',''
  ) );
#3449 = ORIENTED_EDGE('',*,*,#3450,.T.);
#3450 = EDGE_CURVE('',#3428,#3451,#3453,.T.);
#3451 = VERTEX_POINT('',#3452);
#3452 = CARTESIAN_POINT('',(-31.,-91.6,27.));
#3453 = SURFACE_CURVE('',#3454,(#3458,#3465),.PCURVE_S1.);
#3454 = LINE('',#3455,#3456);
#3455 = CARTESIAN_POINT('',(-31.,-91.6,4.5));
#3456 = VECTOR('',#3457,1.);
#3457 = DIRECTION('',(-0.,-0.,1.));
#3458 = PCURVE('',#786,#3459);
#3459 = DEFINITIONAL_REPRESENTATION('',(#3460),#3464);
#3460 = LINE('',#3461,#3462);
#3461 = CARTESIAN_POINT('',(-5.5,-71.6));
#3462 = VECTOR('',#3463,1.);
#3463 = DIRECTION('',(-1.,0.));
#3464 = ( GEOMETRIC_REPRESENTATION_CONTEXT(2) 
PARAMETRIC_REPRESENTATION_CONTEXT() REPRESENTATION_CONTEXT('2D SPACE',''
  ) );
#3465 = PCURVE('',#1833,#3466);
#3466 = DEFINITIONAL_REPRESENTATION('',(#3467),#3471);
#3467 = LINE('',#3468,#3469);
#3468 = CARTESIAN_POINT('',(5.5,-2.6));
#3469 = VECTOR('',#3470,1.);
#3470 = DIRECTION('',(-1.,0.));
#3471 = ( GEOMETRIC_REPRESENTATION_CONTEXT(2) 
PARAMETRIC_REPRESENTATION_CONTEXT() REPRESENTATION_CONTEXT('2D SPACE',''
  ) );
#3472 = ORIENTED_EDGE('',*,*,#3473,.T.);
#3473 = EDGE_CURVE('',#3451,#3474,#3476,.T.);
#3474 = VERTEX_POINT('',#3475);
#3475 = CARTESIAN_POINT('',(-40.5,-91.6,27.));
#3476 = SURFACE_CURVE('',#3477,(#3481,#3488),.PCURVE_S1.);
#3477 = LINE('',#3478,#3479);
#3478 = CARTESIAN_POINT('',(-71.55,-91.6,27.));
#3479 = VECTOR('',#3480,1.);
#3480 = DIRECTION('',(-1.,-0.,-0.));
#3481 = PCURVE('',#786,#3482);
#3482 = DEFINITIONAL_REPRESENTATION('',(#3483),#3487);
#3483 = LINE('',#3484,#3485);
#3484 = CARTESIAN_POINT('',(-28.,-31.05));
#3485 = VECTOR('',#3486,1.);
#3486 = DIRECTION('',(-0.,1.));
#3487 = ( GEOMETRIC_REPRESENTATION_CONTEXT(2) 
PARAMETRIC_REPRESENTATION_CONTEXT() REPRESENTATION_CONTEXT('2D SPACE',''
  ) );
#3488 = PCURVE('',#1861,#3489);
#3489 = DEFINITIONAL_REPRESENTATION('',(#3490),#3494);
#3490 = LINE('',#3491,#3492);
#3491 = CARTESIAN_POINT('',(31.05,16.6));
#3492 = VECTOR('',#3493,1.);
#3493 = DIRECTION('',(1.,-0.));
#3494 = ( GEOMETRIC_REPRESENTATION_CONTEXT(2) 
PARAMETRIC_REPRESENTATION_CONTEXT() REPRESENTATION_CONTEXT('2D SPACE',''
  ) );
#3495 = ORIENTED_EDGE('',*,*,#3496,.T.);
#3496 = EDGE_CURVE('',#3474,#3285,#3497,.T.);
#3497 = SURFACE_CURVE('',#3498,(#3502,#3509),.PCURVE_S1.);
#3498 = LINE('',#3499,#3500);
#3499 = CARTESIAN_POINT('',(-40.5,-91.6,13.));
#3500 = VECTOR('',#3501,1.);
#3501 = DIRECTION('',(-0.,-0.,1.));
#3502 = PCURVE('',#786,#3503);
#3503 = DEFINITIONAL_REPRESENTATION('',(#3504),#3508);
#3504 = LINE('',#3505,#3506);
#3505 = CARTESIAN_POINT('',(-14.,-62.1));
#3506 = VECTOR('',#3507,1.);
#3507 = DIRECTION('',(-1.,0.));
#3508 = ( GEOMETRIC_REPRESENTATION_CONTEXT(2) 
PARAMETRIC_REPRESENTATION_CONTEXT() REPRESENTATION_CONTEXT('2D SPACE',''
  ) );
#3509 = PCURVE('',#1349,#3510);
#3510 = DEFINITIONAL_REPRESENTATION('',(#3511),#3515);
#3511 = LINE('',#3512,#3513);
#3512 = CARTESIAN_POINT('',(14.,-16.6));
#3513 = VECTOR('',#3514,1.);
#3514 = DIRECTION('',(-1.,0.));
#3515 = ( GEOMETRIC_REPRESENTATION_CONTEXT(2) 
PARAMETRIC_REPRESENTATION_CONTEXT() REPRESENTATION_CONTEXT('2D SPACE',''
  ) );
#3516 = FACE_BOUND('',#3517,.F.);
#3517 = EDGE_LOOP('',(#3518,#3543,#3566,#3589));
#3518 = ORIENTED_EDGE('',*,*,#3519,.T.);
#3519 = EDGE_CURVE('',#3520,#3522,#3524,.T.);
#3520 = VERTEX_POINT('',#3521);
#3521 = CARTESIAN_POINT('',(69.,-91.6,10.));
#3522 = VERTEX_POINT('',#3523);
#3523 = CARTESIAN_POINT('',(57.,-91.6,10.));
#3524 = SURFACE_CURVE('',#3525,(#3529,#3536),.PCURVE_S1.);
#3525 = LINE('',#3526,#3527);
#3526 = CARTESIAN_POINT('',(-22.8,-91.6,10.));
#3527 = VECTOR('',#3528,1.);
#3528 = DIRECTION('',(-1.,-0.,-0.));
#3529 = PCURVE('',#786,#3530);
#3530 = DEFINITIONAL_REPRESENTATION('',(#3531),#3535);
#3531 = LINE('',#3532,#3533);
#3532 = CARTESIAN_POINT('',(-11.,-79.8));
#3533 = VECTOR('',#3534,1.);
#3534 = DIRECTION('',(-0.,1.));
#3535 = ( GEOMETRIC_REPRESENTATION_CONTEXT(2) 
PARAMETRIC_REPRESENTATION_CONTEXT() REPRESENTATION_CONTEXT('2D SPACE',''
  ) );
#3536 = PCURVE('',#1937,#3537);
#3537 = DEFINITIONAL_REPRESENTATION('',(#3538),#3542);
#3538 = LINE('',#3539,#3540);
#3539 = CARTESIAN_POINT('',(79.8,2.6));
#3540 = VECTOR('',#3541,1.);
#3541 = DIRECTION('',(1.,-0.));
#3542 = ( GEOMETRIC_REPRESENTATION_CONTEXT(2) 
PARAMETRIC_REPRESENTATION_CONTEXT() REPRESENTATION_CONTEXT('2D SPACE',''
  ) );
#3543 = ORIENTED_EDGE('',*,*,#3544,.T.);
#3544 = EDGE_CURVE('',#3522,#3545,#3547,.T.);
#3545 = VERTEX_POINT('',#3546);
#3546 = CARTESIAN_POINT('',(57.,-91.6,30.));
#3547 = SURFACE_CURVE('',#3548,(#3552,#3559),.PCURVE_S1.);
#3548 = LINE('',#3549,#3550);
#3549 = CARTESIAN_POINT('',(57.,-91.6,4.5));
#3550 = VECTOR('',#3551,1.);
#3551 = DIRECTION('',(-0.,-0.,1.));
#3552 = PCURVE('',#786,#3553);
#3553 = DEFINITIONAL_REPRESENTATION('',(#3554),#3558);
#3554 = LINE('',#3555,#3556);
#3555 = CARTESIAN_POINT('',(-5.5,-159.6));
#3556 = VECTOR('',#3557,1.);
#3557 = DIRECTION('',(-1.,0.));
#3558 = ( GEOMETRIC_REPRESENTATION_CONTEXT(2) 
PARAMETRIC_REPRESENTATION_CONTEXT() REPRESENTATION_CONTEXT('2D SPACE',''
  ) );
#3559 = PCURVE('',#1965,#3560);
#3560 = DEFINITIONAL_REPRESENTATION('',(#3561),#3565);
#3561 = LINE('',#3562,#3563);
#3562 = CARTESIAN_POINT('',(5.5,-2.6));
#3563 = VECTOR('',#3564,1.);
#3564 = DIRECTION('',(-1.,0.));
#3565 = ( GEOMETRIC_REPRESENTATION_CONTEXT(2) 
PARAMETRIC_REPRESENTATION_CONTEXT() REPRESENTATION_CONTEXT('2D SPACE',''
  ) );
#3566 = ORIENTED_EDGE('',*,*,#3567,.F.);
#3567 = EDGE_CURVE('',#3568,#3545,#3570,.T.);
#3568 = VERTEX_POINT('',#3569);
#3569 = CARTESIAN_POINT('',(69.,-91.6,30.));
#3570 = SURFACE_CURVE('',#3571,(#3575,#3582),.PCURVE_S1.);
#3571 = LINE('',#3572,#3573);
#3572 = CARTESIAN_POINT('',(-22.8,-91.6,30.));
#3573 = VECTOR('',#3574,1.);
#3574 = DIRECTION('',(-1.,-0.,-0.));
#3575 = PCURVE('',#786,#3576);
#3576 = DEFINITIONAL_REPRESENTATION('',(#3577),#3581);
#3577 = LINE('',#3578,#3579);
#3578 = CARTESIAN_POINT('',(-31.,-79.8));
#3579 = VECTOR('',#3580,1.);
#3580 = DIRECTION('',(-0.,1.));
#3581 = ( GEOMETRIC_REPRESENTATION_CONTEXT(2) 
PARAMETRIC_REPRESENTATION_CONTEXT() REPRESENTATION_CONTEXT('2D SPACE',''
  ) );
#3582 = PCURVE('',#1993,#3583);
#3583 = DEFINITIONAL_REPRESENTATION('',(#3584),#3588);
#3584 = LINE('',#3585,#3586);
#3585 = CARTESIAN_POINT('',(79.8,2.6));
#3586 = VECTOR('',#3587,1.);
#3587 = DIRECTION('',(1.,-0.));
#3588 = ( GEOMETRIC_REPRESENTATION_CONTEXT(2) 
PARAMETRIC_REPRESENTATION_CONTEXT() REPRESENTATION_CONTEXT('2D SPACE',''
  ) );
#3589 = ORIENTED_EDGE('',*,*,#3590,.F.);
#3590 = EDGE_CURVE('',#3520,#3568,#3591,.T.);
#3591 = SURFACE_CURVE('',#3592,(#3596,#3603),.PCURVE_S1.);
#3592 = LINE('',#3593,#3594);
#3593 = CARTESIAN_POINT('',(69.,-91.6,4.5));
#3594 = VECTOR('',#3595,1.);
#3595 = DIRECTION('',(-0.,-0.,1.));
#3596 = PCURVE('',#786,#3597);
#3597 = DEFINITIONAL_REPRESENTATION('',(#3598),#3602);
#3598 = LINE('',#3599,#3600);
#3599 = CARTESIAN_POINT('',(-5.5,-171.6));
#3600 = VECTOR('',#3601,1.);
#3601 = DIRECTION('',(-1.,0.));
#3602 = ( GEOMETRIC_REPRESENTATION_CONTEXT(2) 
PARAMETRIC_REPRESENTATION_CONTEXT() REPRESENTATION_CONTEXT('2D SPACE',''
  ) );
#3603 = PCURVE('',#2019,#3604);
#3604 = DEFINITIONAL_REPRESENTATION('',(#3605),#3609);
#3605 = LINE('',#3606,#3607);
#3606 = CARTESIAN_POINT('',(5.5,-2.6));
#3607 = VECTOR('',#3608,1.);
#3608 = DIRECTION('',(-1.,0.));
#3609 = ( GEOMETRIC_REPRESENTATION_CONTEXT(2) 
PARAMETRIC_REPRESENTATION_CONTEXT() REPRESENTATION_CONTEXT('2D SPACE',''
  ) );
#3610 = FACE_BOUND('',#3611,.F.);
#3611 = EDGE_LOOP('',(#3612,#3637,#3660,#3683));
#3612 = ORIENTED_EDGE('',*,*,#3613,.T.);
#3613 = EDGE_CURVE('',#3614,#3616,#3618,.T.);
#3614 = VERTEX_POINT('',#3615);
#3615 = CARTESIAN_POINT('',(47.,-91.6,10.));
#3616 = VERTEX_POINT('',#3617);
#3617 = CARTESIAN_POINT('',(35.,-91.6,10.));
#3618 = SURFACE_CURVE('',#3619,(#3623,#3630),.PCURVE_S1.);
#3619 = LINE('',#3620,#3621);
#3620 = CARTESIAN_POINT('',(-33.8,-91.6,10.));
#3621 = VECTOR('',#3622,1.);
#3622 = DIRECTION('',(-1.,-0.,-0.));
#3623 = PCURVE('',#786,#3624);
#3624 = DEFINITIONAL_REPRESENTATION('',(#3625),#3629);
#3625 = LINE('',#3626,#3627);
#3626 = CARTESIAN_POINT('',(-11.,-68.8));
#3627 = VECTOR('',#3628,1.);
#3628 = DIRECTION('',(-0.,1.));
#3629 = ( GEOMETRIC_REPRESENTATION_CONTEXT(2) 
PARAMETRIC_REPRESENTATION_CONTEXT() REPRESENTATION_CONTEXT('2D SPACE',''
  ) );
#3630 = PCURVE('',#2051,#3631);
#3631 = DEFINITIONAL_REPRESENTATION('',(#3632),#3636);
#3632 = LINE('',#3633,#3634);
#3633 = CARTESIAN_POINT('',(68.8,2.6));
#3634 = VECTOR('',#3635,1.);
#3635 = DIRECTION('',(1.,-0.));
#3636 = ( GEOMETRIC_REPRESENTATION_CONTEXT(2) 
PARAMETRIC_REPRESENTATION_CONTEXT() REPRESENTATION_CONTEXT('2D SPACE',''
  ) );
#3637 = ORIENTED_EDGE('',*,*,#3638,.T.);
#3638 = EDGE_CURVE('',#3616,#3639,#3641,.T.);
#3639 = VERTEX_POINT('',#3640);
#3640 = CARTESIAN_POINT('',(35.,-91.6,30.));
#3641 = SURFACE_CURVE('',#3642,(#3646,#3653),.PCURVE_S1.);
#3642 = LINE('',#3643,#3644);
#3643 = CARTESIAN_POINT('',(35.,-91.6,4.5));
#3644 = VECTOR('',#3645,1.);
#3645 = DIRECTION('',(-0.,-0.,1.));
#3646 = PCURVE('',#786,#3647);
#3647 = DEFINITIONAL_REPRESENTATION('',(#3648),#3652);
#3648 = LINE('',#3649,#3650);
#3649 = CARTESIAN_POINT('',(-5.5,-137.6));
#3650 = VECTOR('',#3651,1.);
#3651 = DIRECTION('',(-1.,0.));
#3652 = ( GEOMETRIC_REPRESENTATION_CONTEXT(2) 
PARAMETRIC_REPRESENTATION_CONTEXT() REPRESENTATION_CONTEXT('2D SPACE',''
  ) );
#3653 = PCURVE('',#2079,#3654);
#3654 = DEFINITIONAL_REPRESENTATION('',(#3655),#3659);
#3655 = LINE('',#3656,#3657);
#3656 = CARTESIAN_POINT('',(5.5,-2.6));
#3657 = VECTOR('',#3658,1.);
#3658 = DIRECTION('',(-1.,0.));
#3659 = ( GEOMETRIC_REPRESENTATION_CONTEXT(2) 
PARAMETRIC_REPRESENTATION_CONTEXT() REPRESENTATION_CONTEXT('2D SPACE',''
  ) );
#3660 = ORIENTED_EDGE('',*,*,#3661,.F.);
#3661 = EDGE_CURVE('',#3662,#3639,#3664,.T.);
#3662 = VERTEX_POINT('',#3663);
#3663 = CARTESIAN_POINT('',(47.,-91.6,30.));
#3664 = SURFACE_CURVE('',#3665,(#3669,#3676),.PCURVE_S1.);
#3665 = LINE('',#3666,#3667);
#3666 = CARTESIAN_POINT('',(-33.8,-91.6,30.));
#3667 = VECTOR('',#3668,1.);
#3668 = DIRECTION('',(-1.,-0.,-0.));
#3669 = PCURVE('',#786,#3670);
#3670 = DEFINITIONAL_REPRESENTATION('',(#3671),#3675);
#3671 = LINE('',#3672,#3673);
#3672 = CARTESIAN_POINT('',(-31.,-68.8));
#3673 = VECTOR('',#3674,1.);
#3674 = DIRECTION('',(-0.,1.));
#3675 = ( GEOMETRIC_REPRESENTATION_CONTEXT(2) 
PARAMETRIC_REPRESENTATION_CONTEXT() REPRESENTATION_CONTEXT('2D SPACE',''
  ) );
#3676 = PCURVE('',#2107,#3677);
#3677 = DEFINITIONAL_REPRESENTATION('',(#3678),#3682);
#3678 = LINE('',#3679,#3680);
#3679 = CARTESIAN_POINT('',(68.8,2.6));
#3680 = VECTOR('',#3681,1.);
#3681 = DIRECTION('',(1.,-0.));
#3682 = ( GEOMETRIC_REPRESENTATION_CONTEXT(2) 
PARAMETRIC_REPRESENTATION_CONTEXT() REPRESENTATION_CONTEXT('2D SPACE',''
  ) );
#3683 = ORIENTED_EDGE('',*,*,#3684,.F.);
#3684 = EDGE_CURVE('',#3614,#3662,#3685,.T.);
#3685 = SURFACE_CURVE('',#3686,(#3690,#3697),.PCURVE_S1.);
#3686 = LINE('',#3687,#3688);
#3687 = CARTESIAN_POINT('',(47.,-91.6,4.5));
#3688 = VECTOR('',#3689,1.);
#3689 = DIRECTION('',(-0.,-0.,1.));
#3690 = PCURVE('',#786,#3691);
#3691 = DEFINITIONAL_REPRESENTATION('',(#3692),#3696);
#3692 = LINE('',#3693,#3694);
#3693 = CARTESIAN_POINT('',(-5.5,-149.6));
#3694 = VECTOR('',#3695,1.);
#3695 = DIRECTION('',(-1.,0.));
#3696 = ( GEOMETRIC_REPRESENTATION_CONTEXT(2) 
PARAMETRIC_REPRESENTATION_CONTEXT() REPRESENTATION_CONTEXT('2D SPACE',''
  ) );
#3697 = PCURVE('',#2133,#3698);
#3698 = DEFINITIONAL_REPRESENTATION('',(#3699),#3703);
#3699 = LINE('',#3700,#3701);
#3700 = CARTESIAN_POINT('',(5.5,-2.6));
#3701 = VECTOR('',#3702,1.);
#3702 = DIRECTION('',(-1.,0.));
#3703 = ( GEOMETRIC_REPRESENTATION_CONTEXT(2) 
PARAMETRIC_REPRESENTATION_CONTEXT() REPRESENTATION_CONTEXT('2D SPACE',''
  ) );
#3704 = FACE_BOUND('',#3705,.F.);
#3705 = EDGE_LOOP('',(#3706,#3731,#3754,#3777));
#3706 = ORIENTED_EDGE('',*,*,#3707,.T.);
#3707 = EDGE_CURVE('',#3708,#3710,#3712,.T.);
#3708 = VERTEX_POINT('',#3709);
#3709 = CARTESIAN_POINT('',(25.,-91.6,10.));
#3710 = VERTEX_POINT('',#3711);
#3711 = CARTESIAN_POINT('',(13.,-91.6,10.));
#3712 = SURFACE_CURVE('',#3713,(#3717,#3724),.PCURVE_S1.);
#3713 = LINE('',#3714,#3715);
#3714 = CARTESIAN_POINT('',(-44.8,-91.6,10.));
#3715 = VECTOR('',#3716,1.);
#3716 = DIRECTION('',(-1.,-0.,-0.));
#3717 = PCURVE('',#786,#3718);
#3718 = DEFINITIONAL_REPRESENTATION('',(#3719),#3723);
#3719 = LINE('',#3720,#3721);
#3720 = CARTESIAN_POINT('',(-11.,-57.8));
#3721 = VECTOR('',#3722,1.);
#3722 = DIRECTION('',(-0.,1.));
#3723 = ( GEOMETRIC_REPRESENTATION_CONTEXT(2) 
PARAMETRIC_REPRESENTATION_CONTEXT() REPRESENTATION_CONTEXT('2D SPACE',''
  ) );
#3724 = PCURVE('',#2165,#3725);
#3725 = DEFINITIONAL_REPRESENTATION('',(#3726),#3730);
#3726 = LINE('',#3727,#3728);
#3727 = CARTESIAN_POINT('',(57.8,2.6));
#3728 = VECTOR('',#3729,1.);
#3729 = DIRECTION('',(1.,-0.));
#3730 = ( GEOMETRIC_REPRESENTATION_CONTEXT(2) 
PARAMETRIC_REPRESENTATION_CONTEXT() REPRESENTATION_CONTEXT('2D SPACE',''
  ) );
#3731 = ORIENTED_EDGE('',*,*,#3732,.T.);
#3732 = EDGE_CURVE('',#3710,#3733,#3735,.T.);
#3733 = VERTEX_POINT('',#3734);
#3734 = CARTESIAN_POINT('',(13.,-91.6,30.));
#3735 = SURFACE_CURVE('',#3736,(#3740,#3747),.PCURVE_S1.);
#3736 = LINE('',#3737,#3738);
#3737 = CARTESIAN_POINT('',(13.,-91.6,4.5));
#3738 = VECTOR('',#3739,1.);
#3739 = DIRECTION('',(-0.,-0.,1.));
#3740 = PCURVE('',#786,#3741);
#3741 = DEFINITIONAL_REPRESENTATION('',(#3742),#3746);
#3742 = LINE('',#3743,#3744);
#3743 = CARTESIAN_POINT('',(-5.5,-115.6));
#3744 = VECTOR('',#3745,1.);
#3745 = DIRECTION('',(-1.,0.));
#3746 = ( GEOMETRIC_REPRESENTATION_CONTEXT(2) 
PARAMETRIC_REPRESENTATION_CONTEXT() REPRESENTATION_CONTEXT('2D SPACE',''
  ) );
#3747 = PCURVE('',#2193,#3748);
#3748 = DEFINITIONAL_REPRESENTATION('',(#3749),#3753);
#3749 = LINE('',#3750,#3751);
#3750 = CARTESIAN_POINT('',(5.5,-2.6));
#3751 = VECTOR('',#3752,1.);
#3752 = DIRECTION('',(-1.,0.));
#3753 = ( GEOMETRIC_REPRESENTATION_CONTEXT(2) 
PARAMETRIC_REPRESENTATION_CONTEXT() REPRESENTATION_CONTEXT('2D SPACE',''
  ) );
#3754 = ORIENTED_EDGE('',*,*,#3755,.F.);
#3755 = EDGE_CURVE('',#3756,#3733,#3758,.T.);
#3756 = VERTEX_POINT('',#3757);
#3757 = CARTESIAN_POINT('',(25.,-91.6,30.));
#3758 = SURFACE_CURVE('',#3759,(#3763,#3770),.PCURVE_S1.);
#3759 = LINE('',#3760,#3761);
#3760 = CARTESIAN_POINT('',(-44.8,-91.6,30.));
#3761 = VECTOR('',#3762,1.);
#3762 = DIRECTION('',(-1.,-0.,-0.));
#3763 = PCURVE('',#786,#3764);
#3764 = DEFINITIONAL_REPRESENTATION('',(#3765),#3769);
#3765 = LINE('',#3766,#3767);
#3766 = CARTESIAN_POINT('',(-31.,-57.8));
#3767 = VECTOR('',#3768,1.);
#3768 = DIRECTION('',(-0.,1.));
#3769 = ( GEOMETRIC_REPRESENTATION_CONTEXT(2) 
PARAMETRIC_REPRESENTATION_CONTEXT() REPRESENTATION_CONTEXT('2D SPACE',''
  ) );
#3770 = PCURVE('',#2221,#3771);
#3771 = DEFINITIONAL_REPRESENTATION('',(#3772),#3776);
#3772 = LINE('',#3773,#3774);
#3773 = CARTESIAN_POINT('',(57.8,2.6));
#3774 = VECTOR('',#3775,1.);
#3775 = DIRECTION('',(1.,-0.));
#3776 = ( GEOMETRIC_REPRESENTATION_CONTEXT(2) 
PARAMETRIC_REPRESENTATION_CONTEXT() REPRESENTATION_CONTEXT('2D SPACE',''
  ) );
#3777 = ORIENTED_EDGE('',*,*,#3778,.F.);
#3778 = EDGE_CURVE('',#3708,#3756,#3779,.T.);
#3779 = SURFACE_CURVE('',#3780,(#3784,#3791),.PCURVE_S1.);
#3780 = LINE('',#3781,#3782);
#3781 = CARTESIAN_POINT('',(25.,-91.6,4.5));
#3782 = VECTOR('',#3783,1.);
#3783 = DIRECTION('',(-0.,-0.,1.));
#3784 = PCURVE('',#786,#3785);
#3785 = DEFINITIONAL_REPRESENTATION('',(#3786),#3790);
#3786 = LINE('',#3787,#3788);
#3787 = CARTESIAN_POINT('',(-5.5,-127.6));
#3788 = VECTOR('',#3789,1.);
#3789 = DIRECTION('',(-1.,0.));
#3790 = ( GEOMETRIC_REPRESENTATION_CONTEXT(2) 
PARAMETRIC_REPRESENTATION_CONTEXT() REPRESENTATION_CONTEXT('2D SPACE',''
  ) );
#3791 = PCURVE('',#2247,#3792);
#3792 = DEFINITIONAL_REPRESENTATION('',(#3793),#3797);
#3793 = LINE('',#3794,#3795);
#3794 = CARTESIAN_POINT('',(5.5,-2.6));
#3795 = VECTOR('',#3796,1.);
#3796 = DIRECTION('',(-1.,0.));
#3797 = ( GEOMETRIC_REPRESENTATION_CONTEXT(2) 
PARAMETRIC_REPRESENTATION_CONTEXT() REPRESENTATION_CONTEXT('2D SPACE',''
  ) );
#3798 = FACE_BOUND('',#3799,.F.);
#3799 = EDGE_LOOP('',(#3800,#3825,#3848,#3871));
#3800 = ORIENTED_EDGE('',*,*,#3801,.T.);
#3801 = EDGE_CURVE('',#3802,#3804,#3806,.T.);
#3802 = VERTEX_POINT('',#3803);
#3803 = CARTESIAN_POINT('',(3.,-91.6,10.));
#3804 = VERTEX_POINT('',#3805);
#3805 = CARTESIAN_POINT('',(-9.,-91.6,10.));
#3806 = SURFACE_CURVE('',#3807,(#3811,#3818),.PCURVE_S1.);
#3807 = LINE('',#3808,#3809);
#3808 = CARTESIAN_POINT('',(-55.8,-91.6,10.));
#3809 = VECTOR('',#3810,1.);
#3810 = DIRECTION('',(-1.,-0.,-0.));
#3811 = PCURVE('',#786,#3812);
#3812 = DEFINITIONAL_REPRESENTATION('',(#3813),#3817);
#3813 = LINE('',#3814,#3815);
#3814 = CARTESIAN_POINT('',(-11.,-46.8));
#3815 = VECTOR('',#3816,1.);
#3816 = DIRECTION('',(-0.,1.));
#3817 = ( GEOMETRIC_REPRESENTATION_CONTEXT(2) 
PARAMETRIC_REPRESENTATION_CONTEXT() REPRESENTATION_CONTEXT('2D SPACE',''
  ) );
#3818 = PCURVE('',#2279,#3819);
#3819 = DEFINITIONAL_REPRESENTATION('',(#3820),#3824);
#3820 = LINE('',#3821,#3822);
#3821 = CARTESIAN_POINT('',(46.8,2.6));
#3822 = VECTOR('',#3823,1.);
#3823 = DIRECTION('',(1.,-0.));
#3824 = ( GEOMETRIC_REPRESENTATION_CONTEXT(2) 
PARAMETRIC_REPRESENTATION_CONTEXT() REPRESENTATION_CONTEXT('2D SPACE',''
  ) );
#3825 = ORIENTED_EDGE('',*,*,#3826,.T.);
#3826 = EDGE_CURVE('',#3804,#3827,#3829,.T.);
#3827 = VERTEX_POINT('',#3828);
#3828 = CARTESIAN_POINT('',(-9.,-91.6,30.));
#3829 = SURFACE_CURVE('',#3830,(#3834,#3841),.PCURVE_S1.);
#3830 = LINE('',#3831,#3832);
#3831 = CARTESIAN_POINT('',(-9.,-91.6,4.5));
#3832 = VECTOR('',#3833,1.);
#3833 = DIRECTION('',(-0.,-0.,1.));
#3834 = PCURVE('',#786,#3835);
#3835 = DEFINITIONAL_REPRESENTATION('',(#3836),#3840);
#3836 = LINE('',#3837,#3838);
#3837 = CARTESIAN_POINT('',(-5.5,-93.6));
#3838 = VECTOR('',#3839,1.);
#3839 = DIRECTION('',(-1.,0.));
#3840 = ( GEOMETRIC_REPRESENTATION_CONTEXT(2) 
PARAMETRIC_REPRESENTATION_CONTEXT() REPRESENTATION_CONTEXT('2D SPACE',''
  ) );
#3841 = PCURVE('',#2307,#3842);
#3842 = DEFINITIONAL_REPRESENTATION('',(#3843),#3847);
#3843 = LINE('',#3844,#3845);
#3844 = CARTESIAN_POINT('',(5.5,-2.6));
#3845 = VECTOR('',#3846,1.);
#3846 = DIRECTION('',(-1.,0.));
#3847 = ( GEOMETRIC_REPRESENTATION_CONTEXT(2) 
PARAMETRIC_REPRESENTATION_CONTEXT() REPRESENTATION_CONTEXT('2D SPACE',''
  ) );
#3848 = ORIENTED_EDGE('',*,*,#3849,.F.);
#3849 = EDGE_CURVE('',#3850,#3827,#3852,.T.);
#3850 = VERTEX_POINT('',#3851);
#3851 = CARTESIAN_POINT('',(3.,-91.6,30.));
#3852 = SURFACE_CURVE('',#3853,(#3857,#3864),.PCURVE_S1.);
#3853 = LINE('',#3854,#3855);
#3854 = CARTESIAN_POINT('',(-55.8,-91.6,30.));
#3855 = VECTOR('',#3856,1.);
#3856 = DIRECTION('',(-1.,-0.,-0.));
#3857 = PCURVE('',#786,#3858);
#3858 = DEFINITIONAL_REPRESENTATION('',(#3859),#3863);
#3859 = LINE('',#3860,#3861);
#3860 = CARTESIAN_POINT('',(-31.,-46.8));
#3861 = VECTOR('',#3862,1.);
#3862 = DIRECTION('',(-0.,1.));
#3863 = ( GEOMETRIC_REPRESENTATION_CONTEXT(2) 
PARAMETRIC_REPRESENTATION_CONTEXT() REPRESENTATION_CONTEXT('2D SPACE',''
  ) );
#3864 = PCURVE('',#2335,#3865);
#3865 = DEFINITIONAL_REPRESENTATION('',(#3866),#3870);
#3866 = LINE('',#3867,#3868);
#3867 = CARTESIAN_POINT('',(46.8,2.6));
#3868 = VECTOR('',#3869,1.);
#3869 = DIRECTION('',(1.,-0.));
#3870 = ( GEOMETRIC_REPRESENTATION_CONTEXT(2) 
PARAMETRIC_REPRESENTATION_CONTEXT() REPRESENTATION_CONTEXT('2D SPACE',''
  ) );
#3871 = ORIENTED_EDGE('',*,*,#3872,.F.);
#3872 = EDGE_CURVE('',#3802,#3850,#3873,.T.);
#3873 = SURFACE_CURVE('',#3874,(#3878,#3885),.PCURVE_S1.);
#3874 = LINE('',#3875,#3876);
#3875 = CARTESIAN_POINT('',(3.,-91.6,4.5));
#3876 = VECTOR('',#3877,1.);
#3877 = DIRECTION('',(-0.,-0.,1.));
#3878 = PCURVE('',#786,#3879);
#3879 = DEFINITIONAL_REPRESENTATION('',(#3880),#3884);
#3880 = LINE('',#3881,#3882);
#3881 = CARTESIAN_POINT('',(-5.5,-105.6));
#3882 = VECTOR('',#3883,1.);
#3883 = DIRECTION('',(-1.,0.));
#3884 = ( GEOMETRIC_REPRESENTATION_CONTEXT(2) 
PARAMETRIC_REPRESENTATION_CONTEXT() REPRESENTATION_CONTEXT('2D SPACE',''
  ) );
#3885 = PCURVE('',#2361,#3886);
#3886 = DEFINITIONAL_REPRESENTATION('',(#3887),#3891);
#3887 = LINE('',#3888,#3889);
#3888 = CARTESIAN_POINT('',(5.5,-2.6));
#3889 = VECTOR('',#3890,1.);
#3890 = DIRECTION('',(-1.,0.));
#3891 = ( GEOMETRIC_REPRESENTATION_CONTEXT(2) 
PARAMETRIC_REPRESENTATION_CONTEXT() REPRESENTATION_CONTEXT('2D SPACE',''
  ) );
#3892 = FACE_BOUND('',#3893,.F.);
#3893 = EDGE_LOOP('',(#3894,#3919,#3942,#3965));
#3894 = ORIENTED_EDGE('',*,*,#3895,.T.);
#3895 = EDGE_CURVE('',#3896,#3898,#3900,.T.);
#3896 = VERTEX_POINT('',#3897);
#3897 = CARTESIAN_POINT('',(-41.,-91.6,10.));
#3898 = VERTEX_POINT('',#3899);
#3899 = CARTESIAN_POINT('',(-53.,-91.6,10.));
#3900 = SURFACE_CURVE('',#3901,(#3905,#3912),.PCURVE_S1.);
#3901 = LINE('',#3902,#3903);
#3902 = CARTESIAN_POINT('',(-77.8,-91.6,10.));
#3903 = VECTOR('',#3904,1.);
#3904 = DIRECTION('',(-1.,-0.,-0.));
#3905 = PCURVE('',#786,#3906);
#3906 = DEFINITIONAL_REPRESENTATION('',(#3907),#3911);
#3907 = LINE('',#3908,#3909);
#3908 = CARTESIAN_POINT('',(-11.,-24.8));
#3909 = VECTOR('',#3910,1.);
#3910 = DIRECTION('',(-0.,1.));
#3911 = ( GEOMETRIC_REPRESENTATION_CONTEXT(2) 
PARAMETRIC_REPRESENTATION_CONTEXT() REPRESENTATION_CONTEXT('2D SPACE',''
  ) );
#3912 = PCURVE('',#2393,#3913);
#3913 = DEFINITIONAL_REPRESENTATION('',(#3914),#3918);
#3914 = LINE('',#3915,#3916);
#3915 = CARTESIAN_POINT('',(24.8,2.6));
#3916 = VECTOR('',#3917,1.);
#3917 = DIRECTION('',(1.,-0.));
#3918 = ( GEOMETRIC_REPRESENTATION_CONTEXT(2) 
PARAMETRIC_REPRESENTATION_CONTEXT() REPRESENTATION_CONTEXT('2D SPACE',''
  ) );
#3919 = ORIENTED_EDGE('',*,*,#3920,.T.);
#3920 = EDGE_CURVE('',#3898,#3921,#3923,.T.);
#3921 = VERTEX_POINT('',#3922);
#3922 = CARTESIAN_POINT('',(-53.,-91.6,30.));
#3923 = SURFACE_CURVE('',#3924,(#3928,#3935),.PCURVE_S1.);
#3924 = LINE('',#3925,#3926);
#3925 = CARTESIAN_POINT('',(-53.,-91.6,4.5));
#3926 = VECTOR('',#3927,1.);
#3927 = DIRECTION('',(-0.,-0.,1.));
#3928 = PCURVE('',#786,#3929);
#3929 = DEFINITIONAL_REPRESENTATION('',(#3930),#3934);
#3930 = LINE('',#3931,#3932);
#3931 = CARTESIAN_POINT('',(-5.5,-49.6));
#3932 = VECTOR('',#3933,1.);
#3933 = DIRECTION('',(-1.,0.));
#3934 = ( GEOMETRIC_REPRESENTATION_CONTEXT(2) 
PARAMETRIC_REPRESENTATION_CONTEXT() REPRESENTATION_CONTEXT('2D SPACE',''
  ) );
#3935 = PCURVE('',#2421,#3936);
#3936 = DEFINITIONAL_REPRESENTATION('',(#3937),#3941);
#3937 = LINE('',#3938,#3939);
#3938 = CARTESIAN_POINT('',(5.5,-2.6));
#3939 = VECTOR('',#3940,1.);
#3940 = DIRECTION('',(-1.,0.));
#3941 = ( GEOMETRIC_REPRESENTATION_CONTEXT(2) 
PARAMETRIC_REPRESENTATION_CONTEXT() REPRESENTATION_CONTEXT('2D SPACE',''
  ) );
#3942 = ORIENTED_EDGE('',*,*,#3943,.F.);
#3943 = EDGE_CURVE('',#3944,#3921,#3946,.T.);
#3944 = VERTEX_POINT('',#3945);
#3945 = CARTESIAN_POINT('',(-41.,-91.6,30.));
#3946 = SURFACE_CURVE('',#3947,(#3951,#3958),.PCURVE_S1.);
#3947 = LINE('',#3948,#3949);
#3948 = CARTESIAN_POINT('',(-77.8,-91.6,30.));
#3949 = VECTOR('',#3950,1.);
#3950 = DIRECTION('',(-1.,-0.,-0.));
#3951 = PCURVE('',#786,#3952);
#3952 = DEFINITIONAL_REPRESENTATION('',(#3953),#3957);
#3953 = LINE('',#3954,#3955);
#3954 = CARTESIAN_POINT('',(-31.,-24.8));
#3955 = VECTOR('',#3956,1.);
#3956 = DIRECTION('',(-0.,1.));
#3957 = ( GEOMETRIC_REPRESENTATION_CONTEXT(2) 
PARAMETRIC_REPRESENTATION_CONTEXT() REPRESENTATION_CONTEXT('2D SPACE',''
  ) );
#3958 = PCURVE('',#2449,#3959);
#3959 = DEFINITIONAL_REPRESENTATION('',(#3960),#3964);
#3960 = LINE('',#3961,#3962);
#3961 = CARTESIAN_POINT('',(24.8,2.6));
#3962 = VECTOR('',#3963,1.);
#3963 = DIRECTION('',(1.,-0.));
#3964 = ( GEOMETRIC_REPRESENTATION_CONTEXT(2) 
PARAMETRIC_REPRESENTATION_CONTEXT() REPRESENTATION_CONTEXT('2D SPACE',''
  ) );
#3965 = ORIENTED_EDGE('',*,*,#3966,.F.);
#3966 = EDGE_CURVE('',#3896,#3944,#3967,.T.);
#3967 = SURFACE_CURVE('',#3968,(#3972,#3979),.PCURVE_S1.);
#3968 = LINE('',#3969,#3970);
#3969 = CARTESIAN_POINT('',(-41.,-91.6,4.5));
#3970 = VECTOR('',#3971,1.);
#3971 = DIRECTION('',(-0.,-0.,1.));
#3972 = PCURVE('',#786,#3973);
#3973 = DEFINITIONAL_REPRESENTATION('',(#3974),#3978);
#3974 = LINE('',#3975,#3976);
#3975 = CARTESIAN_POINT('',(-5.5,-61.6));
#3976 = VECTOR('',#3977,1.);
#3977 = DIRECTION('',(-1.,0.));
#3978 = ( GEOMETRIC_REPRESENTATION_CONTEXT(2) 
PARAMETRIC_REPRESENTATION_CONTEXT() REPRESENTATION_CONTEXT('2D SPACE',''
  ) );
#3979 = PCURVE('',#2475,#3980);
#3980 = DEFINITIONAL_REPRESENTATION('',(#3981),#3985);
#3981 = LINE('',#3982,#3983);
#3982 = CARTESIAN_POINT('',(5.5,-2.6));
#3983 = VECTOR('',#3984,1.);
#3984 = DIRECTION('',(-1.,0.));
#3985 = ( GEOMETRIC_REPRESENTATION_CONTEXT(2) 
PARAMETRIC_REPRESENTATION_CONTEXT() REPRESENTATION_CONTEXT('2D SPACE',''
  ) );
#3986 = FACE_BOUND('',#3987,.F.);
#3987 = EDGE_LOOP('',(#3988,#4013,#4036,#4059));
#3988 = ORIENTED_EDGE('',*,*,#3989,.T.);
#3989 = EDGE_CURVE('',#3990,#3992,#3994,.T.);
#3990 = VERTEX_POINT('',#3991);
#3991 = CARTESIAN_POINT('',(-63.,-91.6,10.));
#3992 = VERTEX_POINT('',#3993);
#3993 = CARTESIAN_POINT('',(-75.,-91.6,10.));
#3994 = SURFACE_CURVE('',#3995,(#3999,#4006),.PCURVE_S1.);
#3995 = LINE('',#3996,#3997);
#3996 = CARTESIAN_POINT('',(-88.8,-91.6,10.));
#3997 = VECTOR('',#3998,1.);
#3998 = DIRECTION('',(-1.,-0.,-0.));
#3999 = PCURVE('',#786,#4000);
#4000 = DEFINITIONAL_REPRESENTATION('',(#4001),#4005);
#4001 = LINE('',#4002,#4003);
#4002 = CARTESIAN_POINT('',(-11.,-13.8));
#4003 = VECTOR('',#4004,1.);
#4004 = DIRECTION('',(-0.,1.));
#4005 = ( GEOMETRIC_REPRESENTATION_CONTEXT(2) 
PARAMETRIC_REPRESENTATION_CONTEXT() REPRESENTATION_CONTEXT('2D SPACE',''
  ) );
#4006 = PCURVE('',#2507,#4007);
#4007 = DEFINITIONAL_REPRESENTATION('',(#4008),#4012);
#4008 = LINE('',#4009,#4010);
#4009 = CARTESIAN_POINT('',(13.8,2.6));
#4010 = VECTOR('',#4011,1.);
#4011 = DIRECTION('',(1.,-0.));
#4012 = ( GEOMETRIC_REPRESENTATION_CONTEXT(2) 
PARAMETRIC_REPRESENTATION_CONTEXT() REPRESENTATION_CONTEXT('2D SPACE',''
  ) );
#4013 = ORIENTED_EDGE('',*,*,#4014,.T.);
#4014 = EDGE_CURVE('',#3992,#4015,#4017,.T.);
#4015 = VERTEX_POINT('',#4016);
#4016 = CARTESIAN_POINT('',(-75.,-91.6,30.));
#4017 = SURFACE_CURVE('',#4018,(#4022,#4029),.PCURVE_S1.);
#4018 = LINE('',#4019,#4020);
#4019 = CARTESIAN_POINT('',(-75.,-91.6,4.5));
#4020 = VECTOR('',#4021,1.);
#4021 = DIRECTION('',(-0.,-0.,1.));
#4022 = PCURVE('',#786,#4023);
#4023 = DEFINITIONAL_REPRESENTATION('',(#4024),#4028);
#4024 = LINE('',#4025,#4026);
#4025 = CARTESIAN_POINT('',(-5.5,-27.6));
#4026 = VECTOR('',#4027,1.);
#4027 = DIRECTION('',(-1.,0.));
#4028 = ( GEOMETRIC_REPRESENTATION_CONTEXT(2) 
PARAMETRIC_REPRESENTATION_CONTEXT() REPRESENTATION_CONTEXT('2D SPACE',''
  ) );
#4029 = PCURVE('',#2535,#4030);
#4030 = DEFINITIONAL_REPRESENTATION('',(#4031),#4035);
#4031 = LINE('',#4032,#4033);
#4032 = CARTESIAN_POINT('',(5.5,-2.6));
#4033 = VECTOR('',#4034,1.);
#4034 = DIRECTION('',(-1.,0.));
#4035 = ( GEOMETRIC_REPRESENTATION_CONTEXT(2) 
PARAMETRIC_REPRESENTATION_CONTEXT() REPRESENTATION_CONTEXT('2D SPACE',''
  ) );
#4036 = ORIENTED_EDGE('',*,*,#4037,.F.);
#4037 = EDGE_CURVE('',#4038,#4015,#4040,.T.);
#4038 = VERTEX_POINT('',#4039);
#4039 = CARTESIAN_POINT('',(-63.,-91.6,30.));
#4040 = SURFACE_CURVE('',#4041,(#4045,#4052),.PCURVE_S1.);
#4041 = LINE('',#4042,#4043);
#4042 = CARTESIAN_POINT('',(-88.8,-91.6,30.));
#4043 = VECTOR('',#4044,1.);
#4044 = DIRECTION('',(-1.,-0.,-0.));
#4045 = PCURVE('',#786,#4046);
#4046 = DEFINITIONAL_REPRESENTATION('',(#4047),#4051);
#4047 = LINE('',#4048,#4049);
#4048 = CARTESIAN_POINT('',(-31.,-13.8));
#4049 = VECTOR('',#4050,1.);
#4050 = DIRECTION('',(-0.,1.));
#4051 = ( GEOMETRIC_REPRESENTATION_CONTEXT(2) 
PARAMETRIC_REPRESENTATION_CONTEXT() REPRESENTATION_CONTEXT('2D SPACE',''
  ) );
#4052 = PCURVE('',#2563,#4053);
#4053 = DEFINITIONAL_REPRESENTATION('',(#4054),#4058);
#4054 = LINE('',#4055,#4056);
#4055 = CARTESIAN_POINT('',(13.8,2.6));
#4056 = VECTOR('',#4057,1.);
#4057 = DIRECTION('',(1.,-0.));
#4058 = ( GEOMETRIC_REPRESENTATION_CONTEXT(2) 
PARAMETRIC_REPRESENTATION_CONTEXT() REPRESENTATION_CONTEXT('2D SPACE',''
  ) );
#4059 = ORIENTED_EDGE('',*,*,#4060,.F.);
#4060 = EDGE_CURVE('',#3990,#4038,#4061,.T.);
#4061 = SURFACE_CURVE('',#4062,(#4066,#4073),.PCURVE_S1.);
#4062 = LINE('',#4063,#4064);
#4063 = CARTESIAN_POINT('',(-63.,-91.6,4.5));
#4064 = VECTOR('',#4065,1.);
#4065 = DIRECTION('',(-0.,-0.,1.));
#4066 = PCURVE('',#786,#4067);
#4067 = DEFINITIONAL_REPRESENTATION('',(#4068),#4072);
#4068 = LINE('',#4069,#4070);
#4069 = CARTESIAN_POINT('',(-5.5,-39.6));
#4070 = VECTOR('',#4071,1.);
#4071 = DIRECTION('',(-1.,0.));
#4072 = ( GEOMETRIC_REPRESENTATION_CONTEXT(2) 
PARAMETRIC_REPRESENTATION_CONTEXT() REPRESENTATION_CONTEXT('2D SPACE',''
  ) );
#4073 = PCURVE('',#2589,#4074);
#4074 = DEFINITIONAL_REPRESENTATION('',(#4075),#4079);
#4075 = LINE('',#4076,#4077);
#4076 = CARTESIAN_POINT('',(5.5,-2.6));
#4077 = VECTOR('',#4078,1.);
#4078 = DIRECTION('',(-1.,0.));
#4079 = ( GEOMETRIC_REPRESENTATION_CONTEXT(2) 
PARAMETRIC_REPRESENTATION_CONTEXT() REPRESENTATION_CONTEXT('2D SPACE',''
  ) );
#4080 = ADVANCED_FACE('',(#4081),#642,.F.);
#4081 = FACE_BOUND('',#4082,.F.);
#4082 = EDGE_LOOP('',(#4083,#4114,#4139,#4140,#4141));
#4083 = ORIENTED_EDGE('',*,*,#4084,.T.);
#4084 = EDGE_CURVE('',#4085,#4087,#4089,.T.);
#4085 = VERTEX_POINT('',#4086);
#4086 = CARTESIAN_POINT('',(111.6,-78.4,47.6));
#4087 = VERTEX_POINT('',#4088);
#4088 = CARTESIAN_POINT('',(115.67921561087,-80.,47.6));
#4089 = SURFACE_CURVE('',#4090,(#4095,#4102),.PCURVE_S1.);
#4090 = CIRCLE('',#4091,6.);
#4091 = AXIS2_PLACEMENT_3D('',#4092,#4093,#4094);
#4092 = CARTESIAN_POINT('',(111.6,-84.4,47.6));
#4093 = DIRECTION('',(0.,0.,-1.));
#4094 = DIRECTION('',(-0.,-1.,-0.));
#4095 = PCURVE('',#642,#4096);
#4096 = DEFINITIONAL_REPRESENTATION('',(#4097),#4101);
#4097 = LINE('',#4098,#4099);
#4098 = CARTESIAN_POINT('',(-3.14159265359,0.));
#4099 = VECTOR('',#4100,1.);
#4100 = DIRECTION('',(1.,0.));
#4101 = ( GEOMETRIC_REPRESENTATION_CONTEXT(2) 
PARAMETRIC_REPRESENTATION_CONTEXT() REPRESENTATION_CONTEXT('2D SPACE',''
  ) );
#4102 = PCURVE('',#4103,#4108);
#4103 = PLANE('',#4104);
#4104 = AXIS2_PLACEMENT_3D('',#4105,#4106,#4107);
#4105 = CARTESIAN_POINT('',(-102.6,-80.,47.6));
#4106 = DIRECTION('',(-0.,-0.,-1.));
#4107 = DIRECTION('',(0.,-1.,0.));
#4108 = DEFINITIONAL_REPRESENTATION('',(#4109),#4113);
#4109 = CIRCLE('',#4110,6.);
#4110 = AXIS2_PLACEMENT_2D('',#4111,#4112);
#4111 = CARTESIAN_POINT('',(4.4,-214.2));
#4112 = DIRECTION('',(1.,-0.));
#4113 = ( GEOMETRIC_REPRESENTATION_CONTEXT(2) 
PARAMETRIC_REPRESENTATION_CONTEXT() REPRESENTATION_CONTEXT('2D SPACE',''
  ) );
#4114 = ORIENTED_EDGE('',*,*,#4115,.T.);
#4115 = EDGE_CURVE('',#4087,#3234,#4116,.T.);
#4116 = SURFACE_CURVE('',#4117,(#4122,#4132),.PCURVE_S1.);
#4117 = ELLIPSE('',#4118,6.408002808988,6.);
#4118 = AXIS2_PLACEMENT_3D('',#4119,#4120,#4121);
#4119 = CARTESIAN_POINT('',(111.6,-84.4,45.95));
#4120 = DIRECTION('',(0.,0.351123441588,-0.936329177569));
#4121 = DIRECTION('',(-0.,-0.936329177569,-0.351123441588));
#4122 = PCURVE('',#642,#4123);
#4123 = DEFINITIONAL_REPRESENTATION('',(#4124),#4131);
#4124 = B_SPLINE_CURVE_WITH_KNOTS('',5,(#4125,#4126,#4127,#4128,#4129,
    #4130),.UNSPECIFIED.,.F.,.F.,(6,6),(3.889177003259,4.712388980385),
  .PIECEWISE_BEZIER_KNOTS.);
#4125 = CARTESIAN_POINT('',(0.747584349669,1.350031197944E-13));
#4126 = CARTESIAN_POINT('',(0.912226745094,0.251854436111));
#4127 = CARTESIAN_POINT('',(1.07686911234,0.559607893018));
#4128 = CARTESIAN_POINT('',(1.241511529436,0.909101682274));
#4129 = CARTESIAN_POINT('',(1.40615393137,1.279554610293));
#4130 = CARTESIAN_POINT('',(1.570796326795,1.65));
#4131 = ( GEOMETRIC_REPRESENTATION_CONTEXT(2) 
PARAMETRIC_REPRESENTATION_CONTEXT() REPRESENTATION_CONTEXT('2D SPACE',''
  ) );
#4132 = PCURVE('',#3143,#4133);
#4133 = DEFINITIONAL_REPRESENTATION('',(#4134),#4138);
#4134 = ELLIPSE('',#4135,6.408002808988,6.);
#4135 = AXIS2_PLACEMENT_2D('',#4136,#4137);
#4136 = CARTESIAN_POINT('',(-3.844801685393,-214.2));
#4137 = DIRECTION('',(1.,-0.));
#4138 = ( GEOMETRIC_REPRESENTATION_CONTEXT(2) 
PARAMETRIC_REPRESENTATION_CONTEXT() REPRESENTATION_CONTEXT('2D SPACE',''
  ) );
#4139 = ORIENTED_EDGE('',*,*,#3256,.T.);
#4140 = ORIENTED_EDGE('',*,*,#621,.F.);
#4141 = ORIENTED_EDGE('',*,*,#4142,.F.);
#4142 = EDGE_CURVE('',#4085,#622,#4143,.T.);
#4143 = SURFACE_CURVE('',#4144,(#4148,#4155),.PCURVE_S1.);
#4144 = LINE('',#4145,#4146);
#4145 = CARTESIAN_POINT('',(111.6,-78.4,47.6));
#4146 = VECTOR('',#4147,1.);
#4147 = DIRECTION('',(-0.,-0.,-1.));
#4148 = PCURVE('',#642,#4149);
#4149 = DEFINITIONAL_REPRESENTATION('',(#4150),#4154);
#4150 = LINE('',#4151,#4152);
#4151 = CARTESIAN_POINT('',(0.,0.));
#4152 = VECTOR('',#4153,1.);
#4153 = DIRECTION('',(0.,1.));
#4154 = ( GEOMETRIC_REPRESENTATION_CONTEXT(2) 
PARAMETRIC_REPRESENTATION_CONTEXT() REPRESENTATION_CONTEXT('2D SPACE',''
  ) );
#4155 = PCURVE('',#670,#4156);
#4156 = DEFINITIONAL_REPRESENTATION('',(#4157),#4161);
#4157 = LINE('',#4158,#4159);
#4158 = CARTESIAN_POINT('',(-0.,-214.2));
#4159 = VECTOR('',#4160,1.);
#4160 = DIRECTION('',(-1.,0.));
#4161 = ( GEOMETRIC_REPRESENTATION_CONTEXT(2) 
PARAMETRIC_REPRESENTATION_CONTEXT() REPRESENTATION_CONTEXT('2D SPACE',''
  ) );
#4162 = ADVANCED_FACE('',(#4163),#760,.F.);
#4163 = FACE_BOUND('',#4164,.F.);
#4164 = EDGE_LOOP('',(#4165,#4203,#4224,#4225,#4226));
#4165 = ORIENTED_EDGE('',*,*,#4166,.F.);
#4166 = EDGE_CURVE('',#4167,#4169,#4171,.T.);
#4167 = VERTEX_POINT('',#4168);
#4168 = CARTESIAN_POINT('',(-102.6,-85.6,45.5));
#4169 = VERTEX_POINT('',#4170);
#4170 = CARTESIAN_POINT('',(-102.0990908339,-88.,44.6));
#4171 = SURFACE_CURVE('',#4172,(#4177,#4187),.PCURVE_S1.);
#4172 = ELLIPSE('',#4173,6.408002808988,6.);
#4173 = AXIS2_PLACEMENT_3D('',#4174,#4175,#4176);
#4174 = CARTESIAN_POINT('',(-96.6,-85.6,45.5));
#4175 = DIRECTION('',(0.,-0.351123441588,0.936329177569));
#4176 = DIRECTION('',(-0.,0.936329177569,0.351123441588));
#4177 = PCURVE('',#760,#4178);
#4178 = DEFINITIONAL_REPRESENTATION('',(#4179),#4186);
#4179 = B_SPLINE_CURVE_WITH_KNOTS('',5,(#4180,#4181,#4182,#4183,#4184,
    #4185),.UNSPECIFIED.,.F.,.F.,(6,6),(1.570796326795,1.982313172862),
  .PIECEWISE_BEZIER_KNOTS.);
#4180 = CARTESIAN_POINT('',(0.,45.5));
#4181 = CARTESIAN_POINT('',(8.230336921349E-02,45.31481741927));
#4182 = CARTESIAN_POINT('',(0.164606738427,45.129634778329));
#4183 = CARTESIAN_POINT('',(0.24691010764,44.947065777362));
#4184 = CARTESIAN_POINT('',(0.329213476854,44.769722638717));
#4185 = CARTESIAN_POINT('',(0.411516846067,44.6));
#4186 = ( GEOMETRIC_REPRESENTATION_CONTEXT(2) 
PARAMETRIC_REPRESENTATION_CONTEXT() REPRESENTATION_CONTEXT('2D SPACE',''
  ) );
#4187 = PCURVE('',#4188,#4193);
#4188 = PLANE('',#4189);
#4189 = AXIS2_PLACEMENT_3D('',#4190,#4191,#4192);
#4190 = CARTESIAN_POINT('',(-102.6,-88.,44.6));
#4191 = DIRECTION('',(0.,0.351123441588,-0.936329177569));
#4192 = DIRECTION('',(0.,-0.936329177569,-0.351123441588));
#4193 = DEFINITIONAL_REPRESENTATION('',(#4194),#4202);
#4194 = ( BOUNDED_CURVE() B_SPLINE_CURVE(2,(#4195,#4196,#4197,#4198,
#4199,#4200,#4201),.UNSPECIFIED.,.T.,.F.) B_SPLINE_CURVE_WITH_KNOTS((1,2
    ,2,2,2,1),(-2.094395102393,0.,2.094395102393,4.188790204786,
6.28318530718,8.377580409573),.UNSPECIFIED.) CURVE() 
GEOMETRIC_REPRESENTATION_ITEM() RATIONAL_B_SPLINE_CURVE((1.,0.5,1.,0.5,
1.,0.5,1.)) REPRESENTATION_ITEM('') );
#4195 = CARTESIAN_POINT('',(-8.971203932583,-6.));
#4196 = CARTESIAN_POINT('',(-8.971203932583,4.392304845413));
#4197 = CARTESIAN_POINT('',(0.640800280899,-0.803847577293));
#4198 = CARTESIAN_POINT('',(10.252804494381,-6.));
#4199 = CARTESIAN_POINT('',(0.640800280899,-11.1961524227));
#4200 = CARTESIAN_POINT('',(-8.971203932583,-16.39230484541));
#4201 = CARTESIAN_POINT('',(-8.971203932583,-6.));
#4202 = ( GEOMETRIC_REPRESENTATION_CONTEXT(2) 
PARAMETRIC_REPRESENTATION_CONTEXT() REPRESENTATION_CONTEXT('2D SPACE',''
  ) );
#4203 = ORIENTED_EDGE('',*,*,#4204,.F.);
#4204 = EDGE_CURVE('',#716,#4167,#4205,.T.);
#4205 = SURFACE_CURVE('',#4206,(#4210,#4217),.PCURVE_S1.);
#4206 = LINE('',#4207,#4208);
#4207 = CARTESIAN_POINT('',(-102.6,-85.6,0.));
#4208 = VECTOR('',#4209,1.);
#4209 = DIRECTION('',(-0.,-0.,1.));
#4210 = PCURVE('',#760,#4211);
#4211 = DEFINITIONAL_REPRESENTATION('',(#4212),#4216);
#4212 = LINE('',#4213,#4214);
#4213 = CARTESIAN_POINT('',(0.,0.));
#4214 = VECTOR('',#4215,1.);
#4215 = DIRECTION('',(0.,1.));
#4216 = ( GEOMETRIC_REPRESENTATION_CONTEXT(2) 
PARAMETRIC_REPRESENTATION_CONTEXT() REPRESENTATION_CONTEXT('2D SPACE',''
  ) );
#4217 = PCURVE('',#731,#4218);
#4218 = DEFINITIONAL_REPRESENTATION('',(#4219),#4223);
#4219 = LINE('',#4220,#4221);
#4220 = CARTESIAN_POINT('',(22.154008059085,-0.959429653585));
#4221 = VECTOR('',#4222,1.);
#4222 = DIRECTION('',(-1.,0.));
#4223 = ( GEOMETRIC_REPRESENTATION_CONTEXT(2) 
PARAMETRIC_REPRESENTATION_CONTEXT() REPRESENTATION_CONTEXT('2D SPACE',''
  ) );
#4224 = ORIENTED_EDGE('',*,*,#743,.T.);
#4225 = ORIENTED_EDGE('',*,*,#3312,.T.);
#4226 = ORIENTED_EDGE('',*,*,#4227,.F.);
#4227 = EDGE_CURVE('',#4169,#3283,#4228,.T.);
#4228 = SURFACE_CURVE('',#4229,(#4234,#4244),.PCURVE_S1.);
#4229 = ELLIPSE('',#4230,11.095544651396,6.);
#4230 = AXIS2_PLACEMENT_3D('',#4231,#4232,#4233);
#4231 = CARTESIAN_POINT('',(-96.6,-85.6,48.333333333333));
#4232 = DIRECTION('',(0.,-0.841178475377,0.540757591313));
#4233 = DIRECTION('',(-0.,0.540757591313,0.841178475377));
#4234 = PCURVE('',#760,#4235);
#4235 = DEFINITIONAL_REPRESENTATION('',(#4236),#4243);
#4236 = B_SPLINE_CURVE_WITH_KNOTS('',5,(#4237,#4238,#4239,#4240,#4241,
    #4242),.UNSPECIFIED.,.F.,.F.,(6,6),(1.982313172862,3.14159265359),
  .PIECEWISE_BEZIER_KNOTS.);
#4237 = CARTESIAN_POINT('',(0.411516846067,44.6));
#4238 = CARTESIAN_POINT('',(0.643372742213,42.616671903771));
#4239 = CARTESIAN_POINT('',(0.875228613746,40.883688155764));
#4240 = CARTESIAN_POINT('',(1.107088659563,39.626537918242));
#4241 = CARTESIAN_POINT('',(1.338940430649,39.));
#4242 = CARTESIAN_POINT('',(1.570796326795,39.));
#4243 = ( GEOMETRIC_REPRESENTATION_CONTEXT(2) 
PARAMETRIC_REPRESENTATION_CONTEXT() REPRESENTATION_CONTEXT('2D SPACE',''
  ) );
#4244 = PCURVE('',#3300,#4245);
#4245 = DEFINITIONAL_REPRESENTATION('',(#4246),#4254);
#4246 = ( BOUNDED_CURVE() B_SPLINE_CURVE(2,(#4247,#4248,#4249,#4250,
#4251,#4252,#4253),.UNSPECIFIED.,.T.,.F.) B_SPLINE_CURVE_WITH_KNOTS((1,2
    ,2,2,2,1),(-2.094395102393,0.,2.094395102393,4.188790204786,
6.28318530718,8.377580409573),.UNSPECIFIED.) CURVE() 
GEOMETRIC_REPRESENTATION_ITEM() RATIONAL_B_SPLINE_CURVE((1.,0.5,1.,0.5,
1.,0.5,1.)) REPRESENTATION_ITEM('') );
#4247 = CARTESIAN_POINT('',(-22.19108930279,-6.));
#4248 = CARTESIAN_POINT('',(-22.19108930279,4.392304845413));
#4249 = CARTESIAN_POINT('',(-5.547772325698,-0.803847577293));
#4250 = CARTESIAN_POINT('',(11.095544651395,-6.));
#4251 = CARTESIAN_POINT('',(-5.547772325698,-11.1961524227));
#4252 = CARTESIAN_POINT('',(-22.19108930279,-16.39230484541));
#4253 = CARTESIAN_POINT('',(-22.19108930279,-6.));
#4254 = ( GEOMETRIC_REPRESENTATION_CONTEXT(2) 
PARAMETRIC_REPRESENTATION_CONTEXT() REPRESENTATION_CONTEXT('2D SPACE',''
  ) );
#4255 = ADVANCED_FACE('',(#4256,#4401),#670,.T.);
#4256 = FACE_BOUND('',#4257,.F.);
#4257 = EDGE_LOOP('',(#4258,#4259,#4260,#4283,#4311,#4334,#4357,#4380));
#4258 = ORIENTED_EDGE('',*,*,#4142,.T.);
#4259 = ORIENTED_EDGE('',*,*,#654,.T.);
#4260 = ORIENTED_EDGE('',*,*,#4261,.F.);
#4261 = EDGE_CURVE('',#4262,#655,#4264,.T.);
#4262 = VERTEX_POINT('',#4263);
#4263 = CARTESIAN_POINT('',(-96.6,-78.4,47.6));
#4264 = SURFACE_CURVE('',#4265,(#4269,#4276),.PCURVE_S1.);
#4265 = LINE('',#4266,#4267);
#4266 = CARTESIAN_POINT('',(-96.6,-78.4,47.6));
#4267 = VECTOR('',#4268,1.);
#4268 = DIRECTION('',(-0.,-0.,-1.));
#4269 = PCURVE('',#670,#4270);
#4270 = DEFINITIONAL_REPRESENTATION('',(#4271),#4275);
#4271 = LINE('',#4272,#4273);
#4272 = CARTESIAN_POINT('',(-0.,-6.));
#4273 = VECTOR('',#4274,1.);
#4274 = DIRECTION('',(-1.,0.));
#4275 = ( GEOMETRIC_REPRESENTATION_CONTEXT(2) 
PARAMETRIC_REPRESENTATION_CONTEXT() REPRESENTATION_CONTEXT('2D SPACE',''
  ) );
#4276 = PCURVE('',#703,#4277);
#4277 = DEFINITIONAL_REPRESENTATION('',(#4278),#4282);
#4278 = LINE('',#4279,#4280);
#4279 = CARTESIAN_POINT('',(1.570796326795,0.));
#4280 = VECTOR('',#4281,1.);
#4281 = DIRECTION('',(0.,1.));
#4282 = ( GEOMETRIC_REPRESENTATION_CONTEXT(2) 
PARAMETRIC_REPRESENTATION_CONTEXT() REPRESENTATION_CONTEXT('2D SPACE',''
  ) );
#4283 = ORIENTED_EDGE('',*,*,#4284,.T.);
#4284 = EDGE_CURVE('',#4262,#4285,#4287,.T.);
#4285 = VERTEX_POINT('',#4286);
#4286 = CARTESIAN_POINT('',(-40.5,-78.4,47.6));
#4287 = SURFACE_CURVE('',#4288,(#4292,#4299),.PCURVE_S1.);
#4288 = LINE('',#4289,#4290);
#4289 = CARTESIAN_POINT('',(-102.6,-78.4,47.6));
#4290 = VECTOR('',#4291,1.);
#4291 = DIRECTION('',(1.,-0.,-0.));
#4292 = PCURVE('',#670,#4293);
#4293 = DEFINITIONAL_REPRESENTATION('',(#4294),#4298);
#4294 = LINE('',#4295,#4296);
#4295 = CARTESIAN_POINT('',(-0.,-0.));
#4296 = VECTOR('',#4297,1.);
#4297 = DIRECTION('',(-0.,-1.));
#4298 = ( GEOMETRIC_REPRESENTATION_CONTEXT(2) 
PARAMETRIC_REPRESENTATION_CONTEXT() REPRESENTATION_CONTEXT('2D SPACE',''
  ) );
#4299 = PCURVE('',#4300,#4305);
#4300 = PLANE('',#4301);
#4301 = AXIS2_PLACEMENT_3D('',#4302,#4303,#4304);
#4302 = CARTESIAN_POINT('',(-102.6,-80.,47.6));
#4303 = DIRECTION('',(-0.,-0.,-1.));
#4304 = DIRECTION('',(0.,-1.,0.));
#4305 = DEFINITIONAL_REPRESENTATION('',(#4306),#4310);
#4306 = LINE('',#4307,#4308);
#4307 = CARTESIAN_POINT('',(-1.6,0.));
#4308 = VECTOR('',#4309,1.);
#4309 = DIRECTION('',(-0.,-1.));
#4310 = ( GEOMETRIC_REPRESENTATION_CONTEXT(2) 
PARAMETRIC_REPRESENTATION_CONTEXT() REPRESENTATION_CONTEXT('2D SPACE',''
  ) );
#4311 = ORIENTED_EDGE('',*,*,#4312,.T.);
#4312 = EDGE_CURVE('',#4285,#4313,#4315,.T.);
#4313 = VERTEX_POINT('',#4314);
#4314 = CARTESIAN_POINT('',(-40.5,-78.4,27.));
#4315 = SURFACE_CURVE('',#4316,(#4320,#4327),.PCURVE_S1.);
#4316 = LINE('',#4317,#4318);
#4317 = CARTESIAN_POINT('',(-40.5,-78.4,37.3));
#4318 = VECTOR('',#4319,1.);
#4319 = DIRECTION('',(-0.,-0.,-1.));
#4320 = PCURVE('',#670,#4321);
#4321 = DEFINITIONAL_REPRESENTATION('',(#4322),#4326);
#4322 = LINE('',#4323,#4324);
#4323 = CARTESIAN_POINT('',(-10.3,-62.1));
#4324 = VECTOR('',#4325,1.);
#4325 = DIRECTION('',(-1.,0.));
#4326 = ( GEOMETRIC_REPRESENTATION_CONTEXT(2) 
PARAMETRIC_REPRESENTATION_CONTEXT() REPRESENTATION_CONTEXT('2D SPACE',''
  ) );
#4327 = PCURVE('',#1349,#4328);
#4328 = DEFINITIONAL_REPRESENTATION('',(#4329),#4333);
#4329 = LINE('',#4330,#4331);
#4330 = CARTESIAN_POINT('',(-10.3,-3.4));
#4331 = VECTOR('',#4332,1.);
#4332 = DIRECTION('',(1.,-0.));
#4333 = ( GEOMETRIC_REPRESENTATION_CONTEXT(2) 
PARAMETRIC_REPRESENTATION_CONTEXT() REPRESENTATION_CONTEXT('2D SPACE',''
  ) );
#4334 = ORIENTED_EDGE('',*,*,#4335,.T.);
#4335 = EDGE_CURVE('',#4313,#4336,#4338,.T.);
#4336 = VERTEX_POINT('',#4337);
#4337 = CARTESIAN_POINT('',(-20.5,-78.4,27.));
#4338 = SURFACE_CURVE('',#4339,(#4343,#4350),.PCURVE_S1.);
#4339 = LINE('',#4340,#4341);
#4340 = CARTESIAN_POINT('',(-71.55,-78.4,27.));
#4341 = VECTOR('',#4342,1.);
#4342 = DIRECTION('',(1.,-0.,-0.));
#4343 = PCURVE('',#670,#4344);
#4344 = DEFINITIONAL_REPRESENTATION('',(#4345),#4349);
#4345 = LINE('',#4346,#4347);
#4346 = CARTESIAN_POINT('',(-20.6,-31.05));
#4347 = VECTOR('',#4348,1.);
#4348 = DIRECTION('',(-0.,-1.));
#4349 = ( GEOMETRIC_REPRESENTATION_CONTEXT(2) 
PARAMETRIC_REPRESENTATION_CONTEXT() REPRESENTATION_CONTEXT('2D SPACE',''
  ) );
#4350 = PCURVE('',#1377,#4351);
#4351 = DEFINITIONAL_REPRESENTATION('',(#4352),#4356);
#4352 = LINE('',#4353,#4354);
#4353 = CARTESIAN_POINT('',(31.05,3.4));
#4354 = VECTOR('',#4355,1.);
#4355 = DIRECTION('',(-1.,-0.));
#4356 = ( GEOMETRIC_REPRESENTATION_CONTEXT(2) 
PARAMETRIC_REPRESENTATION_CONTEXT() REPRESENTATION_CONTEXT('2D SPACE',''
  ) );
#4357 = ORIENTED_EDGE('',*,*,#4358,.F.);
#4358 = EDGE_CURVE('',#4359,#4336,#4361,.T.);
#4359 = VERTEX_POINT('',#4360);
#4360 = CARTESIAN_POINT('',(-20.5,-78.4,47.6));
#4361 = SURFACE_CURVE('',#4362,(#4366,#4373),.PCURVE_S1.);
#4362 = LINE('',#4363,#4364);
#4363 = CARTESIAN_POINT('',(-20.5,-78.4,37.3));
#4364 = VECTOR('',#4365,1.);
#4365 = DIRECTION('',(-0.,-0.,-1.));
#4366 = PCURVE('',#670,#4367);
#4367 = DEFINITIONAL_REPRESENTATION('',(#4368),#4372);
#4368 = LINE('',#4369,#4370);
#4369 = CARTESIAN_POINT('',(-10.3,-82.1));
#4370 = VECTOR('',#4371,1.);
#4371 = DIRECTION('',(-1.,0.));
#4372 = ( GEOMETRIC_REPRESENTATION_CONTEXT(2) 
PARAMETRIC_REPRESENTATION_CONTEXT() REPRESENTATION_CONTEXT('2D SPACE',''
  ) );
#4373 = PCURVE('',#1405,#4374);
#4374 = DEFINITIONAL_REPRESENTATION('',(#4375),#4379);
#4375 = LINE('',#4376,#4377);
#4376 = CARTESIAN_POINT('',(-10.3,-3.4));
#4377 = VECTOR('',#4378,1.);
#4378 = DIRECTION('',(1.,-0.));
#4379 = ( GEOMETRIC_REPRESENTATION_CONTEXT(2) 
PARAMETRIC_REPRESENTATION_CONTEXT() REPRESENTATION_CONTEXT('2D SPACE',''
  ) );
#4380 = ORIENTED_EDGE('',*,*,#4381,.T.);
#4381 = EDGE_CURVE('',#4359,#4085,#4382,.T.);
#4382 = SURFACE_CURVE('',#4383,(#4387,#4394),.PCURVE_S1.);
#4383 = LINE('',#4384,#4385);
#4384 = CARTESIAN_POINT('',(-102.6,-78.4,47.6));
#4385 = VECTOR('',#4386,1.);
#4386 = DIRECTION('',(1.,-0.,-0.));
#4387 = PCURVE('',#670,#4388);
#4388 = DEFINITIONAL_REPRESENTATION('',(#4389),#4393);
#4389 = LINE('',#4390,#4391);
#4390 = CARTESIAN_POINT('',(-0.,-0.));
#4391 = VECTOR('',#4392,1.);
#4392 = DIRECTION('',(-0.,-1.));
#4393 = ( GEOMETRIC_REPRESENTATION_CONTEXT(2) 
PARAMETRIC_REPRESENTATION_CONTEXT() REPRESENTATION_CONTEXT('2D SPACE',''
  ) );
#4394 = PCURVE('',#4103,#4395);
#4395 = DEFINITIONAL_REPRESENTATION('',(#4396),#4400);
#4396 = LINE('',#4397,#4398);
#4397 = CARTESIAN_POINT('',(-1.6,0.));
#4398 = VECTOR('',#4399,1.);
#4399 = DIRECTION('',(-0.,-1.));
#4400 = ( GEOMETRIC_REPRESENTATION_CONTEXT(2) 
PARAMETRIC_REPRESENTATION_CONTEXT() REPRESENTATION_CONTEXT('2D SPACE',''
  ) );
#4401 = FACE_BOUND('',#4402,.F.);
#4402 = EDGE_LOOP('',(#4403,#4428,#4451,#4474));
#4403 = ORIENTED_EDGE('',*,*,#4404,.F.);
#4404 = EDGE_CURVE('',#4405,#4407,#4409,.T.);
#4405 = VERTEX_POINT('',#4406);
#4406 = CARTESIAN_POINT('',(-15.,-78.4,40.));
#4407 = VERTEX_POINT('',#4408);
#4408 = CARTESIAN_POINT('',(23.,-78.4,40.));
#4409 = SURFACE_CURVE('',#4410,(#4414,#4421),.PCURVE_S1.);
#4410 = LINE('',#4411,#4412);
#4411 = CARTESIAN_POINT('',(-58.8,-78.4,40.));
#4412 = VECTOR('',#4413,1.);
#4413 = DIRECTION('',(1.,-0.,-0.));
#4414 = PCURVE('',#670,#4415);
#4415 = DEFINITIONAL_REPRESENTATION('',(#4416),#4420);
#4416 = LINE('',#4417,#4418);
#4417 = CARTESIAN_POINT('',(-7.6,-43.8));
#4418 = VECTOR('',#4419,1.);
#4419 = DIRECTION('',(-0.,-1.));
#4420 = ( GEOMETRIC_REPRESENTATION_CONTEXT(2) 
PARAMETRIC_REPRESENTATION_CONTEXT() REPRESENTATION_CONTEXT('2D SPACE',''
  ) );
#4421 = PCURVE('',#1560,#4422);
#4422 = DEFINITIONAL_REPRESENTATION('',(#4423),#4427);
#4423 = LINE('',#4424,#4425);
#4424 = CARTESIAN_POINT('',(43.8,3.4));
#4425 = VECTOR('',#4426,1.);
#4426 = DIRECTION('',(-1.,-0.));
#4427 = ( GEOMETRIC_REPRESENTATION_CONTEXT(2) 
PARAMETRIC_REPRESENTATION_CONTEXT() REPRESENTATION_CONTEXT('2D SPACE',''
  ) );
#4428 = ORIENTED_EDGE('',*,*,#4429,.T.);
#4429 = EDGE_CURVE('',#4405,#4430,#4432,.T.);
#4430 = VERTEX_POINT('',#4431);
#4431 = CARTESIAN_POINT('',(-15.,-78.4,2.));
#4432 = SURFACE_CURVE('',#4433,(#4437,#4444),.PCURVE_S1.);
#4433 = LINE('',#4434,#4435);
#4434 = CARTESIAN_POINT('',(-15.,-78.4,24.8));
#4435 = VECTOR('',#4436,1.);
#4436 = DIRECTION('',(-0.,-0.,-1.));
#4437 = PCURVE('',#670,#4438);
#4438 = DEFINITIONAL_REPRESENTATION('',(#4439),#4443);
#4439 = LINE('',#4440,#4441);
#4440 = CARTESIAN_POINT('',(-22.8,-87.6));
#4441 = VECTOR('',#4442,1.);
#4442 = DIRECTION('',(-1.,0.));
#4443 = ( GEOMETRIC_REPRESENTATION_CONTEXT(2) 
PARAMETRIC_REPRESENTATION_CONTEXT() REPRESENTATION_CONTEXT('2D SPACE',''
  ) );
#4444 = PCURVE('',#1588,#4445);
#4445 = DEFINITIONAL_REPRESENTATION('',(#4446),#4450);
#4446 = LINE('',#4447,#4448);
#4447 = CARTESIAN_POINT('',(-22.8,-3.4));
#4448 = VECTOR('',#4449,1.);
#4449 = DIRECTION('',(1.,-0.));
#4450 = ( GEOMETRIC_REPRESENTATION_CONTEXT(2) 
PARAMETRIC_REPRESENTATION_CONTEXT() REPRESENTATION_CONTEXT('2D SPACE',''
  ) );
#4451 = ORIENTED_EDGE('',*,*,#4452,.T.);
#4452 = EDGE_CURVE('',#4430,#4453,#4455,.T.);
#4453 = VERTEX_POINT('',#4454);
#4454 = CARTESIAN_POINT('',(23.,-78.4,2.));
#4455 = SURFACE_CURVE('',#4456,(#4460,#4467),.PCURVE_S1.);
#4456 = LINE('',#4457,#4458);
#4457 = CARTESIAN_POINT('',(-58.8,-78.4,2.));
#4458 = VECTOR('',#4459,1.);
#4459 = DIRECTION('',(1.,-0.,-0.));
#4460 = PCURVE('',#670,#4461);
#4461 = DEFINITIONAL_REPRESENTATION('',(#4462),#4466);
#4462 = LINE('',#4463,#4464);
#4463 = CARTESIAN_POINT('',(-45.6,-43.8));
#4464 = VECTOR('',#4465,1.);
#4465 = DIRECTION('',(-0.,-1.));
#4466 = ( GEOMETRIC_REPRESENTATION_CONTEXT(2) 
PARAMETRIC_REPRESENTATION_CONTEXT() REPRESENTATION_CONTEXT('2D SPACE',''
  ) );
#4467 = PCURVE('',#1616,#4468);
#4468 = DEFINITIONAL_REPRESENTATION('',(#4469),#4473);
#4469 = LINE('',#4470,#4471);
#4470 = CARTESIAN_POINT('',(43.8,3.4));
#4471 = VECTOR('',#4472,1.);
#4472 = DIRECTION('',(-1.,-0.));
#4473 = ( GEOMETRIC_REPRESENTATION_CONTEXT(2) 
PARAMETRIC_REPRESENTATION_CONTEXT() REPRESENTATION_CONTEXT('2D SPACE',''
  ) );
#4474 = ORIENTED_EDGE('',*,*,#4475,.F.);
#4475 = EDGE_CURVE('',#4407,#4453,#4476,.T.);
#4476 = SURFACE_CURVE('',#4477,(#4481,#4488),.PCURVE_S1.);
#4477 = LINE('',#4478,#4479);
#4478 = CARTESIAN_POINT('',(23.,-78.4,24.8));
#4479 = VECTOR('',#4480,1.);
#4480 = DIRECTION('',(-0.,-0.,-1.));
#4481 = PCURVE('',#670,#4482);
#4482 = DEFINITIONAL_REPRESENTATION('',(#4483),#4487);
#4483 = LINE('',#4484,#4485);
#4484 = CARTESIAN_POINT('',(-22.8,-125.6));
#4485 = VECTOR('',#4486,1.);
#4486 = DIRECTION('',(-1.,0.));
#4487 = ( GEOMETRIC_REPRESENTATION_CONTEXT(2) 
PARAMETRIC_REPRESENTATION_CONTEXT() REPRESENTATION_CONTEXT('2D SPACE',''
  ) );
#4488 = PCURVE('',#1642,#4489);
#4489 = DEFINITIONAL_REPRESENTATION('',(#4490),#4494);
#4490 = LINE('',#4491,#4492);
#4491 = CARTESIAN_POINT('',(-22.8,-3.4));
#4492 = VECTOR('',#4493,1.);
#4493 = DIRECTION('',(1.,-0.));
#4494 = ( GEOMETRIC_REPRESENTATION_CONTEXT(2) 
PARAMETRIC_REPRESENTATION_CONTEXT() REPRESENTATION_CONTEXT('2D SPACE',''
  ) );
#4495 = ADVANCED_FACE('',(#4496),#731,.T.);
#4496 = FACE_BOUND('',#4497,.F.);
#4497 = EDGE_LOOP('',(#4498,#4521,#4542,#4543));
#4498 = ORIENTED_EDGE('',*,*,#4499,.T.);
#4499 = EDGE_CURVE('',#4167,#4500,#4502,.T.);
#4500 = VERTEX_POINT('',#4501);
#4501 = CARTESIAN_POINT('',(-102.6,-84.4,45.95));
#4502 = SURFACE_CURVE('',#4503,(#4507,#4514),.PCURVE_S1.);
#4503 = LINE('',#4504,#4505);
#4504 = CARTESIAN_POINT('',(-102.6,-88.,44.6));
#4505 = VECTOR('',#4506,1.);
#4506 = DIRECTION('',(-0.,0.936329177569,0.351123441588));
#4507 = PCURVE('',#731,#4508);
#4508 = DEFINITIONAL_REPRESENTATION('',(#4509),#4513);
#4509 = LINE('',#4510,#4511);
#4510 = CARTESIAN_POINT('',(-22.44599194091,-3.359429653585));
#4511 = VECTOR('',#4512,1.);
#4512 = DIRECTION('',(-0.351123441588,0.936329177569));
#4513 = ( GEOMETRIC_REPRESENTATION_CONTEXT(2) 
PARAMETRIC_REPRESENTATION_CONTEXT() REPRESENTATION_CONTEXT('2D SPACE',''
  ) );
#4514 = PCURVE('',#4188,#4515);
#4515 = DEFINITIONAL_REPRESENTATION('',(#4516),#4520);
#4516 = LINE('',#4517,#4518);
#4517 = CARTESIAN_POINT('',(-0.,0.));
#4518 = VECTOR('',#4519,1.);
#4519 = DIRECTION('',(-1.,0.));
#4520 = ( GEOMETRIC_REPRESENTATION_CONTEXT(2) 
PARAMETRIC_REPRESENTATION_CONTEXT() REPRESENTATION_CONTEXT('2D SPACE',''
  ) );
#4521 = ORIENTED_EDGE('',*,*,#4522,.T.);
#4522 = EDGE_CURVE('',#4500,#683,#4523,.T.);
#4523 = SURFACE_CURVE('',#4524,(#4528,#4535),.PCURVE_S1.);
#4524 = LINE('',#4525,#4526);
#4525 = CARTESIAN_POINT('',(-102.6,-84.4,47.6));
#4526 = VECTOR('',#4527,1.);
#4527 = DIRECTION('',(-0.,-0.,-1.));
#4528 = PCURVE('',#731,#4529);
#4529 = DEFINITIONAL_REPRESENTATION('',(#4530),#4534);
#4530 = LINE('',#4531,#4532);
#4531 = CARTESIAN_POINT('',(-25.44599194091,0.240570346415));
#4532 = VECTOR('',#4533,1.);
#4533 = DIRECTION('',(1.,-0.));
#4534 = ( GEOMETRIC_REPRESENTATION_CONTEXT(2) 
PARAMETRIC_REPRESENTATION_CONTEXT() REPRESENTATION_CONTEXT('2D SPACE',''
  ) );
#4535 = PCURVE('',#703,#4536);
#4536 = DEFINITIONAL_REPRESENTATION('',(#4537),#4541);
#4537 = LINE('',#4538,#4539);
#4538 = CARTESIAN_POINT('',(0.,0.));
#4539 = VECTOR('',#4540,1.);
#4540 = DIRECTION('',(0.,1.));
#4541 = ( GEOMETRIC_REPRESENTATION_CONTEXT(2) 
PARAMETRIC_REPRESENTATION_CONTEXT() REPRESENTATION_CONTEXT('2D SPACE',''
  ) );
#4542 = ORIENTED_EDGE('',*,*,#715,.T.);
#4543 = ORIENTED_EDGE('',*,*,#4204,.T.);
#4544 = ADVANCED_FACE('',(#4545),#703,.F.);
#4545 = FACE_BOUND('',#4546,.F.);
#4546 = EDGE_LOOP('',(#4547,#4574,#4596,#4597,#4598));
#4547 = ORIENTED_EDGE('',*,*,#4548,.T.);
#4548 = EDGE_CURVE('',#4500,#4549,#4551,.T.);
#4549 = VERTEX_POINT('',#4550);
#4550 = CARTESIAN_POINT('',(-100.6792156108,-80.,47.6));
#4551 = SURFACE_CURVE('',#4552,(#4557,#4567),.PCURVE_S1.);
#4552 = ELLIPSE('',#4553,6.408002808988,6.);
#4553 = AXIS2_PLACEMENT_3D('',#4554,#4555,#4556);
#4554 = CARTESIAN_POINT('',(-96.6,-84.4,45.95));
#4555 = DIRECTION('',(0.,0.351123441588,-0.936329177569));
#4556 = DIRECTION('',(-0.,-0.936329177569,-0.351123441588));
#4557 = PCURVE('',#703,#4558);
#4558 = DEFINITIONAL_REPRESENTATION('',(#4559),#4566);
#4559 = B_SPLINE_CURVE_WITH_KNOTS('',5,(#4560,#4561,#4562,#4563,#4564,
    #4565),.UNSPECIFIED.,.F.,.F.,(6,6),(1.570796326795,2.394008303921),
  .PIECEWISE_BEZIER_KNOTS.);
#4560 = CARTESIAN_POINT('',(0.,1.65));
#4561 = CARTESIAN_POINT('',(0.164642395425,1.279554610293));
#4562 = CARTESIAN_POINT('',(0.329284797359,0.909101682274));
#4563 = CARTESIAN_POINT('',(0.493927214455,0.559607893018));
#4564 = CARTESIAN_POINT('',(0.658569581701,0.251854436111));
#4565 = CARTESIAN_POINT('',(0.823211977126,-2.13162820728E-14));
#4566 = ( GEOMETRIC_REPRESENTATION_CONTEXT(2) 
PARAMETRIC_REPRESENTATION_CONTEXT() REPRESENTATION_CONTEXT('2D SPACE',''
  ) );
#4567 = PCURVE('',#4188,#4568);
#4568 = DEFINITIONAL_REPRESENTATION('',(#4569),#4573);
#4569 = ELLIPSE('',#4570,6.408002808988,6.);
#4570 = AXIS2_PLACEMENT_2D('',#4571,#4572);
#4571 = CARTESIAN_POINT('',(-3.844801685393,-6.));
#4572 = DIRECTION('',(1.,-0.));
#4573 = ( GEOMETRIC_REPRESENTATION_CONTEXT(2) 
PARAMETRIC_REPRESENTATION_CONTEXT() REPRESENTATION_CONTEXT('2D SPACE',''
  ) );
#4574 = ORIENTED_EDGE('',*,*,#4575,.T.);
#4575 = EDGE_CURVE('',#4549,#4262,#4576,.T.);
#4576 = SURFACE_CURVE('',#4577,(#4582,#4589),.PCURVE_S1.);
#4577 = CIRCLE('',#4578,6.);
#4578 = AXIS2_PLACEMENT_3D('',#4579,#4580,#4581);
#4579 = CARTESIAN_POINT('',(-96.6,-84.4,47.6));
#4580 = DIRECTION('',(0.,0.,-1.));
#4581 = DIRECTION('',(-0.,-1.,-0.));
#4582 = PCURVE('',#703,#4583);
#4583 = DEFINITIONAL_REPRESENTATION('',(#4584),#4588);
#4584 = LINE('',#4585,#4586);
#4585 = CARTESIAN_POINT('',(-1.570796326795,0.));
#4586 = VECTOR('',#4587,1.);
#4587 = DIRECTION('',(1.,0.));
#4588 = ( GEOMETRIC_REPRESENTATION_CONTEXT(2) 
PARAMETRIC_REPRESENTATION_CONTEXT() REPRESENTATION_CONTEXT('2D SPACE',''
  ) );
#4589 = PCURVE('',#4300,#4590);
#4590 = DEFINITIONAL_REPRESENTATION('',(#4591),#4595);
#4591 = CIRCLE('',#4592,6.);
#4592 = AXIS2_PLACEMENT_2D('',#4593,#4594);
#4593 = CARTESIAN_POINT('',(4.4,-6.));
#4594 = DIRECTION('',(1.,-0.));
#4595 = ( GEOMETRIC_REPRESENTATION_CONTEXT(2) 
PARAMETRIC_REPRESENTATION_CONTEXT() REPRESENTATION_CONTEXT('2D SPACE',''
  ) );
#4596 = ORIENTED_EDGE('',*,*,#4261,.T.);
#4597 = ORIENTED_EDGE('',*,*,#682,.F.);
#4598 = ORIENTED_EDGE('',*,*,#4522,.F.);
#4599 = ADVANCED_FACE('',(#4600,#4608),#841,.T.);
#4600 = FACE_BOUND('',#4601,.F.);
#4601 = EDGE_LOOP('',(#4602,#4603,#4604,#4605,#4606,#4607));
#4602 = ORIENTED_EDGE('',*,*,#825,.F.);
#4603 = ORIENTED_EDGE('',*,*,#902,.F.);
#4604 = ORIENTED_EDGE('',*,*,#1070,.T.);
#4605 = ORIENTED_EDGE('',*,*,#1166,.T.);
#4606 = ORIENTED_EDGE('',*,*,#1519,.F.);
#4607 = ORIENTED_EDGE('',*,*,#1043,.T.);
#4608 = FACE_BOUND('',#4609,.F.);
#4609 = EDGE_LOOP('',(#4610));
#4610 = ORIENTED_EDGE('',*,*,#3067,.F.);
#4611 = ADVANCED_FACE('',(#4612),#1004,.F.);
#4612 = FACE_BOUND('',#4613,.T.);
#4613 = EDGE_LOOP('',(#4614,#4615,#4638,#4661,#4682,#4683));
#4614 = ORIENTED_EDGE('',*,*,#1215,.T.);
#4615 = ORIENTED_EDGE('',*,*,#4616,.T.);
#4616 = EDGE_CURVE('',#1216,#4617,#4619,.T.);
#4617 = VERTEX_POINT('',#4618);
#4618 = CARTESIAN_POINT('',(-40.5,-89.,47.));
#4619 = SURFACE_CURVE('',#4620,(#4624,#4631),.PCURVE_S1.);
#4620 = LINE('',#4621,#4622);
#4621 = CARTESIAN_POINT('',(-105.,-89.,47.));
#4622 = VECTOR('',#4623,1.);
#4623 = DIRECTION('',(1.,-0.,-0.));
#4624 = PCURVE('',#1004,#4625);
#4625 = DEFINITIONAL_REPRESENTATION('',(#4626),#4630);
#4626 = LINE('',#4627,#4628);
#4627 = CARTESIAN_POINT('',(-0.,0.));
#4628 = VECTOR('',#4629,1.);
#4629 = DIRECTION('',(-0.,-1.));
#4630 = ( GEOMETRIC_REPRESENTATION_CONTEXT(2) 
PARAMETRIC_REPRESENTATION_CONTEXT() REPRESENTATION_CONTEXT('2D SPACE',''
  ) );
#4631 = PCURVE('',#1290,#4632);
#4632 = DEFINITIONAL_REPRESENTATION('',(#4633),#4637);
#4633 = LINE('',#4634,#4635);
#4634 = CARTESIAN_POINT('',(-8.602325267043,0.));
#4635 = VECTOR('',#4636,1.);
#4636 = DIRECTION('',(-0.,-1.));
#4637 = ( GEOMETRIC_REPRESENTATION_CONTEXT(2) 
PARAMETRIC_REPRESENTATION_CONTEXT() REPRESENTATION_CONTEXT('2D SPACE',''
  ) );
#4638 = ORIENTED_EDGE('',*,*,#4639,.T.);
#4639 = EDGE_CURVE('',#4617,#4640,#4642,.T.);
#4640 = VERTEX_POINT('',#4641);
#4641 = CARTESIAN_POINT('',(-40.5,-80.,50.));
#4642 = SURFACE_CURVE('',#4643,(#4647,#4654),.PCURVE_S1.);
#4643 = LINE('',#4644,#4645);
#4644 = CARTESIAN_POINT('',(-40.5,-85.7,48.1));
#4645 = VECTOR('',#4646,1.);
#4646 = DIRECTION('',(-0.,0.948683298051,0.316227766017));
#4647 = PCURVE('',#1004,#4648);
#4648 = DEFINITIONAL_REPRESENTATION('',(#4649),#4653);
#4649 = LINE('',#4650,#4651);
#4650 = CARTESIAN_POINT('',(-3.478505426185,-64.5));
#4651 = VECTOR('',#4652,1.);
#4652 = DIRECTION('',(-1.,0.));
#4653 = ( GEOMETRIC_REPRESENTATION_CONTEXT(2) 
PARAMETRIC_REPRESENTATION_CONTEXT() REPRESENTATION_CONTEXT('2D SPACE',''
  ) );
#4654 = PCURVE('',#1349,#4655);
#4655 = DEFINITIONAL_REPRESENTATION('',(#4656),#4660);
#4656 = LINE('',#4657,#4658);
#4657 = CARTESIAN_POINT('',(-21.1,-10.7));
#4658 = VECTOR('',#4659,1.);
#4659 = DIRECTION('',(-0.316227766017,0.948683298051));
#4660 = ( GEOMETRIC_REPRESENTATION_CONTEXT(2) 
PARAMETRIC_REPRESENTATION_CONTEXT() REPRESENTATION_CONTEXT('2D SPACE',''
  ) );
#4661 = ORIENTED_EDGE('',*,*,#4662,.F.);
#4662 = EDGE_CURVE('',#952,#4640,#4663,.T.);
#4663 = SURFACE_CURVE('',#4664,(#4668,#4675),.PCURVE_S1.);
#4664 = LINE('',#4665,#4666);
#4665 = CARTESIAN_POINT('',(-105.,-80.,50.));
#4666 = VECTOR('',#4667,1.);
#4667 = DIRECTION('',(1.,-0.,-0.));
#4668 = PCURVE('',#1004,#4669);
#4669 = DEFINITIONAL_REPRESENTATION('',(#4670),#4674);
#4670 = LINE('',#4671,#4672);
#4671 = CARTESIAN_POINT('',(-9.486832980505,0.));
#4672 = VECTOR('',#4673,1.);
#4673 = DIRECTION('',(-0.,-1.));
#4674 = ( GEOMETRIC_REPRESENTATION_CONTEXT(2) 
PARAMETRIC_REPRESENTATION_CONTEXT() REPRESENTATION_CONTEXT('2D SPACE',''
  ) );
#4675 = PCURVE('',#968,#4676);
#4676 = DEFINITIONAL_REPRESENTATION('',(#4677),#4681);
#4677 = LINE('',#4678,#4679);
#4678 = CARTESIAN_POINT('',(-0.,0.));
#4679 = VECTOR('',#4680,1.);
#4680 = DIRECTION('',(-0.,-1.));
#4681 = ( GEOMETRIC_REPRESENTATION_CONTEXT(2) 
PARAMETRIC_REPRESENTATION_CONTEXT() REPRESENTATION_CONTEXT('2D SPACE',''
  ) );
#4682 = ORIENTED_EDGE('',*,*,#984,.T.);
#4683 = ORIENTED_EDGE('',*,*,#1141,.F.);
#4684 = ADVANCED_FACE('',(#4685),#968,.F.);
#4685 = FACE_BOUND('',#4686,.T.);
#4686 = EDGE_LOOP('',(#4687,#4688,#4689,#4710));
#4687 = ORIENTED_EDGE('',*,*,#951,.T.);
#4688 = ORIENTED_EDGE('',*,*,#4662,.T.);
#4689 = ORIENTED_EDGE('',*,*,#4690,.T.);
#4690 = EDGE_CURVE('',#4640,#1311,#4691,.T.);
#4691 = SURFACE_CURVE('',#4692,(#4696,#4703),.PCURVE_S1.);
#4692 = LINE('',#4693,#4694);
#4693 = CARTESIAN_POINT('',(-40.5,-77.5,50.));
#4694 = VECTOR('',#4695,1.);
#4695 = DIRECTION('',(-0.,1.,-0.));
#4696 = PCURVE('',#968,#4697);
#4697 = DEFINITIONAL_REPRESENTATION('',(#4698),#4702);
#4698 = LINE('',#4699,#4700);
#4699 = CARTESIAN_POINT('',(-2.5,-64.5));
#4700 = VECTOR('',#4701,1.);
#4701 = DIRECTION('',(-1.,0.));
#4702 = ( GEOMETRIC_REPRESENTATION_CONTEXT(2) 
PARAMETRIC_REPRESENTATION_CONTEXT() REPRESENTATION_CONTEXT('2D SPACE',''
  ) );
#4703 = PCURVE('',#1349,#4704);
#4704 = DEFINITIONAL_REPRESENTATION('',(#4705),#4709);
#4705 = LINE('',#4706,#4707);
#4706 = CARTESIAN_POINT('',(-23.,-2.5));
#4707 = VECTOR('',#4708,1.);
#4708 = DIRECTION('',(-0.,1.));
#4709 = ( GEOMETRIC_REPRESENTATION_CONTEXT(2) 
PARAMETRIC_REPRESENTATION_CONTEXT() REPRESENTATION_CONTEXT('2D SPACE',''
  ) );
#4710 = ORIENTED_EDGE('',*,*,#1310,.F.);
#4711 = ADVANCED_FACE('',(#4712),#1290,.F.);
#4712 = FACE_BOUND('',#4713,.T.);
#4713 = EDGE_LOOP('',(#4714,#4715,#4716,#4737));
#4714 = ORIENTED_EDGE('',*,*,#1271,.T.);
#4715 = ORIENTED_EDGE('',*,*,#1896,.T.);
#4716 = ORIENTED_EDGE('',*,*,#4717,.T.);
#4717 = EDGE_CURVE('',#1874,#4617,#4718,.T.);
#4718 = SURFACE_CURVE('',#4719,(#4723,#4730),.PCURVE_S1.);
#4719 = LINE('',#4720,#4721);
#4720 = CARTESIAN_POINT('',(-40.5,-93.86486486486,40.189189189189));
#4721 = VECTOR('',#4722,1.);
#4722 = DIRECTION('',(-0.,0.581238193719,0.813733471207));
#4723 = PCURVE('',#1290,#4724);
#4724 = DEFINITIONAL_REPRESENTATION('',(#4725),#4729);
#4725 = LINE('',#4726,#4727);
#4726 = CARTESIAN_POINT('',(-0.232495277488,-64.5));
#4727 = VECTOR('',#4728,1.);
#4728 = DIRECTION('',(-1.,0.));
#4729 = ( GEOMETRIC_REPRESENTATION_CONTEXT(2) 
PARAMETRIC_REPRESENTATION_CONTEXT() REPRESENTATION_CONTEXT('2D SPACE',''
  ) );
#4730 = PCURVE('',#1349,#4731);
#4731 = DEFINITIONAL_REPRESENTATION('',(#4732),#4736);
#4732 = LINE('',#4733,#4734);
#4733 = CARTESIAN_POINT('',(-13.18918918918,-18.86486486486));
#4734 = VECTOR('',#4735,1.);
#4735 = DIRECTION('',(-0.813733471207,0.581238193719));
#4736 = ( GEOMETRIC_REPRESENTATION_CONTEXT(2) 
PARAMETRIC_REPRESENTATION_CONTEXT() REPRESENTATION_CONTEXT('2D SPACE',''
  ) );
#4737 = ORIENTED_EDGE('',*,*,#4616,.F.);
#4738 = ADVANCED_FACE('',(#4739,#4747),#1484,.T.);
#4739 = FACE_BOUND('',#4740,.F.);
#4740 = EDGE_LOOP('',(#4741,#4742,#4743,#4744,#4745,#4746));
#4741 = ORIENTED_EDGE('',*,*,#2604,.F.);
#4742 = ORIENTED_EDGE('',*,*,#2741,.T.);
#4743 = ORIENTED_EDGE('',*,*,#2862,.T.);
#4744 = ORIENTED_EDGE('',*,*,#2988,.F.);
#4745 = ORIENTED_EDGE('',*,*,#2961,.T.);
#4746 = ORIENTED_EDGE('',*,*,#1468,.F.);
#4747 = FACE_BOUND('',#4748,.F.);
#4748 = EDGE_LOOP('',(#4749));
#4749 = ORIENTED_EDGE('',*,*,#3013,.F.);
#4750 = ADVANCED_FACE('',(#4751),#1433,.F.);
#4751 = FACE_BOUND('',#4752,.T.);
#4752 = EDGE_LOOP('',(#4753,#4776,#4797,#4798));
#4753 = ORIENTED_EDGE('',*,*,#4754,.F.);
#4754 = EDGE_CURVE('',#4755,#1390,#4757,.T.);
#4755 = VERTEX_POINT('',#4756);
#4756 = CARTESIAN_POINT('',(-20.5,-80.,50.));
#4757 = SURFACE_CURVE('',#4758,(#4762,#4769),.PCURVE_S1.);
#4758 = LINE('',#4759,#4760);
#4759 = CARTESIAN_POINT('',(-20.5,-77.5,50.));
#4760 = VECTOR('',#4761,1.);
#4761 = DIRECTION('',(-0.,1.,-0.));
#4762 = PCURVE('',#1433,#4763);
#4763 = DEFINITIONAL_REPRESENTATION('',(#4764),#4768);
#4764 = LINE('',#4765,#4766);
#4765 = CARTESIAN_POINT('',(-2.5,-84.5));
#4766 = VECTOR('',#4767,1.);
#4767 = DIRECTION('',(-1.,0.));
#4768 = ( GEOMETRIC_REPRESENTATION_CONTEXT(2) 
PARAMETRIC_REPRESENTATION_CONTEXT() REPRESENTATION_CONTEXT('2D SPACE',''
  ) );
#4769 = PCURVE('',#1405,#4770);
#4770 = DEFINITIONAL_REPRESENTATION('',(#4771),#4775);
#4771 = LINE('',#4772,#4773);
#4772 = CARTESIAN_POINT('',(-23.,-2.5));
#4773 = VECTOR('',#4774,1.);
#4774 = DIRECTION('',(-0.,1.));
#4775 = ( GEOMETRIC_REPRESENTATION_CONTEXT(2) 
PARAMETRIC_REPRESENTATION_CONTEXT() REPRESENTATION_CONTEXT('2D SPACE',''
  ) );
#4776 = ORIENTED_EDGE('',*,*,#4777,.T.);
#4777 = EDGE_CURVE('',#4755,#2888,#4778,.T.);
#4778 = SURFACE_CURVE('',#4779,(#4783,#4790),.PCURVE_S1.);
#4779 = LINE('',#4780,#4781);
#4780 = CARTESIAN_POINT('',(-105.,-80.,50.));
#4781 = VECTOR('',#4782,1.);
#4782 = DIRECTION('',(1.,-0.,-0.));
#4783 = PCURVE('',#1433,#4784);
#4784 = DEFINITIONAL_REPRESENTATION('',(#4785),#4789);
#4785 = LINE('',#4786,#4787);
#4786 = CARTESIAN_POINT('',(-0.,0.));
#4787 = VECTOR('',#4788,1.);
#4788 = DIRECTION('',(-0.,-1.));
#4789 = ( GEOMETRIC_REPRESENTATION_CONTEXT(2) 
PARAMETRIC_REPRESENTATION_CONTEXT() REPRESENTATION_CONTEXT('2D SPACE',''
  ) );
#4790 = PCURVE('',#2675,#4791);
#4791 = DEFINITIONAL_REPRESENTATION('',(#4792),#4796);
#4792 = LINE('',#4793,#4794);
#4793 = CARTESIAN_POINT('',(-9.486832980505,0.));
#4794 = VECTOR('',#4795,1.);
#4795 = DIRECTION('',(-0.,-1.));
#4796 = ( GEOMETRIC_REPRESENTATION_CONTEXT(2) 
PARAMETRIC_REPRESENTATION_CONTEXT() REPRESENTATION_CONTEXT('2D SPACE',''
  ) );
#4797 = ORIENTED_EDGE('',*,*,#2887,.F.);
#4798 = ORIENTED_EDGE('',*,*,#1417,.F.);
#4799 = ADVANCED_FACE('',(#4800),#1405,.F.);
#4800 = FACE_BOUND('',#4801,.T.);
#4801 = EDGE_LOOP('',(#4802,#4803,#4824,#4825,#4848,#4871,#4892,#4893,
    #4914,#4915,#4938,#4959));
#4802 = ORIENTED_EDGE('',*,*,#1389,.T.);
#4803 = ORIENTED_EDGE('',*,*,#4804,.T.);
#4804 = EDGE_CURVE('',#1362,#4336,#4805,.T.);
#4805 = SURFACE_CURVE('',#4806,(#4810,#4817),.PCURVE_S1.);
#4806 = LINE('',#4807,#4808);
#4807 = CARTESIAN_POINT('',(-20.5,-75.,27.));
#4808 = VECTOR('',#4809,1.);
#4809 = DIRECTION('',(0.,-1.,0.));
#4810 = PCURVE('',#1405,#4811);
#4811 = DEFINITIONAL_REPRESENTATION('',(#4812),#4816);
#4812 = LINE('',#4813,#4814);
#4813 = CARTESIAN_POINT('',(-0.,0.));
#4814 = VECTOR('',#4815,1.);
#4815 = DIRECTION('',(-0.,-1.));
#4816 = ( GEOMETRIC_REPRESENTATION_CONTEXT(2) 
PARAMETRIC_REPRESENTATION_CONTEXT() REPRESENTATION_CONTEXT('2D SPACE',''
  ) );
#4817 = PCURVE('',#1377,#4818);
#4818 = DEFINITIONAL_REPRESENTATION('',(#4819),#4823);
#4819 = LINE('',#4820,#4821);
#4820 = CARTESIAN_POINT('',(-20.,-0.));
#4821 = VECTOR('',#4822,1.);
#4822 = DIRECTION('',(-0.,1.));
#4823 = ( GEOMETRIC_REPRESENTATION_CONTEXT(2) 
PARAMETRIC_REPRESENTATION_CONTEXT() REPRESENTATION_CONTEXT('2D SPACE',''
  ) );
#4824 = ORIENTED_EDGE('',*,*,#4358,.F.);
#4825 = ORIENTED_EDGE('',*,*,#4826,.F.);
#4826 = EDGE_CURVE('',#4827,#4359,#4829,.T.);
#4827 = VERTEX_POINT('',#4828);
#4828 = CARTESIAN_POINT('',(-20.5,-80.,47.6));
#4829 = SURFACE_CURVE('',#4830,(#4834,#4841),.PCURVE_S1.);
#4830 = LINE('',#4831,#4832);
#4831 = CARTESIAN_POINT('',(-20.5,-77.5,47.6));
#4832 = VECTOR('',#4833,1.);
#4833 = DIRECTION('',(-0.,1.,-0.));
#4834 = PCURVE('',#1405,#4835);
#4835 = DEFINITIONAL_REPRESENTATION('',(#4836),#4840);
#4836 = LINE('',#4837,#4838);
#4837 = CARTESIAN_POINT('',(-20.6,-2.5));
#4838 = VECTOR('',#4839,1.);
#4839 = DIRECTION('',(-0.,1.));
#4840 = ( GEOMETRIC_REPRESENTATION_CONTEXT(2) 
PARAMETRIC_REPRESENTATION_CONTEXT() REPRESENTATION_CONTEXT('2D SPACE',''
  ) );
#4841 = PCURVE('',#4103,#4842);
#4842 = DEFINITIONAL_REPRESENTATION('',(#4843),#4847);
#4843 = LINE('',#4844,#4845);
#4844 = CARTESIAN_POINT('',(-2.5,-82.1));
#4845 = VECTOR('',#4846,1.);
#4846 = DIRECTION('',(-1.,0.));
#4847 = ( GEOMETRIC_REPRESENTATION_CONTEXT(2) 
PARAMETRIC_REPRESENTATION_CONTEXT() REPRESENTATION_CONTEXT('2D SPACE',''
  ) );
#4848 = ORIENTED_EDGE('',*,*,#4849,.F.);
#4849 = EDGE_CURVE('',#4850,#4827,#4852,.T.);
#4850 = VERTEX_POINT('',#4851);
#4851 = CARTESIAN_POINT('',(-20.5,-88.,44.6));
#4852 = SURFACE_CURVE('',#4853,(#4857,#4864),.PCURVE_S1.);
#4853 = LINE('',#4854,#4855);
#4854 = CARTESIAN_POINT('',(-20.5,-85.19452054794,45.652054794521));
#4855 = VECTOR('',#4856,1.);
#4856 = DIRECTION('',(-0.,0.936329177569,0.351123441588));
#4857 = PCURVE('',#1405,#4858);
#4858 = DEFINITIONAL_REPRESENTATION('',(#4859),#4863);
#4859 = LINE('',#4860,#4861);
#4860 = CARTESIAN_POINT('',(-18.65205479452,-10.19452054794));
#4861 = VECTOR('',#4862,1.);
#4862 = DIRECTION('',(-0.351123441588,0.936329177569));
#4863 = ( GEOMETRIC_REPRESENTATION_CONTEXT(2) 
PARAMETRIC_REPRESENTATION_CONTEXT() REPRESENTATION_CONTEXT('2D SPACE',''
  ) );
#4864 = PCURVE('',#3143,#4865);
#4865 = DEFINITIONAL_REPRESENTATION('',(#4866),#4870);
#4866 = LINE('',#4867,#4868);
#4867 = CARTESIAN_POINT('',(-2.996253368221,-82.1));
#4868 = VECTOR('',#4869,1.);
#4869 = DIRECTION('',(-1.,0.));
#4870 = ( GEOMETRIC_REPRESENTATION_CONTEXT(2) 
PARAMETRIC_REPRESENTATION_CONTEXT() REPRESENTATION_CONTEXT('2D SPACE',''
  ) );
#4871 = ORIENTED_EDGE('',*,*,#4872,.F.);
#4872 = EDGE_CURVE('',#3336,#4850,#4873,.T.);
#4873 = SURFACE_CURVE('',#4874,(#4878,#4885),.PCURVE_S1.);
#4874 = LINE('',#4875,#4876);
#4875 = CARTESIAN_POINT('',(-20.5,-91.90216606498,38.529963898917));
#4876 = VECTOR('',#4877,1.);
#4877 = DIRECTION('',(-0.,0.540757591313,0.841178475377));
#4878 = PCURVE('',#1405,#4879);
#4879 = DEFINITIONAL_REPRESENTATION('',(#4880),#4884);
#4880 = LINE('',#4881,#4882);
#4881 = CARTESIAN_POINT('',(-11.52996389891,-16.90216606498));
#4882 = VECTOR('',#4883,1.);
#4883 = DIRECTION('',(-0.841178475377,0.540757591313));
#4884 = ( GEOMETRIC_REPRESENTATION_CONTEXT(2) 
PARAMETRIC_REPRESENTATION_CONTEXT() REPRESENTATION_CONTEXT('2D SPACE',''
  ) );
#4885 = PCURVE('',#3218,#4886);
#4886 = DEFINITIONAL_REPRESENTATION('',(#4887),#4891);
#4887 = LINE('',#4888,#4889);
#4888 = CARTESIAN_POINT('',(0.558782844357,-82.1));
#4889 = VECTOR('',#4890,1.);
#4890 = DIRECTION('',(-1.,0.));
#4891 = ( GEOMETRIC_REPRESENTATION_CONTEXT(2) 
PARAMETRIC_REPRESENTATION_CONTEXT() REPRESENTATION_CONTEXT('2D SPACE',''
  ) );
#4892 = ORIENTED_EDGE('',*,*,#3358,.F.);
#4893 = ORIENTED_EDGE('',*,*,#4894,.T.);
#4894 = EDGE_CURVE('',#3359,#1711,#4895,.T.);
#4895 = SURFACE_CURVE('',#4896,(#4900,#4907),.PCURVE_S1.);
#4896 = LINE('',#4897,#4898);
#4897 = CARTESIAN_POINT('',(-20.5,-82.,30.));
#4898 = VECTOR('',#4899,1.);
#4899 = DIRECTION('',(-0.,-1.,-0.));
#4900 = PCURVE('',#1405,#4901);
#4901 = DEFINITIONAL_REPRESENTATION('',(#4902),#4906);
#4902 = LINE('',#4903,#4904);
#4903 = CARTESIAN_POINT('',(-3.,-7.));
#4904 = VECTOR('',#4905,1.);
#4905 = DIRECTION('',(-0.,-1.));
#4906 = ( GEOMETRIC_REPRESENTATION_CONTEXT(2) 
PARAMETRIC_REPRESENTATION_CONTEXT() REPRESENTATION_CONTEXT('2D SPACE',''
  ) );
#4907 = PCURVE('',#1749,#4908);
#4908 = DEFINITIONAL_REPRESENTATION('',(#4909),#4913);
#4909 = LINE('',#4910,#4911);
#4910 = CARTESIAN_POINT('',(-10.5,-7.));
#4911 = VECTOR('',#4912,1.);
#4912 = DIRECTION('',(-0.,1.));
#4913 = ( GEOMETRIC_REPRESENTATION_CONTEXT(2) 
PARAMETRIC_REPRESENTATION_CONTEXT() REPRESENTATION_CONTEXT('2D SPACE',''
  ) );
#4914 = ORIENTED_EDGE('',*,*,#1710,.T.);
#4915 = ORIENTED_EDGE('',*,*,#4916,.T.);
#4916 = EDGE_CURVE('',#1683,#4917,#4919,.T.);
#4917 = VERTEX_POINT('',#4918);
#4918 = CARTESIAN_POINT('',(-20.5,-89.,47.));
#4919 = SURFACE_CURVE('',#4920,(#4924,#4931),.PCURVE_S1.);
#4920 = LINE('',#4921,#4922);
#4921 = CARTESIAN_POINT('',(-20.5,-93.86486486486,40.189189189189));
#4922 = VECTOR('',#4923,1.);
#4923 = DIRECTION('',(-0.,0.581238193719,0.813733471207));
#4924 = PCURVE('',#1405,#4925);
#4925 = DEFINITIONAL_REPRESENTATION('',(#4926),#4930);
#4926 = LINE('',#4927,#4928);
#4927 = CARTESIAN_POINT('',(-13.18918918918,-18.86486486486));
#4928 = VECTOR('',#4929,1.);
#4929 = DIRECTION('',(-0.813733471207,0.581238193719));
#4930 = ( GEOMETRIC_REPRESENTATION_CONTEXT(2) 
PARAMETRIC_REPRESENTATION_CONTEXT() REPRESENTATION_CONTEXT('2D SPACE',''
  ) );
#4931 = PCURVE('',#1698,#4932);
#4932 = DEFINITIONAL_REPRESENTATION('',(#4933),#4937);
#4933 = LINE('',#4934,#4935);
#4934 = CARTESIAN_POINT('',(-0.232495277488,-84.5));
#4935 = VECTOR('',#4936,1.);
#4936 = DIRECTION('',(-1.,0.));
#4937 = ( GEOMETRIC_REPRESENTATION_CONTEXT(2) 
PARAMETRIC_REPRESENTATION_CONTEXT() REPRESENTATION_CONTEXT('2D SPACE',''
  ) );
#4938 = ORIENTED_EDGE('',*,*,#4939,.T.);
#4939 = EDGE_CURVE('',#4917,#4755,#4940,.T.);
#4940 = SURFACE_CURVE('',#4941,(#4945,#4952),.PCURVE_S1.);
#4941 = LINE('',#4942,#4943);
#4942 = CARTESIAN_POINT('',(-20.5,-85.7,48.1));
#4943 = VECTOR('',#4944,1.);
#4944 = DIRECTION('',(-0.,0.948683298051,0.316227766017));
#4945 = PCURVE('',#1405,#4946);
#4946 = DEFINITIONAL_REPRESENTATION('',(#4947),#4951);
#4947 = LINE('',#4948,#4949);
#4948 = CARTESIAN_POINT('',(-21.1,-10.7));
#4949 = VECTOR('',#4950,1.);
#4950 = DIRECTION('',(-0.316227766017,0.948683298051));
#4951 = ( GEOMETRIC_REPRESENTATION_CONTEXT(2) 
PARAMETRIC_REPRESENTATION_CONTEXT() REPRESENTATION_CONTEXT('2D SPACE',''
  ) );
#4952 = PCURVE('',#2675,#4953);
#4953 = DEFINITIONAL_REPRESENTATION('',(#4954),#4958);
#4954 = LINE('',#4955,#4956);
#4955 = CARTESIAN_POINT('',(-3.478505426185,-84.5));
#4956 = VECTOR('',#4957,1.);
#4957 = DIRECTION('',(-1.,0.));
#4958 = ( GEOMETRIC_REPRESENTATION_CONTEXT(2) 
PARAMETRIC_REPRESENTATION_CONTEXT() REPRESENTATION_CONTEXT('2D SPACE',''
  ) );
#4959 = ORIENTED_EDGE('',*,*,#4754,.T.);
#4960 = ADVANCED_FACE('',(#4961),#1377,.T.);
#4961 = FACE_BOUND('',#4962,.F.);
#4962 = EDGE_LOOP('',(#4963,#4984,#4985,#4986));
#4963 = ORIENTED_EDGE('',*,*,#4964,.F.);
#4964 = EDGE_CURVE('',#1334,#4313,#4965,.T.);
#4965 = SURFACE_CURVE('',#4966,(#4970,#4977),.PCURVE_S1.);
#4966 = LINE('',#4967,#4968);
#4967 = CARTESIAN_POINT('',(-40.5,-75.,27.));
#4968 = VECTOR('',#4969,1.);
#4969 = DIRECTION('',(0.,-1.,0.));
#4970 = PCURVE('',#1377,#4971);
#4971 = DEFINITIONAL_REPRESENTATION('',(#4972),#4976);
#4972 = LINE('',#4973,#4974);
#4973 = CARTESIAN_POINT('',(-0.,-0.));
#4974 = VECTOR('',#4975,1.);
#4975 = DIRECTION('',(-0.,1.));
#4976 = ( GEOMETRIC_REPRESENTATION_CONTEXT(2) 
PARAMETRIC_REPRESENTATION_CONTEXT() REPRESENTATION_CONTEXT('2D SPACE',''
  ) );
#4977 = PCURVE('',#1349,#4978);
#4978 = DEFINITIONAL_REPRESENTATION('',(#4979),#4983);
#4979 = LINE('',#4980,#4981);
#4980 = CARTESIAN_POINT('',(-0.,0.));
#4981 = VECTOR('',#4982,1.);
#4982 = DIRECTION('',(-0.,-1.));
#4983 = ( GEOMETRIC_REPRESENTATION_CONTEXT(2) 
PARAMETRIC_REPRESENTATION_CONTEXT() REPRESENTATION_CONTEXT('2D SPACE',''
  ) );
#4984 = ORIENTED_EDGE('',*,*,#1361,.T.);
#4985 = ORIENTED_EDGE('',*,*,#4804,.T.);
#4986 = ORIENTED_EDGE('',*,*,#4335,.F.);
#4987 = ADVANCED_FACE('',(#4988),#1349,.T.);
#4988 = FACE_BOUND('',#4989,.F.);
#4989 = EDGE_LOOP('',(#4990,#4991,#4992,#4993,#5016,#5039,#5060,#5061,
    #5082,#5083,#5084,#5085));
#4990 = ORIENTED_EDGE('',*,*,#1333,.T.);
#4991 = ORIENTED_EDGE('',*,*,#4964,.T.);
#4992 = ORIENTED_EDGE('',*,*,#4312,.F.);
#4993 = ORIENTED_EDGE('',*,*,#4994,.F.);
#4994 = EDGE_CURVE('',#4995,#4285,#4997,.T.);
#4995 = VERTEX_POINT('',#4996);
#4996 = CARTESIAN_POINT('',(-40.5,-80.,47.6));
#4997 = SURFACE_CURVE('',#4998,(#5002,#5009),.PCURVE_S1.);
#4998 = LINE('',#4999,#5000);
#4999 = CARTESIAN_POINT('',(-40.5,-77.5,47.6));
#5000 = VECTOR('',#5001,1.);
#5001 = DIRECTION('',(-0.,1.,-0.));
#5002 = PCURVE('',#1349,#5003);
#5003 = DEFINITIONAL_REPRESENTATION('',(#5004),#5008);
#5004 = LINE('',#5005,#5006);
#5005 = CARTESIAN_POINT('',(-20.6,-2.5));
#5006 = VECTOR('',#5007,1.);
#5007 = DIRECTION('',(-0.,1.));
#5008 = ( GEOMETRIC_REPRESENTATION_CONTEXT(2) 
PARAMETRIC_REPRESENTATION_CONTEXT() REPRESENTATION_CONTEXT('2D SPACE',''
  ) );
#5009 = PCURVE('',#4300,#5010);
#5010 = DEFINITIONAL_REPRESENTATION('',(#5011),#5015);
#5011 = LINE('',#5012,#5013);
#5012 = CARTESIAN_POINT('',(-2.5,-62.1));
#5013 = VECTOR('',#5014,1.);
#5014 = DIRECTION('',(-1.,0.));
#5015 = ( GEOMETRIC_REPRESENTATION_CONTEXT(2) 
PARAMETRIC_REPRESENTATION_CONTEXT() REPRESENTATION_CONTEXT('2D SPACE',''
  ) );
#5016 = ORIENTED_EDGE('',*,*,#5017,.F.);
#5017 = EDGE_CURVE('',#5018,#4995,#5020,.T.);
#5018 = VERTEX_POINT('',#5019);
#5019 = CARTESIAN_POINT('',(-40.5,-88.,44.6));
#5020 = SURFACE_CURVE('',#5021,(#5025,#5032),.PCURVE_S1.);
#5021 = LINE('',#5022,#5023);
#5022 = CARTESIAN_POINT('',(-40.5,-85.19452054794,45.652054794521));
#5023 = VECTOR('',#5024,1.);
#5024 = DIRECTION('',(-0.,0.936329177569,0.351123441588));
#5025 = PCURVE('',#1349,#5026);
#5026 = DEFINITIONAL_REPRESENTATION('',(#5027),#5031);
#5027 = LINE('',#5028,#5029);
#5028 = CARTESIAN_POINT('',(-18.65205479452,-10.19452054794));
#5029 = VECTOR('',#5030,1.);
#5030 = DIRECTION('',(-0.351123441588,0.936329177569));
#5031 = ( GEOMETRIC_REPRESENTATION_CONTEXT(2) 
PARAMETRIC_REPRESENTATION_CONTEXT() REPRESENTATION_CONTEXT('2D SPACE',''
  ) );
#5032 = PCURVE('',#4188,#5033);
#5033 = DEFINITIONAL_REPRESENTATION('',(#5034),#5038);
#5034 = LINE('',#5035,#5036);
#5035 = CARTESIAN_POINT('',(-2.996253368221,-62.1));
#5036 = VECTOR('',#5037,1.);
#5037 = DIRECTION('',(-1.,0.));
#5038 = ( GEOMETRIC_REPRESENTATION_CONTEXT(2) 
PARAMETRIC_REPRESENTATION_CONTEXT() REPRESENTATION_CONTEXT('2D SPACE',''
  ) );
#5039 = ORIENTED_EDGE('',*,*,#5040,.F.);
#5040 = EDGE_CURVE('',#3285,#5018,#5041,.T.);
#5041 = SURFACE_CURVE('',#5042,(#5046,#5053),.PCURVE_S1.);
#5042 = LINE('',#5043,#5044);
#5043 = CARTESIAN_POINT('',(-40.5,-91.90216606498,38.529963898917));
#5044 = VECTOR('',#5045,1.);
#5045 = DIRECTION('',(-0.,0.540757591313,0.841178475377));
#5046 = PCURVE('',#1349,#5047);
#5047 = DEFINITIONAL_REPRESENTATION('',(#5048),#5052);
#5048 = LINE('',#5049,#5050);
#5049 = CARTESIAN_POINT('',(-11.52996389891,-16.90216606498));
#5050 = VECTOR('',#5051,1.);
#5051 = DIRECTION('',(-0.841178475377,0.540757591313));
#5052 = ( GEOMETRIC_REPRESENTATION_CONTEXT(2) 
PARAMETRIC_REPRESENTATION_CONTEXT() REPRESENTATION_CONTEXT('2D SPACE',''
  ) );
#5053 = PCURVE('',#3300,#5054);
#5054 = DEFINITIONAL_REPRESENTATION('',(#5055),#5059);
#5055 = LINE('',#5056,#5057);
#5056 = CARTESIAN_POINT('',(0.558782844357,-62.1));
#5057 = VECTOR('',#5058,1.);
#5058 = DIRECTION('',(-1.,0.));
#5059 = ( GEOMETRIC_REPRESENTATION_CONTEXT(2) 
PARAMETRIC_REPRESENTATION_CONTEXT() REPRESENTATION_CONTEXT('2D SPACE',''
  ) );
#5060 = ORIENTED_EDGE('',*,*,#3496,.F.);
#5061 = ORIENTED_EDGE('',*,*,#5062,.T.);
#5062 = EDGE_CURVE('',#3474,#1846,#5063,.T.);
#5063 = SURFACE_CURVE('',#5064,(#5068,#5075),.PCURVE_S1.);
#5064 = LINE('',#5065,#5066);
#5065 = CARTESIAN_POINT('',(-40.5,-75.,27.));
#5066 = VECTOR('',#5067,1.);
#5067 = DIRECTION('',(0.,-1.,0.));
#5068 = PCURVE('',#1349,#5069);
#5069 = DEFINITIONAL_REPRESENTATION('',(#5070),#5074);
#5070 = LINE('',#5071,#5072);
#5071 = CARTESIAN_POINT('',(-0.,0.));
#5072 = VECTOR('',#5073,1.);
#5073 = DIRECTION('',(-0.,-1.));
#5074 = ( GEOMETRIC_REPRESENTATION_CONTEXT(2) 
PARAMETRIC_REPRESENTATION_CONTEXT() REPRESENTATION_CONTEXT('2D SPACE',''
  ) );
#5075 = PCURVE('',#1861,#5076);
#5076 = DEFINITIONAL_REPRESENTATION('',(#5077),#5081);
#5077 = LINE('',#5078,#5079);
#5078 = CARTESIAN_POINT('',(-0.,-0.));
#5079 = VECTOR('',#5080,1.);
#5080 = DIRECTION('',(-0.,1.));
#5081 = ( GEOMETRIC_REPRESENTATION_CONTEXT(2) 
PARAMETRIC_REPRESENTATION_CONTEXT() REPRESENTATION_CONTEXT('2D SPACE',''
  ) );
#5082 = ORIENTED_EDGE('',*,*,#1873,.T.);
#5083 = ORIENTED_EDGE('',*,*,#4717,.T.);
#5084 = ORIENTED_EDGE('',*,*,#4639,.T.);
#5085 = ORIENTED_EDGE('',*,*,#4690,.T.);
#5086 = ADVANCED_FACE('',(#5087),#1560,.F.);
#5087 = FACE_BOUND('',#5088,.T.);
#5088 = EDGE_LOOP('',(#5089,#5110,#5111,#5132));
#5089 = ORIENTED_EDGE('',*,*,#5090,.F.);
#5090 = EDGE_CURVE('',#1543,#4405,#5091,.T.);
#5091 = SURFACE_CURVE('',#5092,(#5096,#5103),.PCURVE_S1.);
#5092 = LINE('',#5093,#5094);
#5093 = CARTESIAN_POINT('',(-15.,-75.,40.));
#5094 = VECTOR('',#5095,1.);
#5095 = DIRECTION('',(0.,-1.,0.));
#5096 = PCURVE('',#1560,#5097);
#5097 = DEFINITIONAL_REPRESENTATION('',(#5098),#5102);
#5098 = LINE('',#5099,#5100);
#5099 = CARTESIAN_POINT('',(-0.,-0.));
#5100 = VECTOR('',#5101,1.);
#5101 = DIRECTION('',(-0.,1.));
#5102 = ( GEOMETRIC_REPRESENTATION_CONTEXT(2) 
PARAMETRIC_REPRESENTATION_CONTEXT() REPRESENTATION_CONTEXT('2D SPACE',''
  ) );
#5103 = PCURVE('',#1588,#5104);
#5104 = DEFINITIONAL_REPRESENTATION('',(#5105),#5109);
#5105 = LINE('',#5106,#5107);
#5106 = CARTESIAN_POINT('',(-38.,0.));
#5107 = VECTOR('',#5108,1.);
#5108 = DIRECTION('',(-0.,-1.));
#5109 = ( GEOMETRIC_REPRESENTATION_CONTEXT(2) 
PARAMETRIC_REPRESENTATION_CONTEXT() REPRESENTATION_CONTEXT('2D SPACE',''
  ) );
#5110 = ORIENTED_EDGE('',*,*,#1542,.T.);
#5111 = ORIENTED_EDGE('',*,*,#5112,.T.);
#5112 = EDGE_CURVE('',#1545,#4407,#5113,.T.);
#5113 = SURFACE_CURVE('',#5114,(#5118,#5125),.PCURVE_S1.);
#5114 = LINE('',#5115,#5116);
#5115 = CARTESIAN_POINT('',(23.,-75.,40.));
#5116 = VECTOR('',#5117,1.);
#5117 = DIRECTION('',(0.,-1.,0.));
#5118 = PCURVE('',#1560,#5119);
#5119 = DEFINITIONAL_REPRESENTATION('',(#5120),#5124);
#5120 = LINE('',#5121,#5122);
#5121 = CARTESIAN_POINT('',(-38.,-0.));
#5122 = VECTOR('',#5123,1.);
#5123 = DIRECTION('',(-0.,1.));
#5124 = ( GEOMETRIC_REPRESENTATION_CONTEXT(2) 
PARAMETRIC_REPRESENTATION_CONTEXT() REPRESENTATION_CONTEXT('2D SPACE',''
  ) );
#5125 = PCURVE('',#1642,#5126);
#5126 = DEFINITIONAL_REPRESENTATION('',(#5127),#5131);
#5127 = LINE('',#5128,#5129);
#5128 = CARTESIAN_POINT('',(-38.,0.));
#5129 = VECTOR('',#5130,1.);
#5130 = DIRECTION('',(-0.,-1.));
#5131 = ( GEOMETRIC_REPRESENTATION_CONTEXT(2) 
PARAMETRIC_REPRESENTATION_CONTEXT() REPRESENTATION_CONTEXT('2D SPACE',''
  ) );
#5132 = ORIENTED_EDGE('',*,*,#4404,.F.);
#5133 = ADVANCED_FACE('',(#5134),#1588,.T.);
#5134 = FACE_BOUND('',#5135,.F.);
#5135 = EDGE_LOOP('',(#5136,#5137,#5138,#5159));
#5136 = ORIENTED_EDGE('',*,*,#5090,.F.);
#5137 = ORIENTED_EDGE('',*,*,#1572,.T.);
#5138 = ORIENTED_EDGE('',*,*,#5139,.T.);
#5139 = EDGE_CURVE('',#1573,#4430,#5140,.T.);
#5140 = SURFACE_CURVE('',#5141,(#5145,#5152),.PCURVE_S1.);
#5141 = LINE('',#5142,#5143);
#5142 = CARTESIAN_POINT('',(-15.,-75.,2.));
#5143 = VECTOR('',#5144,1.);
#5144 = DIRECTION('',(0.,-1.,0.));
#5145 = PCURVE('',#1588,#5146);
#5146 = DEFINITIONAL_REPRESENTATION('',(#5147),#5151);
#5147 = LINE('',#5148,#5149);
#5148 = CARTESIAN_POINT('',(-0.,0.));
#5149 = VECTOR('',#5150,1.);
#5150 = DIRECTION('',(-0.,-1.));
#5151 = ( GEOMETRIC_REPRESENTATION_CONTEXT(2) 
PARAMETRIC_REPRESENTATION_CONTEXT() REPRESENTATION_CONTEXT('2D SPACE',''
  ) );
#5152 = PCURVE('',#1616,#5153);
#5153 = DEFINITIONAL_REPRESENTATION('',(#5154),#5158);
#5154 = LINE('',#5155,#5156);
#5155 = CARTESIAN_POINT('',(-0.,-0.));
#5156 = VECTOR('',#5157,1.);
#5157 = DIRECTION('',(-0.,1.));
#5158 = ( GEOMETRIC_REPRESENTATION_CONTEXT(2) 
PARAMETRIC_REPRESENTATION_CONTEXT() REPRESENTATION_CONTEXT('2D SPACE',''
  ) );
#5159 = ORIENTED_EDGE('',*,*,#4429,.F.);
#5160 = ADVANCED_FACE('',(#5161),#1642,.F.);
#5161 = FACE_BOUND('',#5162,.T.);
#5162 = EDGE_LOOP('',(#5163,#5164,#5165,#5186));
#5163 = ORIENTED_EDGE('',*,*,#5112,.F.);
#5164 = ORIENTED_EDGE('',*,*,#1628,.T.);
#5165 = ORIENTED_EDGE('',*,*,#5166,.T.);
#5166 = EDGE_CURVE('',#1601,#4453,#5167,.T.);
#5167 = SURFACE_CURVE('',#5168,(#5172,#5179),.PCURVE_S1.);
#5168 = LINE('',#5169,#5170);
#5169 = CARTESIAN_POINT('',(23.,-75.,2.));
#5170 = VECTOR('',#5171,1.);
#5171 = DIRECTION('',(0.,-1.,0.));
#5172 = PCURVE('',#1642,#5173);
#5173 = DEFINITIONAL_REPRESENTATION('',(#5174),#5178);
#5174 = LINE('',#5175,#5176);
#5175 = CARTESIAN_POINT('',(-0.,0.));
#5176 = VECTOR('',#5177,1.);
#5177 = DIRECTION('',(-0.,-1.));
#5178 = ( GEOMETRIC_REPRESENTATION_CONTEXT(2) 
PARAMETRIC_REPRESENTATION_CONTEXT() REPRESENTATION_CONTEXT('2D SPACE',''
  ) );
#5179 = PCURVE('',#1616,#5180);
#5180 = DEFINITIONAL_REPRESENTATION('',(#5181),#5185);
#5181 = LINE('',#5182,#5183);
#5182 = CARTESIAN_POINT('',(-38.,-0.));
#5183 = VECTOR('',#5184,1.);
#5184 = DIRECTION('',(-0.,1.));
#5185 = ( GEOMETRIC_REPRESENTATION_CONTEXT(2) 
PARAMETRIC_REPRESENTATION_CONTEXT() REPRESENTATION_CONTEXT('2D SPACE',''
  ) );
#5186 = ORIENTED_EDGE('',*,*,#4475,.F.);
#5187 = ADVANCED_FACE('',(#5188),#1616,.T.);
#5188 = FACE_BOUND('',#5189,.F.);
#5189 = EDGE_LOOP('',(#5190,#5191,#5192,#5193));
#5190 = ORIENTED_EDGE('',*,*,#5139,.F.);
#5191 = ORIENTED_EDGE('',*,*,#1600,.T.);
#5192 = ORIENTED_EDGE('',*,*,#5166,.T.);
#5193 = ORIENTED_EDGE('',*,*,#4452,.F.);
#5194 = ADVANCED_FACE('',(#5195),#1861,.T.);
#5195 = FACE_BOUND('',#5196,.F.);
#5196 = EDGE_LOOP('',(#5197,#5198,#5199,#5220));
#5197 = ORIENTED_EDGE('',*,*,#5062,.F.);
#5198 = ORIENTED_EDGE('',*,*,#3473,.F.);
#5199 = ORIENTED_EDGE('',*,*,#5200,.F.);
#5200 = EDGE_CURVE('',#1818,#3451,#5201,.T.);
#5201 = SURFACE_CURVE('',#5202,(#5206,#5213),.PCURVE_S1.);
#5202 = LINE('',#5203,#5204);
#5203 = CARTESIAN_POINT('',(-31.,-82.,27.));
#5204 = VECTOR('',#5205,1.);
#5205 = DIRECTION('',(-0.,1.,-0.));
#5206 = PCURVE('',#1861,#5207);
#5207 = DEFINITIONAL_REPRESENTATION('',(#5208),#5212);
#5208 = LINE('',#5209,#5210);
#5209 = CARTESIAN_POINT('',(-9.5,7.));
#5210 = VECTOR('',#5211,1.);
#5211 = DIRECTION('',(-0.,-1.));
#5212 = ( GEOMETRIC_REPRESENTATION_CONTEXT(2) 
PARAMETRIC_REPRESENTATION_CONTEXT() REPRESENTATION_CONTEXT('2D SPACE',''
  ) );
#5213 = PCURVE('',#1833,#5214);
#5214 = DEFINITIONAL_REPRESENTATION('',(#5215),#5219);
#5215 = LINE('',#5216,#5217);
#5216 = CARTESIAN_POINT('',(-17.,7.));
#5217 = VECTOR('',#5218,1.);
#5218 = DIRECTION('',(-0.,1.));
#5219 = ( GEOMETRIC_REPRESENTATION_CONTEXT(2) 
PARAMETRIC_REPRESENTATION_CONTEXT() REPRESENTATION_CONTEXT('2D SPACE',''
  ) );
#5220 = ORIENTED_EDGE('',*,*,#1845,.T.);
#5221 = ADVANCED_FACE('',(#5222),#1833,.T.);
#5222 = FACE_BOUND('',#5223,.F.);
#5223 = EDGE_LOOP('',(#5224,#5225,#5226,#5247));
#5224 = ORIENTED_EDGE('',*,*,#5200,.T.);
#5225 = ORIENTED_EDGE('',*,*,#3450,.F.);
#5226 = ORIENTED_EDGE('',*,*,#5227,.T.);
#5227 = EDGE_CURVE('',#3428,#1790,#5228,.T.);
#5228 = SURFACE_CURVE('',#5229,(#5233,#5240),.PCURVE_S1.);
#5229 = LINE('',#5230,#5231);
#5230 = CARTESIAN_POINT('',(-31.,-89.,10.));
#5231 = VECTOR('',#5232,1.);
#5232 = DIRECTION('',(0.,-1.,0.));
#5233 = PCURVE('',#1833,#5234);
#5234 = DEFINITIONAL_REPRESENTATION('',(#5235),#5239);
#5235 = LINE('',#5236,#5237);
#5236 = CARTESIAN_POINT('',(-0.,0.));
#5237 = VECTOR('',#5238,1.);
#5238 = DIRECTION('',(-0.,-1.));
#5239 = ( GEOMETRIC_REPRESENTATION_CONTEXT(2) 
PARAMETRIC_REPRESENTATION_CONTEXT() REPRESENTATION_CONTEXT('2D SPACE',''
  ) );
#5240 = PCURVE('',#1805,#5241);
#5241 = DEFINITIONAL_REPRESENTATION('',(#5242),#5246);
#5242 = LINE('',#5243,#5244);
#5243 = CARTESIAN_POINT('',(-0.,-0.));
#5244 = VECTOR('',#5245,1.);
#5245 = DIRECTION('',(-0.,1.));
#5246 = ( GEOMETRIC_REPRESENTATION_CONTEXT(2) 
PARAMETRIC_REPRESENTATION_CONTEXT() REPRESENTATION_CONTEXT('2D SPACE',''
  ) );
#5247 = ORIENTED_EDGE('',*,*,#1817,.T.);
#5248 = ADVANCED_FACE('',(#5249),#1805,.T.);
#5249 = FACE_BOUND('',#5250,.F.);
#5250 = EDGE_LOOP('',(#5251,#5252,#5253,#5274));
#5251 = ORIENTED_EDGE('',*,*,#5227,.F.);
#5252 = ORIENTED_EDGE('',*,*,#3427,.F.);
#5253 = ORIENTED_EDGE('',*,*,#5254,.T.);
#5254 = EDGE_CURVE('',#3405,#1762,#5255,.T.);
#5255 = SURFACE_CURVE('',#5256,(#5260,#5267),.PCURVE_S1.);
#5256 = LINE('',#5257,#5258);
#5257 = CARTESIAN_POINT('',(-19.,-89.,10.));
#5258 = VECTOR('',#5259,1.);
#5259 = DIRECTION('',(0.,-1.,0.));
#5260 = PCURVE('',#1805,#5261);
#5261 = DEFINITIONAL_REPRESENTATION('',(#5262),#5266);
#5262 = LINE('',#5263,#5264);
#5263 = CARTESIAN_POINT('',(-12.,-0.));
#5264 = VECTOR('',#5265,1.);
#5265 = DIRECTION('',(-0.,1.));
#5266 = ( GEOMETRIC_REPRESENTATION_CONTEXT(2) 
PARAMETRIC_REPRESENTATION_CONTEXT() REPRESENTATION_CONTEXT('2D SPACE',''
  ) );
#5267 = PCURVE('',#1777,#5268);
#5268 = DEFINITIONAL_REPRESENTATION('',(#5269),#5273);
#5269 = LINE('',#5270,#5271);
#5270 = CARTESIAN_POINT('',(-0.,0.));
#5271 = VECTOR('',#5272,1.);
#5272 = DIRECTION('',(-0.,-1.));
#5273 = ( GEOMETRIC_REPRESENTATION_CONTEXT(2) 
PARAMETRIC_REPRESENTATION_CONTEXT() REPRESENTATION_CONTEXT('2D SPACE',''
  ) );
#5274 = ORIENTED_EDGE('',*,*,#1789,.T.);
#5275 = ADVANCED_FACE('',(#5276),#1777,.F.);
#5276 = FACE_BOUND('',#5277,.T.);
#5277 = EDGE_LOOP('',(#5278,#5299,#5300,#5301));
#5278 = ORIENTED_EDGE('',*,*,#5279,.F.);
#5279 = EDGE_CURVE('',#3382,#1734,#5280,.T.);
#5280 = SURFACE_CURVE('',#5281,(#5285,#5292),.PCURVE_S1.);
#5281 = LINE('',#5282,#5283);
#5282 = CARTESIAN_POINT('',(-19.,-89.,30.));
#5283 = VECTOR('',#5284,1.);
#5284 = DIRECTION('',(0.,-1.,0.));
#5285 = PCURVE('',#1777,#5286);
#5286 = DEFINITIONAL_REPRESENTATION('',(#5287),#5291);
#5287 = LINE('',#5288,#5289);
#5288 = CARTESIAN_POINT('',(-20.,0.));
#5289 = VECTOR('',#5290,1.);
#5290 = DIRECTION('',(-0.,-1.));
#5291 = ( GEOMETRIC_REPRESENTATION_CONTEXT(2) 
PARAMETRIC_REPRESENTATION_CONTEXT() REPRESENTATION_CONTEXT('2D SPACE',''
  ) );
#5292 = PCURVE('',#1749,#5293);
#5293 = DEFINITIONAL_REPRESENTATION('',(#5294),#5298);
#5294 = LINE('',#5295,#5296);
#5295 = CARTESIAN_POINT('',(-12.,-0.));
#5296 = VECTOR('',#5297,1.);
#5297 = DIRECTION('',(-0.,1.));
#5298 = ( GEOMETRIC_REPRESENTATION_CONTEXT(2) 
PARAMETRIC_REPRESENTATION_CONTEXT() REPRESENTATION_CONTEXT('2D SPACE',''
  ) );
#5299 = ORIENTED_EDGE('',*,*,#3404,.F.);
#5300 = ORIENTED_EDGE('',*,*,#5254,.T.);
#5301 = ORIENTED_EDGE('',*,*,#1761,.T.);
#5302 = ADVANCED_FACE('',(#5303),#1749,.F.);
#5303 = FACE_BOUND('',#5304,.T.);
#5304 = EDGE_LOOP('',(#5305,#5306,#5307,#5308));
#5305 = ORIENTED_EDGE('',*,*,#4894,.F.);
#5306 = ORIENTED_EDGE('',*,*,#3381,.F.);
#5307 = ORIENTED_EDGE('',*,*,#5279,.T.);
#5308 = ORIENTED_EDGE('',*,*,#1733,.T.);
#5309 = ADVANCED_FACE('',(#5310),#1698,.F.);
#5310 = FACE_BOUND('',#5311,.T.);
#5311 = EDGE_LOOP('',(#5312,#5313,#5314,#5315,#5338,#5366,#5394,#5422,
    #5445,#5473,#5501,#5529));
#5312 = ORIENTED_EDGE('',*,*,#4916,.F.);
#5313 = ORIENTED_EDGE('',*,*,#1682,.T.);
#5314 = ORIENTED_EDGE('',*,*,#2710,.F.);
#5315 = ORIENTED_EDGE('',*,*,#5316,.F.);
#5316 = EDGE_CURVE('',#5317,#2656,#5319,.T.);
#5317 = VERTEX_POINT('',#5318);
#5318 = CARTESIAN_POINT('',(72.75,-89.,47.));
#5319 = SURFACE_CURVE('',#5320,(#5324,#5331),.PCURVE_S1.);
#5320 = LINE('',#5321,#5322);
#5321 = CARTESIAN_POINT('',(-105.,-89.,47.));
#5322 = VECTOR('',#5323,1.);
#5323 = DIRECTION('',(1.,-0.,-0.));
#5324 = PCURVE('',#1698,#5325);
#5325 = DEFINITIONAL_REPRESENTATION('',(#5326),#5330);
#5326 = LINE('',#5327,#5328);
#5327 = CARTESIAN_POINT('',(-8.602325267043,0.));
#5328 = VECTOR('',#5329,1.);
#5329 = DIRECTION('',(-0.,-1.));
#5330 = ( GEOMETRIC_REPRESENTATION_CONTEXT(2) 
PARAMETRIC_REPRESENTATION_CONTEXT() REPRESENTATION_CONTEXT('2D SPACE',''
  ) );
#5331 = PCURVE('',#2675,#5332);
#5332 = DEFINITIONAL_REPRESENTATION('',(#5333),#5337);
#5333 = LINE('',#5334,#5335);
#5334 = CARTESIAN_POINT('',(-0.,0.));
#5335 = VECTOR('',#5336,1.);
#5336 = DIRECTION('',(-0.,-1.));
#5337 = ( GEOMETRIC_REPRESENTATION_CONTEXT(2) 
PARAMETRIC_REPRESENTATION_CONTEXT() REPRESENTATION_CONTEXT('2D SPACE',''
  ) );
#5338 = ORIENTED_EDGE('',*,*,#5339,.F.);
#5339 = EDGE_CURVE('',#5340,#5317,#5342,.T.);
#5340 = VERTEX_POINT('',#5341);
#5341 = CARTESIAN_POINT('',(72.75,-90.1,45.46));
#5342 = SURFACE_CURVE('',#5343,(#5347,#5354),.PCURVE_S1.);
#5343 = LINE('',#5344,#5345);
#5344 = CARTESIAN_POINT('',(72.75,-92.49662162162,42.10472972973));
#5345 = VECTOR('',#5346,1.);
#5346 = DIRECTION('',(-0.,0.581238193719,0.813733471207));
#5347 = PCURVE('',#1698,#5348);
#5348 = DEFINITIONAL_REPRESENTATION('',(#5349),#5353);
#5349 = LINE('',#5350,#5351);
#5350 = CARTESIAN_POINT('',(-2.58650996205,-177.75));
#5351 = VECTOR('',#5352,1.);
#5352 = DIRECTION('',(-1.,0.));
#5353 = ( GEOMETRIC_REPRESENTATION_CONTEXT(2) 
PARAMETRIC_REPRESENTATION_CONTEXT() REPRESENTATION_CONTEXT('2D SPACE',''
  ) );
#5354 = PCURVE('',#5355,#5360);
#5355 = PLANE('',#5356);
#5356 = AXIS2_PLACEMENT_3D('',#5357,#5358,#5359);
#5357 = CARTESIAN_POINT('',(72.75,-87.9,42.));
#5358 = DIRECTION('',(1.,0.,-0.));
#5359 = DIRECTION('',(0.,0.,-1.));
#5360 = DEFINITIONAL_REPRESENTATION('',(#5361),#5365);
#5361 = LINE('',#5362,#5363);
#5362 = CARTESIAN_POINT('',(-0.10472972973,-4.596621621622));
#5363 = VECTOR('',#5364,1.);
#5364 = DIRECTION('',(-0.813733471207,0.581238193719));
#5365 = ( GEOMETRIC_REPRESENTATION_CONTEXT(2) 
PARAMETRIC_REPRESENTATION_CONTEXT() REPRESENTATION_CONTEXT('2D SPACE',''
  ) );
#5366 = ORIENTED_EDGE('',*,*,#5367,.F.);
#5367 = EDGE_CURVE('',#5368,#5340,#5370,.T.);
#5368 = VERTEX_POINT('',#5369);
#5369 = CARTESIAN_POINT('',(67.25,-90.1,45.46));
#5370 = SURFACE_CURVE('',#5371,(#5375,#5382),.PCURVE_S1.);
#5371 = LINE('',#5372,#5373);
#5372 = CARTESIAN_POINT('',(-18.875,-90.1,45.46));
#5373 = VECTOR('',#5374,1.);
#5374 = DIRECTION('',(1.,-0.,-0.));
#5375 = PCURVE('',#1698,#5376);
#5376 = DEFINITIONAL_REPRESENTATION('',(#5377),#5381);
#5377 = LINE('',#5378,#5379);
#5378 = CARTESIAN_POINT('',(-6.709813708293,-86.125));
#5379 = VECTOR('',#5380,1.);
#5380 = DIRECTION('',(-0.,-1.));
#5381 = ( GEOMETRIC_REPRESENTATION_CONTEXT(2) 
PARAMETRIC_REPRESENTATION_CONTEXT() REPRESENTATION_CONTEXT('2D SPACE',''
  ) );
#5382 = PCURVE('',#5383,#5388);
#5383 = PLANE('',#5384);
#5384 = AXIS2_PLACEMENT_3D('',#5385,#5386,#5387);
#5385 = CARTESIAN_POINT('',(67.25,-90.1,42.));
#5386 = DIRECTION('',(0.,-1.,0.));
#5387 = DIRECTION('',(0.,0.,-1.));
#5388 = DEFINITIONAL_REPRESENTATION('',(#5389),#5393);
#5389 = LINE('',#5390,#5391);
#5390 = CARTESIAN_POINT('',(-3.46,-86.125));
#5391 = VECTOR('',#5392,1.);
#5392 = DIRECTION('',(-0.,1.));
#5393 = ( GEOMETRIC_REPRESENTATION_CONTEXT(2) 
PARAMETRIC_REPRESENTATION_CONTEXT() REPRESENTATION_CONTEXT('2D SPACE',''
  ) );
#5394 = ORIENTED_EDGE('',*,*,#5395,.T.);
#5395 = EDGE_CURVE('',#5368,#5396,#5398,.T.);
#5396 = VERTEX_POINT('',#5397);
#5397 = CARTESIAN_POINT('',(67.25,-89.,47.));
#5398 = SURFACE_CURVE('',#5399,(#5403,#5410),.PCURVE_S1.);
#5399 = LINE('',#5400,#5401);
#5400 = CARTESIAN_POINT('',(67.25,-92.49662162162,42.10472972973));
#5401 = VECTOR('',#5402,1.);
#5402 = DIRECTION('',(-0.,0.581238193719,0.813733471207));
#5403 = PCURVE('',#1698,#5404);
#5404 = DEFINITIONAL_REPRESENTATION('',(#5405),#5409);
#5405 = LINE('',#5406,#5407);
#5406 = CARTESIAN_POINT('',(-2.58650996205,-172.25));
#5407 = VECTOR('',#5408,1.);
#5408 = DIRECTION('',(-1.,0.));
#5409 = ( GEOMETRIC_REPRESENTATION_CONTEXT(2) 
PARAMETRIC_REPRESENTATION_CONTEXT() REPRESENTATION_CONTEXT('2D SPACE',''
  ) );
#5410 = PCURVE('',#5411,#5416);
#5411 = PLANE('',#5412);
#5412 = AXIS2_PLACEMENT_3D('',#5413,#5414,#5415);
#5413 = CARTESIAN_POINT('',(67.25,-87.9,42.));
#5414 = DIRECTION('',(1.,0.,-0.));
#5415 = DIRECTION('',(0.,0.,-1.));
#5416 = DEFINITIONAL_REPRESENTATION('',(#5417),#5421);
#5417 = LINE('',#5418,#5419);
#5418 = CARTESIAN_POINT('',(-0.10472972973,-4.596621621622));
#5419 = VECTOR('',#5420,1.);
#5420 = DIRECTION('',(-0.813733471207,0.581238193719));
#5421 = ( GEOMETRIC_REPRESENTATION_CONTEXT(2) 
PARAMETRIC_REPRESENTATION_CONTEXT() REPRESENTATION_CONTEXT('2D SPACE',''
  ) );
#5422 = ORIENTED_EDGE('',*,*,#5423,.F.);
#5423 = EDGE_CURVE('',#5424,#5396,#5426,.T.);
#5424 = VERTEX_POINT('',#5425);
#5425 = CARTESIAN_POINT('',(6.75,-89.,47.));
#5426 = SURFACE_CURVE('',#5427,(#5431,#5438),.PCURVE_S1.);
#5427 = LINE('',#5428,#5429);
#5428 = CARTESIAN_POINT('',(-105.,-89.,47.));
#5429 = VECTOR('',#5430,1.);
#5430 = DIRECTION('',(1.,-0.,-0.));
#5431 = PCURVE('',#1698,#5432);
#5432 = DEFINITIONAL_REPRESENTATION('',(#5433),#5437);
#5433 = LINE('',#5434,#5435);
#5434 = CARTESIAN_POINT('',(-8.602325267043,0.));
#5435 = VECTOR('',#5436,1.);
#5436 = DIRECTION('',(-0.,-1.));
#5437 = ( GEOMETRIC_REPRESENTATION_CONTEXT(2) 
PARAMETRIC_REPRESENTATION_CONTEXT() REPRESENTATION_CONTEXT('2D SPACE',''
  ) );
#5438 = PCURVE('',#2675,#5439);
#5439 = DEFINITIONAL_REPRESENTATION('',(#5440),#5444);
#5440 = LINE('',#5441,#5442);
#5441 = CARTESIAN_POINT('',(-0.,0.));
#5442 = VECTOR('',#5443,1.);
#5443 = DIRECTION('',(-0.,-1.));
#5444 = ( GEOMETRIC_REPRESENTATION_CONTEXT(2) 
PARAMETRIC_REPRESENTATION_CONTEXT() REPRESENTATION_CONTEXT('2D SPACE',''
  ) );
#5445 = ORIENTED_EDGE('',*,*,#5446,.F.);
#5446 = EDGE_CURVE('',#5447,#5424,#5449,.T.);
#5447 = VERTEX_POINT('',#5448);
#5448 = CARTESIAN_POINT('',(6.75,-90.1,45.46));
#5449 = SURFACE_CURVE('',#5450,(#5454,#5461),.PCURVE_S1.);
#5450 = LINE('',#5451,#5452);
#5451 = CARTESIAN_POINT('',(6.75,-92.49662162162,42.10472972973));
#5452 = VECTOR('',#5453,1.);
#5453 = DIRECTION('',(-0.,0.581238193719,0.813733471207));
#5454 = PCURVE('',#1698,#5455);
#5455 = DEFINITIONAL_REPRESENTATION('',(#5456),#5460);
#5456 = LINE('',#5457,#5458);
#5457 = CARTESIAN_POINT('',(-2.58650996205,-111.75));
#5458 = VECTOR('',#5459,1.);
#5459 = DIRECTION('',(-1.,0.));
#5460 = ( GEOMETRIC_REPRESENTATION_CONTEXT(2) 
PARAMETRIC_REPRESENTATION_CONTEXT() REPRESENTATION_CONTEXT('2D SPACE',''
  ) );
#5461 = PCURVE('',#5462,#5467);
#5462 = PLANE('',#5463);
#5463 = AXIS2_PLACEMENT_3D('',#5464,#5465,#5466);
#5464 = CARTESIAN_POINT('',(6.75,-87.9,42.));
#5465 = DIRECTION('',(1.,0.,-0.));
#5466 = DIRECTION('',(0.,0.,-1.));
#5467 = DEFINITIONAL_REPRESENTATION('',(#5468),#5472);
#5468 = LINE('',#5469,#5470);
#5469 = CARTESIAN_POINT('',(-0.10472972973,-4.596621621622));
#5470 = VECTOR('',#5471,1.);
#5471 = DIRECTION('',(-0.813733471207,0.581238193719));
#5472 = ( GEOMETRIC_REPRESENTATION_CONTEXT(2) 
PARAMETRIC_REPRESENTATION_CONTEXT() REPRESENTATION_CONTEXT('2D SPACE',''
  ) );
#5473 = ORIENTED_EDGE('',*,*,#5474,.F.);
#5474 = EDGE_CURVE('',#5475,#5447,#5477,.T.);
#5475 = VERTEX_POINT('',#5476);
#5476 = CARTESIAN_POINT('',(1.25,-90.1,45.46));
#5477 = SURFACE_CURVE('',#5478,(#5482,#5489),.PCURVE_S1.);
#5478 = LINE('',#5479,#5480);
#5479 = CARTESIAN_POINT('',(-51.875,-90.1,45.46));
#5480 = VECTOR('',#5481,1.);
#5481 = DIRECTION('',(1.,-0.,-0.));
#5482 = PCURVE('',#1698,#5483);
#5483 = DEFINITIONAL_REPRESENTATION('',(#5484),#5488);
#5484 = LINE('',#5485,#5486);
#5485 = CARTESIAN_POINT('',(-6.709813708293,-53.125));
#5486 = VECTOR('',#5487,1.);
#5487 = DIRECTION('',(-0.,-1.));
#5488 = ( GEOMETRIC_REPRESENTATION_CONTEXT(2) 
PARAMETRIC_REPRESENTATION_CONTEXT() REPRESENTATION_CONTEXT('2D SPACE',''
  ) );
#5489 = PCURVE('',#5490,#5495);
#5490 = PLANE('',#5491);
#5491 = AXIS2_PLACEMENT_3D('',#5492,#5493,#5494);
#5492 = CARTESIAN_POINT('',(1.25,-90.1,42.));
#5493 = DIRECTION('',(0.,-1.,0.));
#5494 = DIRECTION('',(0.,0.,-1.));
#5495 = DEFINITIONAL_REPRESENTATION('',(#5496),#5500);
#5496 = LINE('',#5497,#5498);
#5497 = CARTESIAN_POINT('',(-3.46,-53.125));
#5498 = VECTOR('',#5499,1.);
#5499 = DIRECTION('',(-0.,1.));
#5500 = ( GEOMETRIC_REPRESENTATION_CONTEXT(2) 
PARAMETRIC_REPRESENTATION_CONTEXT() REPRESENTATION_CONTEXT('2D SPACE',''
  ) );
#5501 = ORIENTED_EDGE('',*,*,#5502,.T.);
#5502 = EDGE_CURVE('',#5475,#5503,#5505,.T.);
#5503 = VERTEX_POINT('',#5504);
#5504 = CARTESIAN_POINT('',(1.25,-89.,47.));
#5505 = SURFACE_CURVE('',#5506,(#5510,#5517),.PCURVE_S1.);
#5506 = LINE('',#5507,#5508);
#5507 = CARTESIAN_POINT('',(1.25,-92.49662162162,42.10472972973));
#5508 = VECTOR('',#5509,1.);
#5509 = DIRECTION('',(-0.,0.581238193719,0.813733471207));
#5510 = PCURVE('',#1698,#5511);
#5511 = DEFINITIONAL_REPRESENTATION('',(#5512),#5516);
#5512 = LINE('',#5513,#5514);
#5513 = CARTESIAN_POINT('',(-2.58650996205,-106.25));
#5514 = VECTOR('',#5515,1.);
#5515 = DIRECTION('',(-1.,0.));
#5516 = ( GEOMETRIC_REPRESENTATION_CONTEXT(2) 
PARAMETRIC_REPRESENTATION_CONTEXT() REPRESENTATION_CONTEXT('2D SPACE',''
  ) );
#5517 = PCURVE('',#5518,#5523);
#5518 = PLANE('',#5519);
#5519 = AXIS2_PLACEMENT_3D('',#5520,#5521,#5522);
#5520 = CARTESIAN_POINT('',(1.25,-87.9,42.));
#5521 = DIRECTION('',(1.,0.,-0.));
#5522 = DIRECTION('',(0.,0.,-1.));
#5523 = DEFINITIONAL_REPRESENTATION('',(#5524),#5528);
#5524 = LINE('',#5525,#5526);
#5525 = CARTESIAN_POINT('',(-0.10472972973,-4.596621621622));
#5526 = VECTOR('',#5527,1.);
#5527 = DIRECTION('',(-0.813733471207,0.581238193719));
#5528 = ( GEOMETRIC_REPRESENTATION_CONTEXT(2) 
PARAMETRIC_REPRESENTATION_CONTEXT() REPRESENTATION_CONTEXT('2D SPACE',''
  ) );
#5529 = ORIENTED_EDGE('',*,*,#5530,.F.);
#5530 = EDGE_CURVE('',#4917,#5503,#5531,.T.);
#5531 = SURFACE_CURVE('',#5532,(#5536,#5543),.PCURVE_S1.);
#5532 = LINE('',#5533,#5534);
#5533 = CARTESIAN_POINT('',(-105.,-89.,47.));
#5534 = VECTOR('',#5535,1.);
#5535 = DIRECTION('',(1.,-0.,-0.));
#5536 = PCURVE('',#1698,#5537);
#5537 = DEFINITIONAL_REPRESENTATION('',(#5538),#5542);
#5538 = LINE('',#5539,#5540);
#5539 = CARTESIAN_POINT('',(-8.602325267043,0.));
#5540 = VECTOR('',#5541,1.);
#5541 = DIRECTION('',(-0.,-1.));
#5542 = ( GEOMETRIC_REPRESENTATION_CONTEXT(2) 
PARAMETRIC_REPRESENTATION_CONTEXT() REPRESENTATION_CONTEXT('2D SPACE',''
  ) );
#5543 = PCURVE('',#2675,#5544);
#5544 = DEFINITIONAL_REPRESENTATION('',(#5545),#5549);
#5545 = LINE('',#5546,#5547);
#5546 = CARTESIAN_POINT('',(-0.,0.));
#5547 = VECTOR('',#5548,1.);
#5548 = DIRECTION('',(-0.,-1.));
#5549 = ( GEOMETRIC_REPRESENTATION_CONTEXT(2) 
PARAMETRIC_REPRESENTATION_CONTEXT() REPRESENTATION_CONTEXT('2D SPACE',''
  ) );
#5550 = ADVANCED_FACE('',(#5551),#1937,.T.);
#5551 = FACE_BOUND('',#5552,.F.);
#5552 = EDGE_LOOP('',(#5553,#5574,#5575,#5596));
#5553 = ORIENTED_EDGE('',*,*,#5554,.F.);
#5554 = EDGE_CURVE('',#3522,#1922,#5555,.T.);
#5555 = SURFACE_CURVE('',#5556,(#5560,#5567),.PCURVE_S1.);
#5556 = LINE('',#5557,#5558);
#5557 = CARTESIAN_POINT('',(57.,-89.,10.));
#5558 = VECTOR('',#5559,1.);
#5559 = DIRECTION('',(0.,-1.,0.));
#5560 = PCURVE('',#1937,#5561);
#5561 = DEFINITIONAL_REPRESENTATION('',(#5562),#5566);
#5562 = LINE('',#5563,#5564);
#5563 = CARTESIAN_POINT('',(-0.,-0.));
#5564 = VECTOR('',#5565,1.);
#5565 = DIRECTION('',(-0.,1.));
#5566 = ( GEOMETRIC_REPRESENTATION_CONTEXT(2) 
PARAMETRIC_REPRESENTATION_CONTEXT() REPRESENTATION_CONTEXT('2D SPACE',''
  ) );
#5567 = PCURVE('',#1965,#5568);
#5568 = DEFINITIONAL_REPRESENTATION('',(#5569),#5573);
#5569 = LINE('',#5570,#5571);
#5570 = CARTESIAN_POINT('',(-0.,0.));
#5571 = VECTOR('',#5572,1.);
#5572 = DIRECTION('',(-0.,-1.));
#5573 = ( GEOMETRIC_REPRESENTATION_CONTEXT(2) 
PARAMETRIC_REPRESENTATION_CONTEXT() REPRESENTATION_CONTEXT('2D SPACE',''
  ) );
#5574 = ORIENTED_EDGE('',*,*,#3519,.F.);
#5575 = ORIENTED_EDGE('',*,*,#5576,.T.);
#5576 = EDGE_CURVE('',#3520,#1920,#5577,.T.);
#5577 = SURFACE_CURVE('',#5578,(#5582,#5589),.PCURVE_S1.);
#5578 = LINE('',#5579,#5580);
#5579 = CARTESIAN_POINT('',(69.,-89.,10.));
#5580 = VECTOR('',#5581,1.);
#5581 = DIRECTION('',(0.,-1.,0.));
#5582 = PCURVE('',#1937,#5583);
#5583 = DEFINITIONAL_REPRESENTATION('',(#5584),#5588);
#5584 = LINE('',#5585,#5586);
#5585 = CARTESIAN_POINT('',(-12.,-0.));
#5586 = VECTOR('',#5587,1.);
#5587 = DIRECTION('',(-0.,1.));
#5588 = ( GEOMETRIC_REPRESENTATION_CONTEXT(2) 
PARAMETRIC_REPRESENTATION_CONTEXT() REPRESENTATION_CONTEXT('2D SPACE',''
  ) );
#5589 = PCURVE('',#2019,#5590);
#5590 = DEFINITIONAL_REPRESENTATION('',(#5591),#5595);
#5591 = LINE('',#5592,#5593);
#5592 = CARTESIAN_POINT('',(-0.,0.));
#5593 = VECTOR('',#5594,1.);
#5594 = DIRECTION('',(-0.,-1.));
#5595 = ( GEOMETRIC_REPRESENTATION_CONTEXT(2) 
PARAMETRIC_REPRESENTATION_CONTEXT() REPRESENTATION_CONTEXT('2D SPACE',''
  ) );
#5596 = ORIENTED_EDGE('',*,*,#1919,.T.);
#5597 = ADVANCED_FACE('',(#5598),#2019,.F.);
#5598 = FACE_BOUND('',#5599,.T.);
#5599 = EDGE_LOOP('',(#5600,#5621,#5622,#5623));
#5600 = ORIENTED_EDGE('',*,*,#5601,.F.);
#5601 = EDGE_CURVE('',#3568,#1978,#5602,.T.);
#5602 = SURFACE_CURVE('',#5603,(#5607,#5614),.PCURVE_S1.);
#5603 = LINE('',#5604,#5605);
#5604 = CARTESIAN_POINT('',(69.,-89.,30.));
#5605 = VECTOR('',#5606,1.);
#5606 = DIRECTION('',(0.,-1.,0.));
#5607 = PCURVE('',#2019,#5608);
#5608 = DEFINITIONAL_REPRESENTATION('',(#5609),#5613);
#5609 = LINE('',#5610,#5611);
#5610 = CARTESIAN_POINT('',(-20.,0.));
#5611 = VECTOR('',#5612,1.);
#5612 = DIRECTION('',(-0.,-1.));
#5613 = ( GEOMETRIC_REPRESENTATION_CONTEXT(2) 
PARAMETRIC_REPRESENTATION_CONTEXT() REPRESENTATION_CONTEXT('2D SPACE',''
  ) );
#5614 = PCURVE('',#1993,#5615);
#5615 = DEFINITIONAL_REPRESENTATION('',(#5616),#5620);
#5616 = LINE('',#5617,#5618);
#5617 = CARTESIAN_POINT('',(-12.,-0.));
#5618 = VECTOR('',#5619,1.);
#5619 = DIRECTION('',(-0.,1.));
#5620 = ( GEOMETRIC_REPRESENTATION_CONTEXT(2) 
PARAMETRIC_REPRESENTATION_CONTEXT() REPRESENTATION_CONTEXT('2D SPACE',''
  ) );
#5621 = ORIENTED_EDGE('',*,*,#3590,.F.);
#5622 = ORIENTED_EDGE('',*,*,#5576,.T.);
#5623 = ORIENTED_EDGE('',*,*,#2005,.T.);
#5624 = ADVANCED_FACE('',(#5625),#1965,.T.);
#5625 = FACE_BOUND('',#5626,.F.);
#5626 = EDGE_LOOP('',(#5627,#5648,#5649,#5650));
#5627 = ORIENTED_EDGE('',*,*,#5628,.F.);
#5628 = EDGE_CURVE('',#3545,#1950,#5629,.T.);
#5629 = SURFACE_CURVE('',#5630,(#5634,#5641),.PCURVE_S1.);
#5630 = LINE('',#5631,#5632);
#5631 = CARTESIAN_POINT('',(57.,-89.,30.));
#5632 = VECTOR('',#5633,1.);
#5633 = DIRECTION('',(0.,-1.,0.));
#5634 = PCURVE('',#1965,#5635);
#5635 = DEFINITIONAL_REPRESENTATION('',(#5636),#5640);
#5636 = LINE('',#5637,#5638);
#5637 = CARTESIAN_POINT('',(-20.,0.));
#5638 = VECTOR('',#5639,1.);
#5639 = DIRECTION('',(-0.,-1.));
#5640 = ( GEOMETRIC_REPRESENTATION_CONTEXT(2) 
PARAMETRIC_REPRESENTATION_CONTEXT() REPRESENTATION_CONTEXT('2D SPACE',''
  ) );
#5641 = PCURVE('',#1993,#5642);
#5642 = DEFINITIONAL_REPRESENTATION('',(#5643),#5647);
#5643 = LINE('',#5644,#5645);
#5644 = CARTESIAN_POINT('',(-0.,-0.));
#5645 = VECTOR('',#5646,1.);
#5646 = DIRECTION('',(-0.,1.));
#5647 = ( GEOMETRIC_REPRESENTATION_CONTEXT(2) 
PARAMETRIC_REPRESENTATION_CONTEXT() REPRESENTATION_CONTEXT('2D SPACE',''
  ) );
#5648 = ORIENTED_EDGE('',*,*,#3544,.F.);
#5649 = ORIENTED_EDGE('',*,*,#5554,.T.);
#5650 = ORIENTED_EDGE('',*,*,#1949,.T.);
#5651 = ADVANCED_FACE('',(#5652),#1993,.F.);
#5652 = FACE_BOUND('',#5653,.T.);
#5653 = EDGE_LOOP('',(#5654,#5655,#5656,#5657));
#5654 = ORIENTED_EDGE('',*,*,#5628,.F.);
#5655 = ORIENTED_EDGE('',*,*,#3567,.F.);
#5656 = ORIENTED_EDGE('',*,*,#5601,.T.);
#5657 = ORIENTED_EDGE('',*,*,#1977,.T.);
#5658 = ADVANCED_FACE('',(#5659),#2051,.T.);
#5659 = FACE_BOUND('',#5660,.F.);
#5660 = EDGE_LOOP('',(#5661,#5682,#5683,#5704));
#5661 = ORIENTED_EDGE('',*,*,#5662,.F.);
#5662 = EDGE_CURVE('',#3616,#2036,#5663,.T.);
#5663 = SURFACE_CURVE('',#5664,(#5668,#5675),.PCURVE_S1.);
#5664 = LINE('',#5665,#5666);
#5665 = CARTESIAN_POINT('',(35.,-89.,10.));
#5666 = VECTOR('',#5667,1.);
#5667 = DIRECTION('',(0.,-1.,0.));
#5668 = PCURVE('',#2051,#5669);
#5669 = DEFINITIONAL_REPRESENTATION('',(#5670),#5674);
#5670 = LINE('',#5671,#5672);
#5671 = CARTESIAN_POINT('',(-0.,-0.));
#5672 = VECTOR('',#5673,1.);
#5673 = DIRECTION('',(-0.,1.));
#5674 = ( GEOMETRIC_REPRESENTATION_CONTEXT(2) 
PARAMETRIC_REPRESENTATION_CONTEXT() REPRESENTATION_CONTEXT('2D SPACE',''
  ) );
#5675 = PCURVE('',#2079,#5676);
#5676 = DEFINITIONAL_REPRESENTATION('',(#5677),#5681);
#5677 = LINE('',#5678,#5679);
#5678 = CARTESIAN_POINT('',(-0.,0.));
#5679 = VECTOR('',#5680,1.);
#5680 = DIRECTION('',(-0.,-1.));
#5681 = ( GEOMETRIC_REPRESENTATION_CONTEXT(2) 
PARAMETRIC_REPRESENTATION_CONTEXT() REPRESENTATION_CONTEXT('2D SPACE',''
  ) );
#5682 = ORIENTED_EDGE('',*,*,#3613,.F.);
#5683 = ORIENTED_EDGE('',*,*,#5684,.T.);
#5684 = EDGE_CURVE('',#3614,#2034,#5685,.T.);
#5685 = SURFACE_CURVE('',#5686,(#5690,#5697),.PCURVE_S1.);
#5686 = LINE('',#5687,#5688);
#5687 = CARTESIAN_POINT('',(47.,-89.,10.));
#5688 = VECTOR('',#5689,1.);
#5689 = DIRECTION('',(0.,-1.,0.));
#5690 = PCURVE('',#2051,#5691);
#5691 = DEFINITIONAL_REPRESENTATION('',(#5692),#5696);
#5692 = LINE('',#5693,#5694);
#5693 = CARTESIAN_POINT('',(-12.,-0.));
#5694 = VECTOR('',#5695,1.);
#5695 = DIRECTION('',(-0.,1.));
#5696 = ( GEOMETRIC_REPRESENTATION_CONTEXT(2) 
PARAMETRIC_REPRESENTATION_CONTEXT() REPRESENTATION_CONTEXT('2D SPACE',''
  ) );
#5697 = PCURVE('',#2133,#5698);
#5698 = DEFINITIONAL_REPRESENTATION('',(#5699),#5703);
#5699 = LINE('',#5700,#5701);
#5700 = CARTESIAN_POINT('',(-0.,0.));
#5701 = VECTOR('',#5702,1.);
#5702 = DIRECTION('',(-0.,-1.));
#5703 = ( GEOMETRIC_REPRESENTATION_CONTEXT(2) 
PARAMETRIC_REPRESENTATION_CONTEXT() REPRESENTATION_CONTEXT('2D SPACE',''
  ) );
#5704 = ORIENTED_EDGE('',*,*,#2033,.T.);
#5705 = ADVANCED_FACE('',(#5706),#2133,.F.);
#5706 = FACE_BOUND('',#5707,.T.);
#5707 = EDGE_LOOP('',(#5708,#5729,#5730,#5731));
#5708 = ORIENTED_EDGE('',*,*,#5709,.F.);
#5709 = EDGE_CURVE('',#3662,#2092,#5710,.T.);
#5710 = SURFACE_CURVE('',#5711,(#5715,#5722),.PCURVE_S1.);
#5711 = LINE('',#5712,#5713);
#5712 = CARTESIAN_POINT('',(47.,-89.,30.));
#5713 = VECTOR('',#5714,1.);
#5714 = DIRECTION('',(0.,-1.,0.));
#5715 = PCURVE('',#2133,#5716);
#5716 = DEFINITIONAL_REPRESENTATION('',(#5717),#5721);
#5717 = LINE('',#5718,#5719);
#5718 = CARTESIAN_POINT('',(-20.,0.));
#5719 = VECTOR('',#5720,1.);
#5720 = DIRECTION('',(-0.,-1.));
#5721 = ( GEOMETRIC_REPRESENTATION_CONTEXT(2) 
PARAMETRIC_REPRESENTATION_CONTEXT() REPRESENTATION_CONTEXT('2D SPACE',''
  ) );
#5722 = PCURVE('',#2107,#5723);
#5723 = DEFINITIONAL_REPRESENTATION('',(#5724),#5728);
#5724 = LINE('',#5725,#5726);
#5725 = CARTESIAN_POINT('',(-12.,-0.));
#5726 = VECTOR('',#5727,1.);
#5727 = DIRECTION('',(-0.,1.));
#5728 = ( GEOMETRIC_REPRESENTATION_CONTEXT(2) 
PARAMETRIC_REPRESENTATION_CONTEXT() REPRESENTATION_CONTEXT('2D SPACE',''
  ) );
#5729 = ORIENTED_EDGE('',*,*,#3684,.F.);
#5730 = ORIENTED_EDGE('',*,*,#5684,.T.);
#5731 = ORIENTED_EDGE('',*,*,#2119,.T.);
#5732 = ADVANCED_FACE('',(#5733),#2079,.T.);
#5733 = FACE_BOUND('',#5734,.F.);
#5734 = EDGE_LOOP('',(#5735,#5756,#5757,#5758));
#5735 = ORIENTED_EDGE('',*,*,#5736,.F.);
#5736 = EDGE_CURVE('',#3639,#2064,#5737,.T.);
#5737 = SURFACE_CURVE('',#5738,(#5742,#5749),.PCURVE_S1.);
#5738 = LINE('',#5739,#5740);
#5739 = CARTESIAN_POINT('',(35.,-89.,30.));
#5740 = VECTOR('',#5741,1.);
#5741 = DIRECTION('',(0.,-1.,0.));
#5742 = PCURVE('',#2079,#5743);
#5743 = DEFINITIONAL_REPRESENTATION('',(#5744),#5748);
#5744 = LINE('',#5745,#5746);
#5745 = CARTESIAN_POINT('',(-20.,0.));
#5746 = VECTOR('',#5747,1.);
#5747 = DIRECTION('',(-0.,-1.));
#5748 = ( GEOMETRIC_REPRESENTATION_CONTEXT(2) 
PARAMETRIC_REPRESENTATION_CONTEXT() REPRESENTATION_CONTEXT('2D SPACE',''
  ) );
#5749 = PCURVE('',#2107,#5750);
#5750 = DEFINITIONAL_REPRESENTATION('',(#5751),#5755);
#5751 = LINE('',#5752,#5753);
#5752 = CARTESIAN_POINT('',(-0.,-0.));
#5753 = VECTOR('',#5754,1.);
#5754 = DIRECTION('',(-0.,1.));
#5755 = ( GEOMETRIC_REPRESENTATION_CONTEXT(2) 
PARAMETRIC_REPRESENTATION_CONTEXT() REPRESENTATION_CONTEXT('2D SPACE',''
  ) );
#5756 = ORIENTED_EDGE('',*,*,#3638,.F.);
#5757 = ORIENTED_EDGE('',*,*,#5662,.T.);
#5758 = ORIENTED_EDGE('',*,*,#2063,.T.);
#5759 = ADVANCED_FACE('',(#5760),#2107,.F.);
#5760 = FACE_BOUND('',#5761,.T.);
#5761 = EDGE_LOOP('',(#5762,#5763,#5764,#5765));
#5762 = ORIENTED_EDGE('',*,*,#5736,.F.);
#5763 = ORIENTED_EDGE('',*,*,#3661,.F.);
#5764 = ORIENTED_EDGE('',*,*,#5709,.T.);
#5765 = ORIENTED_EDGE('',*,*,#2091,.T.);
#5766 = ADVANCED_FACE('',(#5767),#2165,.T.);
#5767 = FACE_BOUND('',#5768,.F.);
#5768 = EDGE_LOOP('',(#5769,#5790,#5791,#5812));
#5769 = ORIENTED_EDGE('',*,*,#5770,.F.);
#5770 = EDGE_CURVE('',#3710,#2150,#5771,.T.);
#5771 = SURFACE_CURVE('',#5772,(#5776,#5783),.PCURVE_S1.);
#5772 = LINE('',#5773,#5774);
#5773 = CARTESIAN_POINT('',(13.,-89.,10.));
#5774 = VECTOR('',#5775,1.);
#5775 = DIRECTION('',(0.,-1.,0.));
#5776 = PCURVE('',#2165,#5777);
#5777 = DEFINITIONAL_REPRESENTATION('',(#5778),#5782);
#5778 = LINE('',#5779,#5780);
#5779 = CARTESIAN_POINT('',(-0.,-0.));
#5780 = VECTOR('',#5781,1.);
#5781 = DIRECTION('',(-0.,1.));
#5782 = ( GEOMETRIC_REPRESENTATION_CONTEXT(2) 
PARAMETRIC_REPRESENTATION_CONTEXT() REPRESENTATION_CONTEXT('2D SPACE',''
  ) );
#5783 = PCURVE('',#2193,#5784);
#5784 = DEFINITIONAL_REPRESENTATION('',(#5785),#5789);
#5785 = LINE('',#5786,#5787);
#5786 = CARTESIAN_POINT('',(-0.,0.));
#5787 = VECTOR('',#5788,1.);
#5788 = DIRECTION('',(-0.,-1.));
#5789 = ( GEOMETRIC_REPRESENTATION_CONTEXT(2) 
PARAMETRIC_REPRESENTATION_CONTEXT() REPRESENTATION_CONTEXT('2D SPACE',''
  ) );
#5790 = ORIENTED_EDGE('',*,*,#3707,.F.);
#5791 = ORIENTED_EDGE('',*,*,#5792,.T.);
#5792 = EDGE_CURVE('',#3708,#2148,#5793,.T.);
#5793 = SURFACE_CURVE('',#5794,(#5798,#5805),.PCURVE_S1.);
#5794 = LINE('',#5795,#5796);
#5795 = CARTESIAN_POINT('',(25.,-89.,10.));
#5796 = VECTOR('',#5797,1.);
#5797 = DIRECTION('',(0.,-1.,0.));
#5798 = PCURVE('',#2165,#5799);
#5799 = DEFINITIONAL_REPRESENTATION('',(#5800),#5804);
#5800 = LINE('',#5801,#5802);
#5801 = CARTESIAN_POINT('',(-12.,-0.));
#5802 = VECTOR('',#5803,1.);
#5803 = DIRECTION('',(-0.,1.));
#5804 = ( GEOMETRIC_REPRESENTATION_CONTEXT(2) 
PARAMETRIC_REPRESENTATION_CONTEXT() REPRESENTATION_CONTEXT('2D SPACE',''
  ) );
#5805 = PCURVE('',#2247,#5806);
#5806 = DEFINITIONAL_REPRESENTATION('',(#5807),#5811);
#5807 = LINE('',#5808,#5809);
#5808 = CARTESIAN_POINT('',(-0.,0.));
#5809 = VECTOR('',#5810,1.);
#5810 = DIRECTION('',(-0.,-1.));
#5811 = ( GEOMETRIC_REPRESENTATION_CONTEXT(2) 
PARAMETRIC_REPRESENTATION_CONTEXT() REPRESENTATION_CONTEXT('2D SPACE',''
  ) );
#5812 = ORIENTED_EDGE('',*,*,#2147,.T.);
#5813 = ADVANCED_FACE('',(#5814),#2247,.F.);
#5814 = FACE_BOUND('',#5815,.T.);
#5815 = EDGE_LOOP('',(#5816,#5837,#5838,#5839));
#5816 = ORIENTED_EDGE('',*,*,#5817,.F.);
#5817 = EDGE_CURVE('',#3756,#2206,#5818,.T.);
#5818 = SURFACE_CURVE('',#5819,(#5823,#5830),.PCURVE_S1.);
#5819 = LINE('',#5820,#5821);
#5820 = CARTESIAN_POINT('',(25.,-89.,30.));
#5821 = VECTOR('',#5822,1.);
#5822 = DIRECTION('',(0.,-1.,0.));
#5823 = PCURVE('',#2247,#5824);
#5824 = DEFINITIONAL_REPRESENTATION('',(#5825),#5829);
#5825 = LINE('',#5826,#5827);
#5826 = CARTESIAN_POINT('',(-20.,0.));
#5827 = VECTOR('',#5828,1.);
#5828 = DIRECTION('',(-0.,-1.));
#5829 = ( GEOMETRIC_REPRESENTATION_CONTEXT(2) 
PARAMETRIC_REPRESENTATION_CONTEXT() REPRESENTATION_CONTEXT('2D SPACE',''
  ) );
#5830 = PCURVE('',#2221,#5831);
#5831 = DEFINITIONAL_REPRESENTATION('',(#5832),#5836);
#5832 = LINE('',#5833,#5834);
#5833 = CARTESIAN_POINT('',(-12.,-0.));
#5834 = VECTOR('',#5835,1.);
#5835 = DIRECTION('',(-0.,1.));
#5836 = ( GEOMETRIC_REPRESENTATION_CONTEXT(2) 
PARAMETRIC_REPRESENTATION_CONTEXT() REPRESENTATION_CONTEXT('2D SPACE',''
  ) );
#5837 = ORIENTED_EDGE('',*,*,#3778,.F.);
#5838 = ORIENTED_EDGE('',*,*,#5792,.T.);
#5839 = ORIENTED_EDGE('',*,*,#2233,.T.);
#5840 = ADVANCED_FACE('',(#5841),#2193,.T.);
#5841 = FACE_BOUND('',#5842,.F.);
#5842 = EDGE_LOOP('',(#5843,#5864,#5865,#5866));
#5843 = ORIENTED_EDGE('',*,*,#5844,.F.);
#5844 = EDGE_CURVE('',#3733,#2178,#5845,.T.);
#5845 = SURFACE_CURVE('',#5846,(#5850,#5857),.PCURVE_S1.);
#5846 = LINE('',#5847,#5848);
#5847 = CARTESIAN_POINT('',(13.,-89.,30.));
#5848 = VECTOR('',#5849,1.);
#5849 = DIRECTION('',(0.,-1.,0.));
#5850 = PCURVE('',#2193,#5851);
#5851 = DEFINITIONAL_REPRESENTATION('',(#5852),#5856);
#5852 = LINE('',#5853,#5854);
#5853 = CARTESIAN_POINT('',(-20.,0.));
#5854 = VECTOR('',#5855,1.);
#5855 = DIRECTION('',(-0.,-1.));
#5856 = ( GEOMETRIC_REPRESENTATION_CONTEXT(2) 
PARAMETRIC_REPRESENTATION_CONTEXT() REPRESENTATION_CONTEXT('2D SPACE',''
  ) );
#5857 = PCURVE('',#2221,#5858);
#5858 = DEFINITIONAL_REPRESENTATION('',(#5859),#5863);
#5859 = LINE('',#5860,#5861);
#5860 = CARTESIAN_POINT('',(-0.,-0.));
#5861 = VECTOR('',#5862,1.);
#5862 = DIRECTION('',(-0.,1.));
#5863 = ( GEOMETRIC_REPRESENTATION_CONTEXT(2) 
PARAMETRIC_REPRESENTATION_CONTEXT() REPRESENTATION_CONTEXT('2D SPACE',''
  ) );
#5864 = ORIENTED_EDGE('',*,*,#3732,.F.);
#5865 = ORIENTED_EDGE('',*,*,#5770,.T.);
#5866 = ORIENTED_EDGE('',*,*,#2177,.T.);
#5867 = ADVANCED_FACE('',(#5868),#2221,.F.);
#5868 = FACE_BOUND('',#5869,.T.);
#5869 = EDGE_LOOP('',(#5870,#5871,#5872,#5873));
#5870 = ORIENTED_EDGE('',*,*,#5844,.F.);
#5871 = ORIENTED_EDGE('',*,*,#3755,.F.);
#5872 = ORIENTED_EDGE('',*,*,#5817,.T.);
#5873 = ORIENTED_EDGE('',*,*,#2205,.T.);
#5874 = ADVANCED_FACE('',(#5875),#2279,.T.);
#5875 = FACE_BOUND('',#5876,.F.);
#5876 = EDGE_LOOP('',(#5877,#5898,#5899,#5920));
#5877 = ORIENTED_EDGE('',*,*,#5878,.F.);
#5878 = EDGE_CURVE('',#3804,#2264,#5879,.T.);
#5879 = SURFACE_CURVE('',#5880,(#5884,#5891),.PCURVE_S1.);
#5880 = LINE('',#5881,#5882);
#5881 = CARTESIAN_POINT('',(-9.,-89.,10.));
#5882 = VECTOR('',#5883,1.);
#5883 = DIRECTION('',(0.,-1.,0.));
#5884 = PCURVE('',#2279,#5885);
#5885 = DEFINITIONAL_REPRESENTATION('',(#5886),#5890);
#5886 = LINE('',#5887,#5888);
#5887 = CARTESIAN_POINT('',(-0.,-0.));
#5888 = VECTOR('',#5889,1.);
#5889 = DIRECTION('',(-0.,1.));
#5890 = ( GEOMETRIC_REPRESENTATION_CONTEXT(2) 
PARAMETRIC_REPRESENTATION_CONTEXT() REPRESENTATION_CONTEXT('2D SPACE',''
  ) );
#5891 = PCURVE('',#2307,#5892);
#5892 = DEFINITIONAL_REPRESENTATION('',(#5893),#5897);
#5893 = LINE('',#5894,#5895);
#5894 = CARTESIAN_POINT('',(-0.,0.));
#5895 = VECTOR('',#5896,1.);
#5896 = DIRECTION('',(-0.,-1.));
#5897 = ( GEOMETRIC_REPRESENTATION_CONTEXT(2) 
PARAMETRIC_REPRESENTATION_CONTEXT() REPRESENTATION_CONTEXT('2D SPACE',''
  ) );
#5898 = ORIENTED_EDGE('',*,*,#3801,.F.);
#5899 = ORIENTED_EDGE('',*,*,#5900,.T.);
#5900 = EDGE_CURVE('',#3802,#2262,#5901,.T.);
#5901 = SURFACE_CURVE('',#5902,(#5906,#5913),.PCURVE_S1.);
#5902 = LINE('',#5903,#5904);
#5903 = CARTESIAN_POINT('',(3.,-89.,10.));
#5904 = VECTOR('',#5905,1.);
#5905 = DIRECTION('',(0.,-1.,0.));
#5906 = PCURVE('',#2279,#5907);
#5907 = DEFINITIONAL_REPRESENTATION('',(#5908),#5912);
#5908 = LINE('',#5909,#5910);
#5909 = CARTESIAN_POINT('',(-12.,-0.));
#5910 = VECTOR('',#5911,1.);
#5911 = DIRECTION('',(-0.,1.));
#5912 = ( GEOMETRIC_REPRESENTATION_CONTEXT(2) 
PARAMETRIC_REPRESENTATION_CONTEXT() REPRESENTATION_CONTEXT('2D SPACE',''
  ) );
#5913 = PCURVE('',#2361,#5914);
#5914 = DEFINITIONAL_REPRESENTATION('',(#5915),#5919);
#5915 = LINE('',#5916,#5917);
#5916 = CARTESIAN_POINT('',(-0.,0.));
#5917 = VECTOR('',#5918,1.);
#5918 = DIRECTION('',(-0.,-1.));
#5919 = ( GEOMETRIC_REPRESENTATION_CONTEXT(2) 
PARAMETRIC_REPRESENTATION_CONTEXT() REPRESENTATION_CONTEXT('2D SPACE',''
  ) );
#5920 = ORIENTED_EDGE('',*,*,#2261,.T.);
#5921 = ADVANCED_FACE('',(#5922),#2361,.F.);
#5922 = FACE_BOUND('',#5923,.T.);
#5923 = EDGE_LOOP('',(#5924,#5945,#5946,#5947));
#5924 = ORIENTED_EDGE('',*,*,#5925,.F.);
#5925 = EDGE_CURVE('',#3850,#2320,#5926,.T.);
#5926 = SURFACE_CURVE('',#5927,(#5931,#5938),.PCURVE_S1.);
#5927 = LINE('',#5928,#5929);
#5928 = CARTESIAN_POINT('',(3.,-89.,30.));
#5929 = VECTOR('',#5930,1.);
#5930 = DIRECTION('',(0.,-1.,0.));
#5931 = PCURVE('',#2361,#5932);
#5932 = DEFINITIONAL_REPRESENTATION('',(#5933),#5937);
#5933 = LINE('',#5934,#5935);
#5934 = CARTESIAN_POINT('',(-20.,0.));
#5935 = VECTOR('',#5936,1.);
#5936 = DIRECTION('',(-0.,-1.));
#5937 = ( GEOMETRIC_REPRESENTATION_CONTEXT(2) 
PARAMETRIC_REPRESENTATION_CONTEXT() REPRESENTATION_CONTEXT('2D SPACE',''
  ) );
#5938 = PCURVE('',#2335,#5939);
#5939 = DEFINITIONAL_REPRESENTATION('',(#5940),#5944);
#5940 = LINE('',#5941,#5942);
#5941 = CARTESIAN_POINT('',(-12.,-0.));
#5942 = VECTOR('',#5943,1.);
#5943 = DIRECTION('',(-0.,1.));
#5944 = ( GEOMETRIC_REPRESENTATION_CONTEXT(2) 
PARAMETRIC_REPRESENTATION_CONTEXT() REPRESENTATION_CONTEXT('2D SPACE',''
  ) );
#5945 = ORIENTED_EDGE('',*,*,#3872,.F.);
#5946 = ORIENTED_EDGE('',*,*,#5900,.T.);
#5947 = ORIENTED_EDGE('',*,*,#2347,.T.);
#5948 = ADVANCED_FACE('',(#5949),#2307,.T.);
#5949 = FACE_BOUND('',#5950,.F.);
#5950 = EDGE_LOOP('',(#5951,#5972,#5973,#5974));
#5951 = ORIENTED_EDGE('',*,*,#5952,.F.);
#5952 = EDGE_CURVE('',#3827,#2292,#5953,.T.);
#5953 = SURFACE_CURVE('',#5954,(#5958,#5965),.PCURVE_S1.);
#5954 = LINE('',#5955,#5956);
#5955 = CARTESIAN_POINT('',(-9.,-89.,30.));
#5956 = VECTOR('',#5957,1.);
#5957 = DIRECTION('',(0.,-1.,0.));
#5958 = PCURVE('',#2307,#5959);
#5959 = DEFINITIONAL_REPRESENTATION('',(#5960),#5964);
#5960 = LINE('',#5961,#5962);
#5961 = CARTESIAN_POINT('',(-20.,0.));
#5962 = VECTOR('',#5963,1.);
#5963 = DIRECTION('',(-0.,-1.));
#5964 = ( GEOMETRIC_REPRESENTATION_CONTEXT(2) 
PARAMETRIC_REPRESENTATION_CONTEXT() REPRESENTATION_CONTEXT('2D SPACE',''
  ) );
#5965 = PCURVE('',#2335,#5966);
#5966 = DEFINITIONAL_REPRESENTATION('',(#5967),#5971);
#5967 = LINE('',#5968,#5969);
#5968 = CARTESIAN_POINT('',(-0.,-0.));
#5969 = VECTOR('',#5970,1.);
#5970 = DIRECTION('',(-0.,1.));
#5971 = ( GEOMETRIC_REPRESENTATION_CONTEXT(2) 
PARAMETRIC_REPRESENTATION_CONTEXT() REPRESENTATION_CONTEXT('2D SPACE',''
  ) );
#5972 = ORIENTED_EDGE('',*,*,#3826,.F.);
#5973 = ORIENTED_EDGE('',*,*,#5878,.T.);
#5974 = ORIENTED_EDGE('',*,*,#2291,.T.);
#5975 = ADVANCED_FACE('',(#5976),#2335,.F.);
#5976 = FACE_BOUND('',#5977,.T.);
#5977 = EDGE_LOOP('',(#5978,#5979,#5980,#5981));
#5978 = ORIENTED_EDGE('',*,*,#5952,.F.);
#5979 = ORIENTED_EDGE('',*,*,#3849,.F.);
#5980 = ORIENTED_EDGE('',*,*,#5925,.T.);
#5981 = ORIENTED_EDGE('',*,*,#2319,.T.);
#5982 = ADVANCED_FACE('',(#5983),#2393,.T.);
#5983 = FACE_BOUND('',#5984,.F.);
#5984 = EDGE_LOOP('',(#5985,#6006,#6007,#6028));
#5985 = ORIENTED_EDGE('',*,*,#5986,.F.);
#5986 = EDGE_CURVE('',#3898,#2378,#5987,.T.);
#5987 = SURFACE_CURVE('',#5988,(#5992,#5999),.PCURVE_S1.);
#5988 = LINE('',#5989,#5990);
#5989 = CARTESIAN_POINT('',(-53.,-89.,10.));
#5990 = VECTOR('',#5991,1.);
#5991 = DIRECTION('',(0.,-1.,0.));
#5992 = PCURVE('',#2393,#5993);
#5993 = DEFINITIONAL_REPRESENTATION('',(#5994),#5998);
#5994 = LINE('',#5995,#5996);
#5995 = CARTESIAN_POINT('',(-0.,-0.));
#5996 = VECTOR('',#5997,1.);
#5997 = DIRECTION('',(-0.,1.));
#5998 = ( GEOMETRIC_REPRESENTATION_CONTEXT(2) 
PARAMETRIC_REPRESENTATION_CONTEXT() REPRESENTATION_CONTEXT('2D SPACE',''
  ) );
#5999 = PCURVE('',#2421,#6000);
#6000 = DEFINITIONAL_REPRESENTATION('',(#6001),#6005);
#6001 = LINE('',#6002,#6003);
#6002 = CARTESIAN_POINT('',(-0.,0.));
#6003 = VECTOR('',#6004,1.);
#6004 = DIRECTION('',(-0.,-1.));
#6005 = ( GEOMETRIC_REPRESENTATION_CONTEXT(2) 
PARAMETRIC_REPRESENTATION_CONTEXT() REPRESENTATION_CONTEXT('2D SPACE',''
  ) );
#6006 = ORIENTED_EDGE('',*,*,#3895,.F.);
#6007 = ORIENTED_EDGE('',*,*,#6008,.T.);
#6008 = EDGE_CURVE('',#3896,#2376,#6009,.T.);
#6009 = SURFACE_CURVE('',#6010,(#6014,#6021),.PCURVE_S1.);
#6010 = LINE('',#6011,#6012);
#6011 = CARTESIAN_POINT('',(-41.,-89.,10.));
#6012 = VECTOR('',#6013,1.);
#6013 = DIRECTION('',(0.,-1.,0.));
#6014 = PCURVE('',#2393,#6015);
#6015 = DEFINITIONAL_REPRESENTATION('',(#6016),#6020);
#6016 = LINE('',#6017,#6018);
#6017 = CARTESIAN_POINT('',(-12.,-0.));
#6018 = VECTOR('',#6019,1.);
#6019 = DIRECTION('',(-0.,1.));
#6020 = ( GEOMETRIC_REPRESENTATION_CONTEXT(2) 
PARAMETRIC_REPRESENTATION_CONTEXT() REPRESENTATION_CONTEXT('2D SPACE',''
  ) );
#6021 = PCURVE('',#2475,#6022);
#6022 = DEFINITIONAL_REPRESENTATION('',(#6023),#6027);
#6023 = LINE('',#6024,#6025);
#6024 = CARTESIAN_POINT('',(-0.,0.));
#6025 = VECTOR('',#6026,1.);
#6026 = DIRECTION('',(-0.,-1.));
#6027 = ( GEOMETRIC_REPRESENTATION_CONTEXT(2) 
PARAMETRIC_REPRESENTATION_CONTEXT() REPRESENTATION_CONTEXT('2D SPACE',''
  ) );
#6028 = ORIENTED_EDGE('',*,*,#2375,.T.);
#6029 = ADVANCED_FACE('',(#6030),#2475,.F.);
#6030 = FACE_BOUND('',#6031,.T.);
#6031 = EDGE_LOOP('',(#6032,#6053,#6054,#6055));
#6032 = ORIENTED_EDGE('',*,*,#6033,.F.);
#6033 = EDGE_CURVE('',#3944,#2434,#6034,.T.);
#6034 = SURFACE_CURVE('',#6035,(#6039,#6046),.PCURVE_S1.);
#6035 = LINE('',#6036,#6037);
#6036 = CARTESIAN_POINT('',(-41.,-89.,30.));
#6037 = VECTOR('',#6038,1.);
#6038 = DIRECTION('',(0.,-1.,0.));
#6039 = PCURVE('',#2475,#6040);
#6040 = DEFINITIONAL_REPRESENTATION('',(#6041),#6045);
#6041 = LINE('',#6042,#6043);
#6042 = CARTESIAN_POINT('',(-20.,0.));
#6043 = VECTOR('',#6044,1.);
#6044 = DIRECTION('',(-0.,-1.));
#6045 = ( GEOMETRIC_REPRESENTATION_CONTEXT(2) 
PARAMETRIC_REPRESENTATION_CONTEXT() REPRESENTATION_CONTEXT('2D SPACE',''
  ) );
#6046 = PCURVE('',#2449,#6047);
#6047 = DEFINITIONAL_REPRESENTATION('',(#6048),#6052);
#6048 = LINE('',#6049,#6050);
#6049 = CARTESIAN_POINT('',(-12.,-0.));
#6050 = VECTOR('',#6051,1.);
#6051 = DIRECTION('',(-0.,1.));
#6052 = ( GEOMETRIC_REPRESENTATION_CONTEXT(2) 
PARAMETRIC_REPRESENTATION_CONTEXT() REPRESENTATION_CONTEXT('2D SPACE',''
  ) );
#6053 = ORIENTED_EDGE('',*,*,#3966,.F.);
#6054 = ORIENTED_EDGE('',*,*,#6008,.T.);
#6055 = ORIENTED_EDGE('',*,*,#2461,.T.);
#6056 = ADVANCED_FACE('',(#6057),#2421,.T.);
#6057 = FACE_BOUND('',#6058,.F.);
#6058 = EDGE_LOOP('',(#6059,#6080,#6081,#6082));
#6059 = ORIENTED_EDGE('',*,*,#6060,.F.);
#6060 = EDGE_CURVE('',#3921,#2406,#6061,.T.);
#6061 = SURFACE_CURVE('',#6062,(#6066,#6073),.PCURVE_S1.);
#6062 = LINE('',#6063,#6064);
#6063 = CARTESIAN_POINT('',(-53.,-89.,30.));
#6064 = VECTOR('',#6065,1.);
#6065 = DIRECTION('',(0.,-1.,0.));
#6066 = PCURVE('',#2421,#6067);
#6067 = DEFINITIONAL_REPRESENTATION('',(#6068),#6072);
#6068 = LINE('',#6069,#6070);
#6069 = CARTESIAN_POINT('',(-20.,0.));
#6070 = VECTOR('',#6071,1.);
#6071 = DIRECTION('',(-0.,-1.));
#6072 = ( GEOMETRIC_REPRESENTATION_CONTEXT(2) 
PARAMETRIC_REPRESENTATION_CONTEXT() REPRESENTATION_CONTEXT('2D SPACE',''
  ) );
#6073 = PCURVE('',#2449,#6074);
#6074 = DEFINITIONAL_REPRESENTATION('',(#6075),#6079);
#6075 = LINE('',#6076,#6077);
#6076 = CARTESIAN_POINT('',(-0.,-0.));
#6077 = VECTOR('',#6078,1.);
#6078 = DIRECTION('',(-0.,1.));
#6079 = ( GEOMETRIC_REPRESENTATION_CONTEXT(2) 
PARAMETRIC_REPRESENTATION_CONTEXT() REPRESENTATION_CONTEXT('2D SPACE',''
  ) );
#6080 = ORIENTED_EDGE('',*,*,#3920,.F.);
#6081 = ORIENTED_EDGE('',*,*,#5986,.T.);
#6082 = ORIENTED_EDGE('',*,*,#2405,.T.);
#6083 = ADVANCED_FACE('',(#6084),#2449,.F.);
#6084 = FACE_BOUND('',#6085,.T.);
#6085 = EDGE_LOOP('',(#6086,#6087,#6088,#6089));
#6086 = ORIENTED_EDGE('',*,*,#6060,.F.);
#6087 = ORIENTED_EDGE('',*,*,#3943,.F.);
#6088 = ORIENTED_EDGE('',*,*,#6033,.T.);
#6089 = ORIENTED_EDGE('',*,*,#2433,.T.);
#6090 = ADVANCED_FACE('',(#6091),#2507,.T.);
#6091 = FACE_BOUND('',#6092,.F.);
#6092 = EDGE_LOOP('',(#6093,#6114,#6115,#6136));
#6093 = ORIENTED_EDGE('',*,*,#6094,.F.);
#6094 = EDGE_CURVE('',#3992,#2492,#6095,.T.);
#6095 = SURFACE_CURVE('',#6096,(#6100,#6107),.PCURVE_S1.);
#6096 = LINE('',#6097,#6098);
#6097 = CARTESIAN_POINT('',(-75.,-89.,10.));
#6098 = VECTOR('',#6099,1.);
#6099 = DIRECTION('',(0.,-1.,0.));
#6100 = PCURVE('',#2507,#6101);
#6101 = DEFINITIONAL_REPRESENTATION('',(#6102),#6106);
#6102 = LINE('',#6103,#6104);
#6103 = CARTESIAN_POINT('',(-0.,-0.));
#6104 = VECTOR('',#6105,1.);
#6105 = DIRECTION('',(-0.,1.));
#6106 = ( GEOMETRIC_REPRESENTATION_CONTEXT(2) 
PARAMETRIC_REPRESENTATION_CONTEXT() REPRESENTATION_CONTEXT('2D SPACE',''
  ) );
#6107 = PCURVE('',#2535,#6108);
#6108 = DEFINITIONAL_REPRESENTATION('',(#6109),#6113);
#6109 = LINE('',#6110,#6111);
#6110 = CARTESIAN_POINT('',(-0.,0.));
#6111 = VECTOR('',#6112,1.);
#6112 = DIRECTION('',(-0.,-1.));
#6113 = ( GEOMETRIC_REPRESENTATION_CONTEXT(2) 
PARAMETRIC_REPRESENTATION_CONTEXT() REPRESENTATION_CONTEXT('2D SPACE',''
  ) );
#6114 = ORIENTED_EDGE('',*,*,#3989,.F.);
#6115 = ORIENTED_EDGE('',*,*,#6116,.T.);
#6116 = EDGE_CURVE('',#3990,#2490,#6117,.T.);
#6117 = SURFACE_CURVE('',#6118,(#6122,#6129),.PCURVE_S1.);
#6118 = LINE('',#6119,#6120);
#6119 = CARTESIAN_POINT('',(-63.,-89.,10.));
#6120 = VECTOR('',#6121,1.);
#6121 = DIRECTION('',(0.,-1.,0.));
#6122 = PCURVE('',#2507,#6123);
#6123 = DEFINITIONAL_REPRESENTATION('',(#6124),#6128);
#6124 = LINE('',#6125,#6126);
#6125 = CARTESIAN_POINT('',(-12.,-0.));
#6126 = VECTOR('',#6127,1.);
#6127 = DIRECTION('',(-0.,1.));
#6128 = ( GEOMETRIC_REPRESENTATION_CONTEXT(2) 
PARAMETRIC_REPRESENTATION_CONTEXT() REPRESENTATION_CONTEXT('2D SPACE',''
  ) );
#6129 = PCURVE('',#2589,#6130);
#6130 = DEFINITIONAL_REPRESENTATION('',(#6131),#6135);
#6131 = LINE('',#6132,#6133);
#6132 = CARTESIAN_POINT('',(-0.,0.));
#6133 = VECTOR('',#6134,1.);
#6134 = DIRECTION('',(-0.,-1.));
#6135 = ( GEOMETRIC_REPRESENTATION_CONTEXT(2) 
PARAMETRIC_REPRESENTATION_CONTEXT() REPRESENTATION_CONTEXT('2D SPACE',''
  ) );
#6136 = ORIENTED_EDGE('',*,*,#2489,.T.);
#6137 = ADVANCED_FACE('',(#6138),#2589,.F.);
#6138 = FACE_BOUND('',#6139,.T.);
#6139 = EDGE_LOOP('',(#6140,#6161,#6162,#6163));
#6140 = ORIENTED_EDGE('',*,*,#6141,.F.);
#6141 = EDGE_CURVE('',#4038,#2548,#6142,.T.);
#6142 = SURFACE_CURVE('',#6143,(#6147,#6154),.PCURVE_S1.);
#6143 = LINE('',#6144,#6145);
#6144 = CARTESIAN_POINT('',(-63.,-89.,30.));
#6145 = VECTOR('',#6146,1.);
#6146 = DIRECTION('',(0.,-1.,0.));
#6147 = PCURVE('',#2589,#6148);
#6148 = DEFINITIONAL_REPRESENTATION('',(#6149),#6153);
#6149 = LINE('',#6150,#6151);
#6150 = CARTESIAN_POINT('',(-20.,0.));
#6151 = VECTOR('',#6152,1.);
#6152 = DIRECTION('',(-0.,-1.));
#6153 = ( GEOMETRIC_REPRESENTATION_CONTEXT(2) 
PARAMETRIC_REPRESENTATION_CONTEXT() REPRESENTATION_CONTEXT('2D SPACE',''
  ) );
#6154 = PCURVE('',#2563,#6155);
#6155 = DEFINITIONAL_REPRESENTATION('',(#6156),#6160);
#6156 = LINE('',#6157,#6158);
#6157 = CARTESIAN_POINT('',(-12.,-0.));
#6158 = VECTOR('',#6159,1.);
#6159 = DIRECTION('',(-0.,1.));
#6160 = ( GEOMETRIC_REPRESENTATION_CONTEXT(2) 
PARAMETRIC_REPRESENTATION_CONTEXT() REPRESENTATION_CONTEXT('2D SPACE',''
  ) );
#6161 = ORIENTED_EDGE('',*,*,#4060,.F.);
#6162 = ORIENTED_EDGE('',*,*,#6116,.T.);
#6163 = ORIENTED_EDGE('',*,*,#2575,.T.);
#6164 = ADVANCED_FACE('',(#6165),#2535,.T.);
#6165 = FACE_BOUND('',#6166,.F.);
#6166 = EDGE_LOOP('',(#6167,#6188,#6189,#6190));
#6167 = ORIENTED_EDGE('',*,*,#6168,.F.);
#6168 = EDGE_CURVE('',#4015,#2520,#6169,.T.);
#6169 = SURFACE_CURVE('',#6170,(#6174,#6181),.PCURVE_S1.);
#6170 = LINE('',#6171,#6172);
#6171 = CARTESIAN_POINT('',(-75.,-89.,30.));
#6172 = VECTOR('',#6173,1.);
#6173 = DIRECTION('',(0.,-1.,0.));
#6174 = PCURVE('',#2535,#6175);
#6175 = DEFINITIONAL_REPRESENTATION('',(#6176),#6180);
#6176 = LINE('',#6177,#6178);
#6177 = CARTESIAN_POINT('',(-20.,0.));
#6178 = VECTOR('',#6179,1.);
#6179 = DIRECTION('',(-0.,-1.));
#6180 = ( GEOMETRIC_REPRESENTATION_CONTEXT(2) 
PARAMETRIC_REPRESENTATION_CONTEXT() REPRESENTATION_CONTEXT('2D SPACE',''
  ) );
#6181 = PCURVE('',#2563,#6182);
#6182 = DEFINITIONAL_REPRESENTATION('',(#6183),#6187);
#6183 = LINE('',#6184,#6185);
#6184 = CARTESIAN_POINT('',(-0.,-0.));
#6185 = VECTOR('',#6186,1.);
#6186 = DIRECTION('',(-0.,1.));
#6187 = ( GEOMETRIC_REPRESENTATION_CONTEXT(2) 
PARAMETRIC_REPRESENTATION_CONTEXT() REPRESENTATION_CONTEXT('2D SPACE',''
  ) );
#6188 = ORIENTED_EDGE('',*,*,#4014,.F.);
#6189 = ORIENTED_EDGE('',*,*,#6094,.T.);
#6190 = ORIENTED_EDGE('',*,*,#2519,.T.);
#6191 = ADVANCED_FACE('',(#6192),#2563,.F.);
#6192 = FACE_BOUND('',#6193,.T.);
#6193 = EDGE_LOOP('',(#6194,#6195,#6196,#6197));
#6194 = ORIENTED_EDGE('',*,*,#6168,.F.);
#6195 = ORIENTED_EDGE('',*,*,#4037,.F.);
#6196 = ORIENTED_EDGE('',*,*,#6141,.T.);
#6197 = ORIENTED_EDGE('',*,*,#2547,.T.);
#6198 = ADVANCED_FACE('',(#6199,#6353,#6467),#2675,.F.);
#6199 = FACE_BOUND('',#6200,.T.);
#6200 = EDGE_LOOP('',(#6201,#6202,#6203,#6226,#6254,#6275,#6276,#6299,
    #6327,#6348,#6349,#6350,#6351,#6352));
#6201 = ORIENTED_EDGE('',*,*,#4939,.F.);
#6202 = ORIENTED_EDGE('',*,*,#5530,.T.);
#6203 = ORIENTED_EDGE('',*,*,#6204,.T.);
#6204 = EDGE_CURVE('',#5503,#6205,#6207,.T.);
#6205 = VERTEX_POINT('',#6206);
#6206 = CARTESIAN_POINT('',(1.25,-87.9,47.366666666667));
#6207 = SURFACE_CURVE('',#6208,(#6212,#6219),.PCURVE_S1.);
#6208 = LINE('',#6209,#6210);
#6209 = CARTESIAN_POINT('',(1.25,-89.255,46.915));
#6210 = VECTOR('',#6211,1.);
#6211 = DIRECTION('',(-0.,0.948683298051,0.316227766017));
#6212 = PCURVE('',#2675,#6213);
#6213 = DEFINITIONAL_REPRESENTATION('',(#6214),#6218);
#6214 = LINE('',#6215,#6216);
#6215 = CARTESIAN_POINT('',(0.268793601114,-106.25));
#6216 = VECTOR('',#6217,1.);
#6217 = DIRECTION('',(-1.,0.));
#6218 = ( GEOMETRIC_REPRESENTATION_CONTEXT(2) 
PARAMETRIC_REPRESENTATION_CONTEXT() REPRESENTATION_CONTEXT('2D SPACE',''
  ) );
#6219 = PCURVE('',#5518,#6220);
#6220 = DEFINITIONAL_REPRESENTATION('',(#6221),#6225);
#6221 = LINE('',#6222,#6223);
#6222 = CARTESIAN_POINT('',(-4.915,-1.355));
#6223 = VECTOR('',#6224,1.);
#6224 = DIRECTION('',(-0.316227766017,0.948683298051));
#6225 = ( GEOMETRIC_REPRESENTATION_CONTEXT(2) 
PARAMETRIC_REPRESENTATION_CONTEXT() REPRESENTATION_CONTEXT('2D SPACE',''
  ) );
#6226 = ORIENTED_EDGE('',*,*,#6227,.T.);
#6227 = EDGE_CURVE('',#6205,#6228,#6230,.T.);
#6228 = VERTEX_POINT('',#6229);
#6229 = CARTESIAN_POINT('',(6.75,-87.9,47.366666666667));
#6230 = SURFACE_CURVE('',#6231,(#6235,#6242),.PCURVE_S1.);
#6231 = LINE('',#6232,#6233);
#6232 = CARTESIAN_POINT('',(-51.875,-87.9,47.366666666667));
#6233 = VECTOR('',#6234,1.);
#6234 = DIRECTION('',(1.,-0.,-0.));
#6235 = PCURVE('',#2675,#6236);
#6236 = DEFINITIONAL_REPRESENTATION('',(#6237),#6241);
#6237 = LINE('',#6238,#6239);
#6238 = CARTESIAN_POINT('',(-1.159501808728,-53.125));
#6239 = VECTOR('',#6240,1.);
#6240 = DIRECTION('',(-0.,-1.));
#6241 = ( GEOMETRIC_REPRESENTATION_CONTEXT(2) 
PARAMETRIC_REPRESENTATION_CONTEXT() REPRESENTATION_CONTEXT('2D SPACE',''
  ) );
#6242 = PCURVE('',#6243,#6248);
#6243 = PLANE('',#6244);
#6244 = AXIS2_PLACEMENT_3D('',#6245,#6246,#6247);
#6245 = CARTESIAN_POINT('',(1.25,-87.9,42.));
#6246 = DIRECTION('',(0.,-1.,0.));
#6247 = DIRECTION('',(0.,0.,-1.));
#6248 = DEFINITIONAL_REPRESENTATION('',(#6249),#6253);
#6249 = LINE('',#6250,#6251);
#6250 = CARTESIAN_POINT('',(-5.366666666667,-53.125));
#6251 = VECTOR('',#6252,1.);
#6252 = DIRECTION('',(-0.,1.));
#6253 = ( GEOMETRIC_REPRESENTATION_CONTEXT(2) 
PARAMETRIC_REPRESENTATION_CONTEXT() REPRESENTATION_CONTEXT('2D SPACE',''
  ) );
#6254 = ORIENTED_EDGE('',*,*,#6255,.F.);
#6255 = EDGE_CURVE('',#5424,#6228,#6256,.T.);
#6256 = SURFACE_CURVE('',#6257,(#6261,#6268),.PCURVE_S1.);
#6257 = LINE('',#6258,#6259);
#6258 = CARTESIAN_POINT('',(6.75,-89.255,46.915));
#6259 = VECTOR('',#6260,1.);
#6260 = DIRECTION('',(-0.,0.948683298051,0.316227766017));
#6261 = PCURVE('',#2675,#6262);
#6262 = DEFINITIONAL_REPRESENTATION('',(#6263),#6267);
#6263 = LINE('',#6264,#6265);
#6264 = CARTESIAN_POINT('',(0.268793601114,-111.75));
#6265 = VECTOR('',#6266,1.);
#6266 = DIRECTION('',(-1.,0.));
#6267 = ( GEOMETRIC_REPRESENTATION_CONTEXT(2) 
PARAMETRIC_REPRESENTATION_CONTEXT() REPRESENTATION_CONTEXT('2D SPACE',''
  ) );
#6268 = PCURVE('',#5462,#6269);
#6269 = DEFINITIONAL_REPRESENTATION('',(#6270),#6274);
#6270 = LINE('',#6271,#6272);
#6271 = CARTESIAN_POINT('',(-4.915,-1.355));
#6272 = VECTOR('',#6273,1.);
#6273 = DIRECTION('',(-0.316227766017,0.948683298051));
#6274 = ( GEOMETRIC_REPRESENTATION_CONTEXT(2) 
PARAMETRIC_REPRESENTATION_CONTEXT() REPRESENTATION_CONTEXT('2D SPACE',''
  ) );
#6275 = ORIENTED_EDGE('',*,*,#5423,.T.);
#6276 = ORIENTED_EDGE('',*,*,#6277,.T.);
#6277 = EDGE_CURVE('',#5396,#6278,#6280,.T.);
#6278 = VERTEX_POINT('',#6279);
#6279 = CARTESIAN_POINT('',(67.25,-87.9,47.366666666667));
#6280 = SURFACE_CURVE('',#6281,(#6285,#6292),.PCURVE_S1.);
#6281 = LINE('',#6282,#6283);
#6282 = CARTESIAN_POINT('',(67.25,-89.255,46.915));
#6283 = VECTOR('',#6284,1.);
#6284 = DIRECTION('',(-0.,0.948683298051,0.316227766017));
#6285 = PCURVE('',#2675,#6286);
#6286 = DEFINITIONAL_REPRESENTATION('',(#6287),#6291);
#6287 = LINE('',#6288,#6289);
#6288 = CARTESIAN_POINT('',(0.268793601114,-172.25));
#6289 = VECTOR('',#6290,1.);
#6290 = DIRECTION('',(-1.,0.));
#6291 = ( GEOMETRIC_REPRESENTATION_CONTEXT(2) 
PARAMETRIC_REPRESENTATION_CONTEXT() REPRESENTATION_CONTEXT('2D SPACE',''
  ) );
#6292 = PCURVE('',#5411,#6293);
#6293 = DEFINITIONAL_REPRESENTATION('',(#6294),#6298);
#6294 = LINE('',#6295,#6296);
#6295 = CARTESIAN_POINT('',(-4.915,-1.355));
#6296 = VECTOR('',#6297,1.);
#6297 = DIRECTION('',(-0.316227766017,0.948683298051));
#6298 = ( GEOMETRIC_REPRESENTATION_CONTEXT(2) 
PARAMETRIC_REPRESENTATION_CONTEXT() REPRESENTATION_CONTEXT('2D SPACE',''
  ) );
#6299 = ORIENTED_EDGE('',*,*,#6300,.T.);
#6300 = EDGE_CURVE('',#6278,#6301,#6303,.T.);
#6301 = VERTEX_POINT('',#6302);
#6302 = CARTESIAN_POINT('',(72.75,-87.9,47.366666666667));
#6303 = SURFACE_CURVE('',#6304,(#6308,#6315),.PCURVE_S1.);
#6304 = LINE('',#6305,#6306);
#6305 = CARTESIAN_POINT('',(-18.875,-87.9,47.366666666667));
#6306 = VECTOR('',#6307,1.);
#6307 = DIRECTION('',(1.,-0.,-0.));
#6308 = PCURVE('',#2675,#6309);
#6309 = DEFINITIONAL_REPRESENTATION('',(#6310),#6314);
#6310 = LINE('',#6311,#6312);
#6311 = CARTESIAN_POINT('',(-1.159501808728,-86.125));
#6312 = VECTOR('',#6313,1.);
#6313 = DIRECTION('',(-0.,-1.));
#6314 = ( GEOMETRIC_REPRESENTATION_CONTEXT(2) 
PARAMETRIC_REPRESENTATION_CONTEXT() REPRESENTATION_CONTEXT('2D SPACE',''
  ) );
#6315 = PCURVE('',#6316,#6321);
#6316 = PLANE('',#6317);
#6317 = AXIS2_PLACEMENT_3D('',#6318,#6319,#6320);
#6318 = CARTESIAN_POINT('',(67.25,-87.9,42.));
#6319 = DIRECTION('',(0.,-1.,0.));
#6320 = DIRECTION('',(0.,0.,-1.));
#6321 = DEFINITIONAL_REPRESENTATION('',(#6322),#6326);
#6322 = LINE('',#6323,#6324);
#6323 = CARTESIAN_POINT('',(-5.366666666667,-86.125));
#6324 = VECTOR('',#6325,1.);
#6325 = DIRECTION('',(-0.,1.));
#6326 = ( GEOMETRIC_REPRESENTATION_CONTEXT(2) 
PARAMETRIC_REPRESENTATION_CONTEXT() REPRESENTATION_CONTEXT('2D SPACE',''
  ) );
#6327 = ORIENTED_EDGE('',*,*,#6328,.F.);
#6328 = EDGE_CURVE('',#5317,#6301,#6329,.T.);
#6329 = SURFACE_CURVE('',#6330,(#6334,#6341),.PCURVE_S1.);
#6330 = LINE('',#6331,#6332);
#6331 = CARTESIAN_POINT('',(72.75,-89.255,46.915));
#6332 = VECTOR('',#6333,1.);
#6333 = DIRECTION('',(-0.,0.948683298051,0.316227766017));
#6334 = PCURVE('',#2675,#6335);
#6335 = DEFINITIONAL_REPRESENTATION('',(#6336),#6340);
#6336 = LINE('',#6337,#6338);
#6337 = CARTESIAN_POINT('',(0.268793601114,-177.75));
#6338 = VECTOR('',#6339,1.);
#6339 = DIRECTION('',(-1.,0.));
#6340 = ( GEOMETRIC_REPRESENTATION_CONTEXT(2) 
PARAMETRIC_REPRESENTATION_CONTEXT() REPRESENTATION_CONTEXT('2D SPACE',''
  ) );
#6341 = PCURVE('',#5355,#6342);
#6342 = DEFINITIONAL_REPRESENTATION('',(#6343),#6347);
#6343 = LINE('',#6344,#6345);
#6344 = CARTESIAN_POINT('',(-4.915,-1.355));
#6345 = VECTOR('',#6346,1.);
#6346 = DIRECTION('',(-0.316227766017,0.948683298051));
#6347 = ( GEOMETRIC_REPRESENTATION_CONTEXT(2) 
PARAMETRIC_REPRESENTATION_CONTEXT() REPRESENTATION_CONTEXT('2D SPACE',''
  ) );
#6348 = ORIENTED_EDGE('',*,*,#5316,.T.);
#6349 = ORIENTED_EDGE('',*,*,#2653,.F.);
#6350 = ORIENTED_EDGE('',*,*,#2790,.T.);
#6351 = ORIENTED_EDGE('',*,*,#2911,.F.);
#6352 = ORIENTED_EDGE('',*,*,#4777,.F.);
#6353 = FACE_BOUND('',#6354,.T.);
#6354 = EDGE_LOOP('',(#6355,#6385,#6413,#6441));
#6355 = ORIENTED_EDGE('',*,*,#6356,.F.);
#6356 = EDGE_CURVE('',#6357,#6359,#6361,.T.);
#6357 = VERTEX_POINT('',#6358);
#6358 = CARTESIAN_POINT('',(67.25,-82.6,49.133333333333));
#6359 = VERTEX_POINT('',#6360);
#6360 = CARTESIAN_POINT('',(72.75,-82.6,49.133333333333));
#6361 = SURFACE_CURVE('',#6362,(#6366,#6373),.PCURVE_S1.);
#6362 = LINE('',#6363,#6364);
#6363 = CARTESIAN_POINT('',(-18.875,-82.6,49.133333333333));
#6364 = VECTOR('',#6365,1.);
#6365 = DIRECTION('',(1.,-0.,-0.));
#6366 = PCURVE('',#2675,#6367);
#6367 = DEFINITIONAL_REPRESENTATION('',(#6368),#6372);
#6368 = LINE('',#6369,#6370);
#6369 = CARTESIAN_POINT('',(-6.746192341693,-86.125));
#6370 = VECTOR('',#6371,1.);
#6371 = DIRECTION('',(-0.,-1.));
#6372 = ( GEOMETRIC_REPRESENTATION_CONTEXT(2) 
PARAMETRIC_REPRESENTATION_CONTEXT() REPRESENTATION_CONTEXT('2D SPACE',''
  ) );
#6373 = PCURVE('',#6374,#6379);
#6374 = PLANE('',#6375);
#6375 = AXIS2_PLACEMENT_3D('',#6376,#6377,#6378);
#6376 = CARTESIAN_POINT('',(67.25,-82.6,42.));
#6377 = DIRECTION('',(0.,-1.,0.));
#6378 = DIRECTION('',(0.,0.,-1.));
#6379 = DEFINITIONAL_REPRESENTATION('',(#6380),#6384);
#6380 = LINE('',#6381,#6382);
#6381 = CARTESIAN_POINT('',(-7.133333333333,-86.125));
#6382 = VECTOR('',#6383,1.);
#6383 = DIRECTION('',(-0.,1.));
#6384 = ( GEOMETRIC_REPRESENTATION_CONTEXT(2) 
PARAMETRIC_REPRESENTATION_CONTEXT() REPRESENTATION_CONTEXT('2D SPACE',''
  ) );
#6385 = ORIENTED_EDGE('',*,*,#6386,.T.);
#6386 = EDGE_CURVE('',#6357,#6387,#6389,.T.);
#6387 = VERTEX_POINT('',#6388);
#6388 = CARTESIAN_POINT('',(67.25,-80.4,49.866666666667));
#6389 = SURFACE_CURVE('',#6390,(#6394,#6401),.PCURVE_S1.);
#6390 = LINE('',#6391,#6392);
#6391 = CARTESIAN_POINT('',(67.25,-85.88,48.04));
#6392 = VECTOR('',#6393,1.);
#6393 = DIRECTION('',(-0.,0.948683298051,0.316227766017));
#6394 = PCURVE('',#2675,#6395);
#6395 = DEFINITIONAL_REPRESENTATION('',(#6396),#6400);
#6396 = LINE('',#6397,#6398);
#6397 = CARTESIAN_POINT('',(-3.288768766575,-172.25));
#6398 = VECTOR('',#6399,1.);
#6399 = DIRECTION('',(-1.,0.));
#6400 = ( GEOMETRIC_REPRESENTATION_CONTEXT(2) 
PARAMETRIC_REPRESENTATION_CONTEXT() REPRESENTATION_CONTEXT('2D SPACE',''
  ) );
#6401 = PCURVE('',#6402,#6407);
#6402 = PLANE('',#6403);
#6403 = AXIS2_PLACEMENT_3D('',#6404,#6405,#6406);
#6404 = CARTESIAN_POINT('',(67.25,-80.4,42.));
#6405 = DIRECTION('',(1.,0.,-0.));
#6406 = DIRECTION('',(0.,0.,-1.));
#6407 = DEFINITIONAL_REPRESENTATION('',(#6408),#6412);
#6408 = LINE('',#6409,#6410);
#6409 = CARTESIAN_POINT('',(-6.04,-5.48));
#6410 = VECTOR('',#6411,1.);
#6411 = DIRECTION('',(-0.316227766017,0.948683298051));
#6412 = ( GEOMETRIC_REPRESENTATION_CONTEXT(2) 
PARAMETRIC_REPRESENTATION_CONTEXT() REPRESENTATION_CONTEXT('2D SPACE',''
  ) );
#6413 = ORIENTED_EDGE('',*,*,#6414,.T.);
#6414 = EDGE_CURVE('',#6387,#6415,#6417,.T.);
#6415 = VERTEX_POINT('',#6416);
#6416 = CARTESIAN_POINT('',(72.75,-80.4,49.866666666667));
#6417 = SURFACE_CURVE('',#6418,(#6422,#6429),.PCURVE_S1.);
#6418 = LINE('',#6419,#6420);
#6419 = CARTESIAN_POINT('',(-18.875,-80.4,49.866666666667));
#6420 = VECTOR('',#6421,1.);
#6421 = DIRECTION('',(1.,-0.,-0.));
#6422 = PCURVE('',#2675,#6423);
#6423 = DEFINITIONAL_REPRESENTATION('',(#6424),#6428);
#6424 = LINE('',#6425,#6426);
#6425 = CARTESIAN_POINT('',(-9.065195959149,-86.125));
#6426 = VECTOR('',#6427,1.);
#6427 = DIRECTION('',(-0.,-1.));
#6428 = ( GEOMETRIC_REPRESENTATION_CONTEXT(2) 
PARAMETRIC_REPRESENTATION_CONTEXT() REPRESENTATION_CONTEXT('2D SPACE',''
  ) );
#6429 = PCURVE('',#6430,#6435);
#6430 = PLANE('',#6431);
#6431 = AXIS2_PLACEMENT_3D('',#6432,#6433,#6434);
#6432 = CARTESIAN_POINT('',(67.25,-80.4,42.));
#6433 = DIRECTION('',(0.,-1.,0.));
#6434 = DIRECTION('',(0.,0.,-1.));
#6435 = DEFINITIONAL_REPRESENTATION('',(#6436),#6440);
#6436 = LINE('',#6437,#6438);
#6437 = CARTESIAN_POINT('',(-7.866666666667,-86.125));
#6438 = VECTOR('',#6439,1.);
#6439 = DIRECTION('',(-0.,1.));
#6440 = ( GEOMETRIC_REPRESENTATION_CONTEXT(2) 
PARAMETRIC_REPRESENTATION_CONTEXT() REPRESENTATION_CONTEXT('2D SPACE',''
  ) );
#6441 = ORIENTED_EDGE('',*,*,#6442,.F.);
#6442 = EDGE_CURVE('',#6359,#6415,#6443,.T.);
#6443 = SURFACE_CURVE('',#6444,(#6448,#6455),.PCURVE_S1.);
#6444 = LINE('',#6445,#6446);
#6445 = CARTESIAN_POINT('',(72.75,-85.88,48.04));
#6446 = VECTOR('',#6447,1.);
#6447 = DIRECTION('',(-0.,0.948683298051,0.316227766017));
#6448 = PCURVE('',#2675,#6449);
#6449 = DEFINITIONAL_REPRESENTATION('',(#6450),#6454);
#6450 = LINE('',#6451,#6452);
#6451 = CARTESIAN_POINT('',(-3.288768766575,-177.75));
#6452 = VECTOR('',#6453,1.);
#6453 = DIRECTION('',(-1.,0.));
#6454 = ( GEOMETRIC_REPRESENTATION_CONTEXT(2) 
PARAMETRIC_REPRESENTATION_CONTEXT() REPRESENTATION_CONTEXT('2D SPACE',''
  ) );
#6455 = PCURVE('',#6456,#6461);
#6456 = PLANE('',#6457);
#6457 = AXIS2_PLACEMENT_3D('',#6458,#6459,#6460);
#6458 = CARTESIAN_POINT('',(72.75,-80.4,42.));
#6459 = DIRECTION('',(1.,0.,-0.));
#6460 = DIRECTION('',(0.,0.,-1.));
#6461 = DEFINITIONAL_REPRESENTATION('',(#6462),#6466);
#6462 = LINE('',#6463,#6464);
#6463 = CARTESIAN_POINT('',(-6.04,-5.48));
#6464 = VECTOR('',#6465,1.);
#6465 = DIRECTION('',(-0.316227766017,0.948683298051));
#6466 = ( GEOMETRIC_REPRESENTATION_CONTEXT(2) 
PARAMETRIC_REPRESENTATION_CONTEXT() REPRESENTATION_CONTEXT('2D SPACE',''
  ) );
#6467 = FACE_BOUND('',#6468,.T.);
#6468 = EDGE_LOOP('',(#6469,#6499,#6527,#6555));
#6469 = ORIENTED_EDGE('',*,*,#6470,.F.);
#6470 = EDGE_CURVE('',#6471,#6473,#6475,.T.);
#6471 = VERTEX_POINT('',#6472);
#6472 = CARTESIAN_POINT('',(1.25,-82.6,49.133333333333));
#6473 = VERTEX_POINT('',#6474);
#6474 = CARTESIAN_POINT('',(6.75,-82.6,49.133333333333));
#6475 = SURFACE_CURVE('',#6476,(#6480,#6487),.PCURVE_S1.);
#6476 = LINE('',#6477,#6478);
#6477 = CARTESIAN_POINT('',(-51.875,-82.6,49.133333333333));
#6478 = VECTOR('',#6479,1.);
#6479 = DIRECTION('',(1.,-0.,-0.));
#6480 = PCURVE('',#2675,#6481);
#6481 = DEFINITIONAL_REPRESENTATION('',(#6482),#6486);
#6482 = LINE('',#6483,#6484);
#6483 = CARTESIAN_POINT('',(-6.746192341693,-53.125));
#6484 = VECTOR('',#6485,1.);
#6485 = DIRECTION('',(-0.,-1.));
#6486 = ( GEOMETRIC_REPRESENTATION_CONTEXT(2) 
PARAMETRIC_REPRESENTATION_CONTEXT() REPRESENTATION_CONTEXT('2D SPACE',''
  ) );
#6487 = PCURVE('',#6488,#6493);
#6488 = PLANE('',#6489);
#6489 = AXIS2_PLACEMENT_3D('',#6490,#6491,#6492);
#6490 = CARTESIAN_POINT('',(1.25,-82.6,42.));
#6491 = DIRECTION('',(0.,-1.,0.));
#6492 = DIRECTION('',(0.,0.,-1.));
#6493 = DEFINITIONAL_REPRESENTATION('',(#6494),#6498);
#6494 = LINE('',#6495,#6496);
#6495 = CARTESIAN_POINT('',(-7.133333333333,-53.125));
#6496 = VECTOR('',#6497,1.);
#6497 = DIRECTION('',(-0.,1.));
#6498 = ( GEOMETRIC_REPRESENTATION_CONTEXT(2) 
PARAMETRIC_REPRESENTATION_CONTEXT() REPRESENTATION_CONTEXT('2D SPACE',''
  ) );
#6499 = ORIENTED_EDGE('',*,*,#6500,.T.);
#6500 = EDGE_CURVE('',#6471,#6501,#6503,.T.);
#6501 = VERTEX_POINT('',#6502);
#6502 = CARTESIAN_POINT('',(1.25,-80.4,49.866666666667));
#6503 = SURFACE_CURVE('',#6504,(#6508,#6515),.PCURVE_S1.);
#6504 = LINE('',#6505,#6506);
#6505 = CARTESIAN_POINT('',(1.25,-85.88,48.04));
#6506 = VECTOR('',#6507,1.);
#6507 = DIRECTION('',(-0.,0.948683298051,0.316227766017));
#6508 = PCURVE('',#2675,#6509);
#6509 = DEFINITIONAL_REPRESENTATION('',(#6510),#6514);
#6510 = LINE('',#6511,#6512);
#6511 = CARTESIAN_POINT('',(-3.288768766575,-106.25));
#6512 = VECTOR('',#6513,1.);
#6513 = DIRECTION('',(-1.,0.));
#6514 = ( GEOMETRIC_REPRESENTATION_CONTEXT(2) 
PARAMETRIC_REPRESENTATION_CONTEXT() REPRESENTATION_CONTEXT('2D SPACE',''
  ) );
#6515 = PCURVE('',#6516,#6521);
#6516 = PLANE('',#6517);
#6517 = AXIS2_PLACEMENT_3D('',#6518,#6519,#6520);
#6518 = CARTESIAN_POINT('',(1.25,-80.4,42.));
#6519 = DIRECTION('',(1.,0.,-0.));
#6520 = DIRECTION('',(0.,0.,-1.));
#6521 = DEFINITIONAL_REPRESENTATION('',(#6522),#6526);
#6522 = LINE('',#6523,#6524);
#6523 = CARTESIAN_POINT('',(-6.04,-5.48));
#6524 = VECTOR('',#6525,1.);
#6525 = DIRECTION('',(-0.316227766017,0.948683298051));
#6526 = ( GEOMETRIC_REPRESENTATION_CONTEXT(2) 
PARAMETRIC_REPRESENTATION_CONTEXT() REPRESENTATION_CONTEXT('2D SPACE',''
  ) );
#6527 = ORIENTED_EDGE('',*,*,#6528,.T.);
#6528 = EDGE_CURVE('',#6501,#6529,#6531,.T.);
#6529 = VERTEX_POINT('',#6530);
#6530 = CARTESIAN_POINT('',(6.75,-80.4,49.866666666667));
#6531 = SURFACE_CURVE('',#6532,(#6536,#6543),.PCURVE_S1.);
#6532 = LINE('',#6533,#6534);
#6533 = CARTESIAN_POINT('',(-51.875,-80.4,49.866666666667));
#6534 = VECTOR('',#6535,1.);
#6535 = DIRECTION('',(1.,-0.,-0.));
#6536 = PCURVE('',#2675,#6537);
#6537 = DEFINITIONAL_REPRESENTATION('',(#6538),#6542);
#6538 = LINE('',#6539,#6540);
#6539 = CARTESIAN_POINT('',(-9.065195959149,-53.125));
#6540 = VECTOR('',#6541,1.);
#6541 = DIRECTION('',(-0.,-1.));
#6542 = ( GEOMETRIC_REPRESENTATION_CONTEXT(2) 
PARAMETRIC_REPRESENTATION_CONTEXT() REPRESENTATION_CONTEXT('2D SPACE',''
  ) );
#6543 = PCURVE('',#6544,#6549);
#6544 = PLANE('',#6545);
#6545 = AXIS2_PLACEMENT_3D('',#6546,#6547,#6548);
#6546 = CARTESIAN_POINT('',(1.25,-80.4,42.));
#6547 = DIRECTION('',(0.,-1.,0.));
#6548 = DIRECTION('',(0.,0.,-1.));
#6549 = DEFINITIONAL_REPRESENTATION('',(#6550),#6554);
#6550 = LINE('',#6551,#6552);
#6551 = CARTESIAN_POINT('',(-7.866666666667,-53.125));
#6552 = VECTOR('',#6553,1.);
#6553 = DIRECTION('',(-0.,1.));
#6554 = ( GEOMETRIC_REPRESENTATION_CONTEXT(2) 
PARAMETRIC_REPRESENTATION_CONTEXT() REPRESENTATION_CONTEXT('2D SPACE',''
  ) );
#6555 = ORIENTED_EDGE('',*,*,#6556,.F.);
#6556 = EDGE_CURVE('',#6473,#6529,#6557,.T.);
#6557 = SURFACE_CURVE('',#6558,(#6562,#6569),.PCURVE_S1.);
#6558 = LINE('',#6559,#6560);
#6559 = CARTESIAN_POINT('',(6.75,-85.88,48.04));
#6560 = VECTOR('',#6561,1.);
#6561 = DIRECTION('',(-0.,0.948683298051,0.316227766017));
#6562 = PCURVE('',#2675,#6563);
#6563 = DEFINITIONAL_REPRESENTATION('',(#6564),#6568);
#6564 = LINE('',#6565,#6566);
#6565 = CARTESIAN_POINT('',(-3.288768766575,-111.75));
#6566 = VECTOR('',#6567,1.);
#6567 = DIRECTION('',(-1.,0.));
#6568 = ( GEOMETRIC_REPRESENTATION_CONTEXT(2) 
PARAMETRIC_REPRESENTATION_CONTEXT() REPRESENTATION_CONTEXT('2D SPACE',''
  ) );
#6569 = PCURVE('',#6570,#6575);
#6570 = PLANE('',#6571);
#6571 = AXIS2_PLACEMENT_3D('',#6572,#6573,#6574);
#6572 = CARTESIAN_POINT('',(6.75,-80.4,42.));
#6573 = DIRECTION('',(1.,0.,-0.));
#6574 = DIRECTION('',(0.,0.,-1.));
#6575 = DEFINITIONAL_REPRESENTATION('',(#6576),#6580);
#6576 = LINE('',#6577,#6578);
#6577 = CARTESIAN_POINT('',(-6.04,-5.48));
#6578 = VECTOR('',#6579,1.);
#6579 = DIRECTION('',(-0.316227766017,0.948683298051));
#6580 = ( GEOMETRIC_REPRESENTATION_CONTEXT(2) 
PARAMETRIC_REPRESENTATION_CONTEXT() REPRESENTATION_CONTEXT('2D SPACE',''
  ) );
#6581 = ADVANCED_FACE('',(#6582,#6814,#6908),#3143,.T.);
#6582 = FACE_BOUND('',#6583,.F.);
#6583 = EDGE_LOOP('',(#6584,#6585,#6608,#6631,#6654,#6677,#6700,#6723,
    #6746,#6769,#6790,#6791,#6792,#6793));
#6584 = ORIENTED_EDGE('',*,*,#4849,.F.);
#6585 = ORIENTED_EDGE('',*,*,#6586,.T.);
#6586 = EDGE_CURVE('',#4850,#6587,#6589,.T.);
#6587 = VERTEX_POINT('',#6588);
#6588 = CARTESIAN_POINT('',(1.25,-88.,44.6));
#6589 = SURFACE_CURVE('',#6590,(#6594,#6601),.PCURVE_S1.);
#6590 = LINE('',#6591,#6592);
#6591 = CARTESIAN_POINT('',(-102.6,-88.,44.6));
#6592 = VECTOR('',#6593,1.);
#6593 = DIRECTION('',(1.,-0.,-0.));
#6594 = PCURVE('',#3143,#6595);
#6595 = DEFINITIONAL_REPRESENTATION('',(#6596),#6600);
#6596 = LINE('',#6597,#6598);
#6597 = CARTESIAN_POINT('',(-0.,0.));
#6598 = VECTOR('',#6599,1.);
#6599 = DIRECTION('',(-0.,-1.));
#6600 = ( GEOMETRIC_REPRESENTATION_CONTEXT(2) 
PARAMETRIC_REPRESENTATION_CONTEXT() REPRESENTATION_CONTEXT('2D SPACE',''
  ) );
#6601 = PCURVE('',#3218,#6602);
#6602 = DEFINITIONAL_REPRESENTATION('',(#6603),#6607);
#6603 = LINE('',#6604,#6605);
#6604 = CARTESIAN_POINT('',(-6.657326790837,0.));
#6605 = VECTOR('',#6606,1.);
#6606 = DIRECTION('',(-0.,-1.));
#6607 = ( GEOMETRIC_REPRESENTATION_CONTEXT(2) 
PARAMETRIC_REPRESENTATION_CONTEXT() REPRESENTATION_CONTEXT('2D SPACE',''
  ) );
#6608 = ORIENTED_EDGE('',*,*,#6609,.T.);
#6609 = EDGE_CURVE('',#6587,#6610,#6612,.T.);
#6610 = VERTEX_POINT('',#6611);
#6611 = CARTESIAN_POINT('',(1.25,-87.9,44.6375));
#6612 = SURFACE_CURVE('',#6613,(#6617,#6624),.PCURVE_S1.);
#6613 = LINE('',#6614,#6615);
#6614 = CARTESIAN_POINT('',(1.25,-88.38356164383,44.456164383562));
#6615 = VECTOR('',#6616,1.);
#6616 = DIRECTION('',(-0.,0.936329177569,0.351123441588));
#6617 = PCURVE('',#3143,#6618);
#6618 = DEFINITIONAL_REPRESENTATION('',(#6619),#6623);
#6619 = LINE('',#6620,#6621);
#6620 = CARTESIAN_POINT('',(0.409644015186,-103.85));
#6621 = VECTOR('',#6622,1.);
#6622 = DIRECTION('',(-1.,0.));
#6623 = ( GEOMETRIC_REPRESENTATION_CONTEXT(2) 
PARAMETRIC_REPRESENTATION_CONTEXT() REPRESENTATION_CONTEXT('2D SPACE',''
  ) );
#6624 = PCURVE('',#5518,#6625);
#6625 = DEFINITIONAL_REPRESENTATION('',(#6626),#6630);
#6626 = LINE('',#6627,#6628);
#6627 = CARTESIAN_POINT('',(-2.456164383562,-0.483561643836));
#6628 = VECTOR('',#6629,1.);
#6629 = DIRECTION('',(-0.351123441588,0.936329177569));
#6630 = ( GEOMETRIC_REPRESENTATION_CONTEXT(2) 
PARAMETRIC_REPRESENTATION_CONTEXT() REPRESENTATION_CONTEXT('2D SPACE',''
  ) );
#6631 = ORIENTED_EDGE('',*,*,#6632,.T.);
#6632 = EDGE_CURVE('',#6610,#6633,#6635,.T.);
#6633 = VERTEX_POINT('',#6634);
#6634 = CARTESIAN_POINT('',(6.75,-87.9,44.6375));
#6635 = SURFACE_CURVE('',#6636,(#6640,#6647),.PCURVE_S1.);
#6636 = LINE('',#6637,#6638);
#6637 = CARTESIAN_POINT('',(-50.675,-87.9,44.6375));
#6638 = VECTOR('',#6639,1.);
#6639 = DIRECTION('',(1.,-0.,-0.));
#6640 = PCURVE('',#3143,#6641);
#6641 = DEFINITIONAL_REPRESENTATION('',(#6642),#6646);
#6642 = LINE('',#6643,#6644);
#6643 = CARTESIAN_POINT('',(-0.106800046816,-51.925));
#6644 = VECTOR('',#6645,1.);
#6645 = DIRECTION('',(-0.,-1.));
#6646 = ( GEOMETRIC_REPRESENTATION_CONTEXT(2) 
PARAMETRIC_REPRESENTATION_CONTEXT() REPRESENTATION_CONTEXT('2D SPACE',''
  ) );
#6647 = PCURVE('',#6243,#6648);
#6648 = DEFINITIONAL_REPRESENTATION('',(#6649),#6653);
#6649 = LINE('',#6650,#6651);
#6650 = CARTESIAN_POINT('',(-2.6375,-51.925));
#6651 = VECTOR('',#6652,1.);
#6652 = DIRECTION('',(-0.,1.));
#6653 = ( GEOMETRIC_REPRESENTATION_CONTEXT(2) 
PARAMETRIC_REPRESENTATION_CONTEXT() REPRESENTATION_CONTEXT('2D SPACE',''
  ) );
#6654 = ORIENTED_EDGE('',*,*,#6655,.F.);
#6655 = EDGE_CURVE('',#6656,#6633,#6658,.T.);
#6656 = VERTEX_POINT('',#6657);
#6657 = CARTESIAN_POINT('',(6.75,-88.,44.6));
#6658 = SURFACE_CURVE('',#6659,(#6663,#6670),.PCURVE_S1.);
#6659 = LINE('',#6660,#6661);
#6660 = CARTESIAN_POINT('',(6.75,-88.38356164383,44.456164383562));
#6661 = VECTOR('',#6662,1.);
#6662 = DIRECTION('',(-0.,0.936329177569,0.351123441588));
#6663 = PCURVE('',#3143,#6664);
#6664 = DEFINITIONAL_REPRESENTATION('',(#6665),#6669);
#6665 = LINE('',#6666,#6667);
#6666 = CARTESIAN_POINT('',(0.409644015186,-109.35));
#6667 = VECTOR('',#6668,1.);
#6668 = DIRECTION('',(-1.,0.));
#6669 = ( GEOMETRIC_REPRESENTATION_CONTEXT(2) 
PARAMETRIC_REPRESENTATION_CONTEXT() REPRESENTATION_CONTEXT('2D SPACE',''
  ) );
#6670 = PCURVE('',#5462,#6671);
#6671 = DEFINITIONAL_REPRESENTATION('',(#6672),#6676);
#6672 = LINE('',#6673,#6674);
#6673 = CARTESIAN_POINT('',(-2.456164383562,-0.483561643836));
#6674 = VECTOR('',#6675,1.);
#6675 = DIRECTION('',(-0.351123441588,0.936329177569));
#6676 = ( GEOMETRIC_REPRESENTATION_CONTEXT(2) 
PARAMETRIC_REPRESENTATION_CONTEXT() REPRESENTATION_CONTEXT('2D SPACE',''
  ) );
#6677 = ORIENTED_EDGE('',*,*,#6678,.T.);
#6678 = EDGE_CURVE('',#6656,#6679,#6681,.T.);
#6679 = VERTEX_POINT('',#6680);
#6680 = CARTESIAN_POINT('',(67.25,-88.,44.6));
#6681 = SURFACE_CURVE('',#6682,(#6686,#6693),.PCURVE_S1.);
#6682 = LINE('',#6683,#6684);
#6683 = CARTESIAN_POINT('',(-102.6,-88.,44.6));
#6684 = VECTOR('',#6685,1.);
#6685 = DIRECTION('',(1.,-0.,-0.));
#6686 = PCURVE('',#3143,#6687);
#6687 = DEFINITIONAL_REPRESENTATION('',(#6688),#6692);
#6688 = LINE('',#6689,#6690);
#6689 = CARTESIAN_POINT('',(-0.,0.));
#6690 = VECTOR('',#6691,1.);
#6691 = DIRECTION('',(-0.,-1.));
#6692 = ( GEOMETRIC_REPRESENTATION_CONTEXT(2) 
PARAMETRIC_REPRESENTATION_CONTEXT() REPRESENTATION_CONTEXT('2D SPACE',''
  ) );
#6693 = PCURVE('',#3218,#6694);
#6694 = DEFINITIONAL_REPRESENTATION('',(#6695),#6699);
#6695 = LINE('',#6696,#6697);
#6696 = CARTESIAN_POINT('',(-6.657326790837,0.));
#6697 = VECTOR('',#6698,1.);
#6698 = DIRECTION('',(-0.,-1.));
#6699 = ( GEOMETRIC_REPRESENTATION_CONTEXT(2) 
PARAMETRIC_REPRESENTATION_CONTEXT() REPRESENTATION_CONTEXT('2D SPACE',''
  ) );
#6700 = ORIENTED_EDGE('',*,*,#6701,.T.);
#6701 = EDGE_CURVE('',#6679,#6702,#6704,.T.);
#6702 = VERTEX_POINT('',#6703);
#6703 = CARTESIAN_POINT('',(67.25,-87.9,44.6375));
#6704 = SURFACE_CURVE('',#6705,(#6709,#6716),.PCURVE_S1.);
#6705 = LINE('',#6706,#6707);
#6706 = CARTESIAN_POINT('',(67.25,-88.38356164383,44.456164383562));
#6707 = VECTOR('',#6708,1.);
#6708 = DIRECTION('',(-0.,0.936329177569,0.351123441588));
#6709 = PCURVE('',#3143,#6710);
#6710 = DEFINITIONAL_REPRESENTATION('',(#6711),#6715);
#6711 = LINE('',#6712,#6713);
#6712 = CARTESIAN_POINT('',(0.409644015186,-169.85));
#6713 = VECTOR('',#6714,1.);
#6714 = DIRECTION('',(-1.,0.));
#6715 = ( GEOMETRIC_REPRESENTATION_CONTEXT(2) 
PARAMETRIC_REPRESENTATION_CONTEXT() REPRESENTATION_CONTEXT('2D SPACE',''
  ) );
#6716 = PCURVE('',#5411,#6717);
#6717 = DEFINITIONAL_REPRESENTATION('',(#6718),#6722);
#6718 = LINE('',#6719,#6720);
#6719 = CARTESIAN_POINT('',(-2.456164383562,-0.483561643836));
#6720 = VECTOR('',#6721,1.);
#6721 = DIRECTION('',(-0.351123441588,0.936329177569));
#6722 = ( GEOMETRIC_REPRESENTATION_CONTEXT(2) 
PARAMETRIC_REPRESENTATION_CONTEXT() REPRESENTATION_CONTEXT('2D SPACE',''
  ) );
#6723 = ORIENTED_EDGE('',*,*,#6724,.T.);
#6724 = EDGE_CURVE('',#6702,#6725,#6727,.T.);
#6725 = VERTEX_POINT('',#6726);
#6726 = CARTESIAN_POINT('',(72.75,-87.9,44.6375));
#6727 = SURFACE_CURVE('',#6728,(#6732,#6739),.PCURVE_S1.);
#6728 = LINE('',#6729,#6730);
#6729 = CARTESIAN_POINT('',(-17.675,-87.9,44.6375));
#6730 = VECTOR('',#6731,1.);
#6731 = DIRECTION('',(1.,-0.,-0.));
#6732 = PCURVE('',#3143,#6733);
#6733 = DEFINITIONAL_REPRESENTATION('',(#6734),#6738);
#6734 = LINE('',#6735,#6736);
#6735 = CARTESIAN_POINT('',(-0.106800046816,-84.925));
#6736 = VECTOR('',#6737,1.);
#6737 = DIRECTION('',(-0.,-1.));
#6738 = ( GEOMETRIC_REPRESENTATION_CONTEXT(2) 
PARAMETRIC_REPRESENTATION_CONTEXT() REPRESENTATION_CONTEXT('2D SPACE',''
  ) );
#6739 = PCURVE('',#6316,#6740);
#6740 = DEFINITIONAL_REPRESENTATION('',(#6741),#6745);
#6741 = LINE('',#6742,#6743);
#6742 = CARTESIAN_POINT('',(-2.6375,-84.925));
#6743 = VECTOR('',#6744,1.);
#6744 = DIRECTION('',(-0.,1.));
#6745 = ( GEOMETRIC_REPRESENTATION_CONTEXT(2) 
PARAMETRIC_REPRESENTATION_CONTEXT() REPRESENTATION_CONTEXT('2D SPACE',''
  ) );
#6746 = ORIENTED_EDGE('',*,*,#6747,.F.);
#6747 = EDGE_CURVE('',#6748,#6725,#6750,.T.);
#6748 = VERTEX_POINT('',#6749);
#6749 = CARTESIAN_POINT('',(72.75,-88.,44.6));
#6750 = SURFACE_CURVE('',#6751,(#6755,#6762),.PCURVE_S1.);
#6751 = LINE('',#6752,#6753);
#6752 = CARTESIAN_POINT('',(72.75,-88.38356164383,44.456164383562));
#6753 = VECTOR('',#6754,1.);
#6754 = DIRECTION('',(-0.,0.936329177569,0.351123441588));
#6755 = PCURVE('',#3143,#6756);
#6756 = DEFINITIONAL_REPRESENTATION('',(#6757),#6761);
#6757 = LINE('',#6758,#6759);
#6758 = CARTESIAN_POINT('',(0.409644015186,-175.35));
#6759 = VECTOR('',#6760,1.);
#6760 = DIRECTION('',(-1.,0.));
#6761 = ( GEOMETRIC_REPRESENTATION_CONTEXT(2) 
PARAMETRIC_REPRESENTATION_CONTEXT() REPRESENTATION_CONTEXT('2D SPACE',''
  ) );
#6762 = PCURVE('',#5355,#6763);
#6763 = DEFINITIONAL_REPRESENTATION('',(#6764),#6768);
#6764 = LINE('',#6765,#6766);
#6765 = CARTESIAN_POINT('',(-2.456164383562,-0.483561643836));
#6766 = VECTOR('',#6767,1.);
#6767 = DIRECTION('',(-0.351123441588,0.936329177569));
#6768 = ( GEOMETRIC_REPRESENTATION_CONTEXT(2) 
PARAMETRIC_REPRESENTATION_CONTEXT() REPRESENTATION_CONTEXT('2D SPACE',''
  ) );
#6769 = ORIENTED_EDGE('',*,*,#6770,.T.);
#6770 = EDGE_CURVE('',#6748,#3124,#6771,.T.);
#6771 = SURFACE_CURVE('',#6772,(#6776,#6783),.PCURVE_S1.);
#6772 = LINE('',#6773,#6774);
#6773 = CARTESIAN_POINT('',(-102.6,-88.,44.6));
#6774 = VECTOR('',#6775,1.);
#6775 = DIRECTION('',(1.,-0.,-0.));
#6776 = PCURVE('',#3143,#6777);
#6777 = DEFINITIONAL_REPRESENTATION('',(#6778),#6782);
#6778 = LINE('',#6779,#6780);
#6779 = CARTESIAN_POINT('',(-0.,0.));
#6780 = VECTOR('',#6781,1.);
#6781 = DIRECTION('',(-0.,-1.));
#6782 = ( GEOMETRIC_REPRESENTATION_CONTEXT(2) 
PARAMETRIC_REPRESENTATION_CONTEXT() REPRESENTATION_CONTEXT('2D SPACE',''
  ) );
#6783 = PCURVE('',#3218,#6784);
#6784 = DEFINITIONAL_REPRESENTATION('',(#6785),#6789);
#6785 = LINE('',#6786,#6787);
#6786 = CARTESIAN_POINT('',(-6.657326790837,0.));
#6787 = VECTOR('',#6788,1.);
#6788 = DIRECTION('',(-0.,-1.));
#6789 = ( GEOMETRIC_REPRESENTATION_CONTEXT(2) 
PARAMETRIC_REPRESENTATION_CONTEXT() REPRESENTATION_CONTEXT('2D SPACE',''
  ) );
#6790 = ORIENTED_EDGE('',*,*,#3121,.F.);
#6791 = ORIENTED_EDGE('',*,*,#3233,.T.);
#6792 = ORIENTED_EDGE('',*,*,#4115,.F.);
#6793 = ORIENTED_EDGE('',*,*,#6794,.F.);
#6794 = EDGE_CURVE('',#4827,#4087,#6795,.T.);
#6795 = SURFACE_CURVE('',#6796,(#6800,#6807),.PCURVE_S1.);
#6796 = LINE('',#6797,#6798);
#6797 = CARTESIAN_POINT('',(-102.6,-80.,47.6));
#6798 = VECTOR('',#6799,1.);
#6799 = DIRECTION('',(1.,-0.,-0.));
#6800 = PCURVE('',#3143,#6801);
#6801 = DEFINITIONAL_REPRESENTATION('',(#6802),#6806);
#6802 = LINE('',#6803,#6804);
#6803 = CARTESIAN_POINT('',(-8.544003745318,0.));
#6804 = VECTOR('',#6805,1.);
#6805 = DIRECTION('',(-0.,-1.));
#6806 = ( GEOMETRIC_REPRESENTATION_CONTEXT(2) 
PARAMETRIC_REPRESENTATION_CONTEXT() REPRESENTATION_CONTEXT('2D SPACE',''
  ) );
#6807 = PCURVE('',#4103,#6808);
#6808 = DEFINITIONAL_REPRESENTATION('',(#6809),#6813);
#6809 = LINE('',#6810,#6811);
#6810 = CARTESIAN_POINT('',(-0.,0.));
#6811 = VECTOR('',#6812,1.);
#6812 = DIRECTION('',(-0.,-1.));
#6813 = ( GEOMETRIC_REPRESENTATION_CONTEXT(2) 
PARAMETRIC_REPRESENTATION_CONTEXT() REPRESENTATION_CONTEXT('2D SPACE',''
  ) );
#6814 = FACE_BOUND('',#6815,.F.);
#6815 = EDGE_LOOP('',(#6816,#6841,#6864,#6887));
#6816 = ORIENTED_EDGE('',*,*,#6817,.F.);
#6817 = EDGE_CURVE('',#6818,#6820,#6822,.T.);
#6818 = VERTEX_POINT('',#6819);
#6819 = CARTESIAN_POINT('',(67.25,-82.6,46.625));
#6820 = VERTEX_POINT('',#6821);
#6821 = CARTESIAN_POINT('',(72.75,-82.6,46.625));
#6822 = SURFACE_CURVE('',#6823,(#6827,#6834),.PCURVE_S1.);
#6823 = LINE('',#6824,#6825);
#6824 = CARTESIAN_POINT('',(-17.675,-82.6,46.625));
#6825 = VECTOR('',#6826,1.);
#6826 = DIRECTION('',(1.,-0.,-0.));
#6827 = PCURVE('',#3143,#6828);
#6828 = DEFINITIONAL_REPRESENTATION('',(#6829),#6833);
#6829 = LINE('',#6830,#6831);
#6830 = CARTESIAN_POINT('',(-5.767202528089,-84.925));
#6831 = VECTOR('',#6832,1.);
#6832 = DIRECTION('',(-0.,-1.));
#6833 = ( GEOMETRIC_REPRESENTATION_CONTEXT(2) 
PARAMETRIC_REPRESENTATION_CONTEXT() REPRESENTATION_CONTEXT('2D SPACE',''
  ) );
#6834 = PCURVE('',#6374,#6835);
#6835 = DEFINITIONAL_REPRESENTATION('',(#6836),#6840);
#6836 = LINE('',#6837,#6838);
#6837 = CARTESIAN_POINT('',(-4.625,-84.925));
#6838 = VECTOR('',#6839,1.);
#6839 = DIRECTION('',(-0.,1.));
#6840 = ( GEOMETRIC_REPRESENTATION_CONTEXT(2) 
PARAMETRIC_REPRESENTATION_CONTEXT() REPRESENTATION_CONTEXT('2D SPACE',''
  ) );
#6841 = ORIENTED_EDGE('',*,*,#6842,.T.);
#6842 = EDGE_CURVE('',#6818,#6843,#6845,.T.);
#6843 = VERTEX_POINT('',#6844);
#6844 = CARTESIAN_POINT('',(67.25,-80.4,47.45));
#6845 = SURFACE_CURVE('',#6846,(#6850,#6857),.PCURVE_S1.);
#6846 = LINE('',#6847,#6848);
#6847 = CARTESIAN_POINT('',(67.25,-85.09589041095,45.68904109589));
#6848 = VECTOR('',#6849,1.);
#6849 = DIRECTION('',(-0.,0.936329177569,0.351123441588));
#6850 = PCURVE('',#3143,#6851);
#6851 = DEFINITIONAL_REPRESENTATION('',(#6852),#6856);
#6852 = LINE('',#6853,#6854);
#6853 = CARTESIAN_POINT('',(-3.101590400697,-169.85));
#6854 = VECTOR('',#6855,1.);
#6855 = DIRECTION('',(-1.,0.));
#6856 = ( GEOMETRIC_REPRESENTATION_CONTEXT(2) 
PARAMETRIC_REPRESENTATION_CONTEXT() REPRESENTATION_CONTEXT('2D SPACE',''
  ) );
#6857 = PCURVE('',#6402,#6858);
#6858 = DEFINITIONAL_REPRESENTATION('',(#6859),#6863);
#6859 = LINE('',#6860,#6861);
#6860 = CARTESIAN_POINT('',(-3.68904109589,-4.695890410959));
#6861 = VECTOR('',#6862,1.);
#6862 = DIRECTION('',(-0.351123441588,0.936329177569));
#6863 = ( GEOMETRIC_REPRESENTATION_CONTEXT(2) 
PARAMETRIC_REPRESENTATION_CONTEXT() REPRESENTATION_CONTEXT('2D SPACE',''
  ) );
#6864 = ORIENTED_EDGE('',*,*,#6865,.T.);
#6865 = EDGE_CURVE('',#6843,#6866,#6868,.T.);
#6866 = VERTEX_POINT('',#6867);
#6867 = CARTESIAN_POINT('',(72.75,-80.4,47.45));
#6868 = SURFACE_CURVE('',#6869,(#6873,#6880),.PCURVE_S1.);
#6869 = LINE('',#6870,#6871);
#6870 = CARTESIAN_POINT('',(-17.675,-80.4,47.45));
#6871 = VECTOR('',#6872,1.);
#6872 = DIRECTION('',(1.,-0.,-0.));
#6873 = PCURVE('',#3143,#6874);
#6874 = DEFINITIONAL_REPRESENTATION('',(#6875),#6879);
#6875 = LINE('',#6876,#6877);
#6876 = CARTESIAN_POINT('',(-8.116803558052,-84.925));
#6877 = VECTOR('',#6878,1.);
#6878 = DIRECTION('',(-0.,-1.));
#6879 = ( GEOMETRIC_REPRESENTATION_CONTEXT(2) 
PARAMETRIC_REPRESENTATION_CONTEXT() REPRESENTATION_CONTEXT('2D SPACE',''
  ) );
#6880 = PCURVE('',#6430,#6881);
#6881 = DEFINITIONAL_REPRESENTATION('',(#6882),#6886);
#6882 = LINE('',#6883,#6884);
#6883 = CARTESIAN_POINT('',(-5.45,-84.925));
#6884 = VECTOR('',#6885,1.);
#6885 = DIRECTION('',(-0.,1.));
#6886 = ( GEOMETRIC_REPRESENTATION_CONTEXT(2) 
PARAMETRIC_REPRESENTATION_CONTEXT() REPRESENTATION_CONTEXT('2D SPACE',''
  ) );
#6887 = ORIENTED_EDGE('',*,*,#6888,.F.);
#6888 = EDGE_CURVE('',#6820,#6866,#6889,.T.);
#6889 = SURFACE_CURVE('',#6890,(#6894,#6901),.PCURVE_S1.);
#6890 = LINE('',#6891,#6892);
#6891 = CARTESIAN_POINT('',(72.75,-85.09589041095,45.68904109589));
#6892 = VECTOR('',#6893,1.);
#6893 = DIRECTION('',(-0.,0.936329177569,0.351123441588));
#6894 = PCURVE('',#3143,#6895);
#6895 = DEFINITIONAL_REPRESENTATION('',(#6896),#6900);
#6896 = LINE('',#6897,#6898);
#6897 = CARTESIAN_POINT('',(-3.101590400697,-175.35));
#6898 = VECTOR('',#6899,1.);
#6899 = DIRECTION('',(-1.,0.));
#6900 = ( GEOMETRIC_REPRESENTATION_CONTEXT(2) 
PARAMETRIC_REPRESENTATION_CONTEXT() REPRESENTATION_CONTEXT('2D SPACE',''
  ) );
#6901 = PCURVE('',#6456,#6902);
#6902 = DEFINITIONAL_REPRESENTATION('',(#6903),#6907);
#6903 = LINE('',#6904,#6905);
#6904 = CARTESIAN_POINT('',(-3.68904109589,-4.695890410959));
#6905 = VECTOR('',#6906,1.);
#6906 = DIRECTION('',(-0.351123441588,0.936329177569));
#6907 = ( GEOMETRIC_REPRESENTATION_CONTEXT(2) 
PARAMETRIC_REPRESENTATION_CONTEXT() REPRESENTATION_CONTEXT('2D SPACE',''
  ) );
#6908 = FACE_BOUND('',#6909,.F.);
#6909 = EDGE_LOOP('',(#6910,#6935,#6958,#6981));
#6910 = ORIENTED_EDGE('',*,*,#6911,.F.);
#6911 = EDGE_CURVE('',#6912,#6914,#6916,.T.);
#6912 = VERTEX_POINT('',#6913);
#6913 = CARTESIAN_POINT('',(1.25,-82.6,46.625));
#6914 = VERTEX_POINT('',#6915);
#6915 = CARTESIAN_POINT('',(6.75,-82.6,46.625));
#6916 = SURFACE_CURVE('',#6917,(#6921,#6928),.PCURVE_S1.);
#6917 = LINE('',#6918,#6919);
#6918 = CARTESIAN_POINT('',(-50.675,-82.6,46.625));
#6919 = VECTOR('',#6920,1.);
#6920 = DIRECTION('',(1.,-0.,-0.));
#6921 = PCURVE('',#3143,#6922);
#6922 = DEFINITIONAL_REPRESENTATION('',(#6923),#6927);
#6923 = LINE('',#6924,#6925);
#6924 = CARTESIAN_POINT('',(-5.767202528089,-51.925));
#6925 = VECTOR('',#6926,1.);
#6926 = DIRECTION('',(-0.,-1.));
#6927 = ( GEOMETRIC_REPRESENTATION_CONTEXT(2) 
PARAMETRIC_REPRESENTATION_CONTEXT() REPRESENTATION_CONTEXT('2D SPACE',''
  ) );
#6928 = PCURVE('',#6488,#6929);
#6929 = DEFINITIONAL_REPRESENTATION('',(#6930),#6934);
#6930 = LINE('',#6931,#6932);
#6931 = CARTESIAN_POINT('',(-4.625,-51.925));
#6932 = VECTOR('',#6933,1.);
#6933 = DIRECTION('',(-0.,1.));
#6934 = ( GEOMETRIC_REPRESENTATION_CONTEXT(2) 
PARAMETRIC_REPRESENTATION_CONTEXT() REPRESENTATION_CONTEXT('2D SPACE',''
  ) );
#6935 = ORIENTED_EDGE('',*,*,#6936,.T.);
#6936 = EDGE_CURVE('',#6912,#6937,#6939,.T.);
#6937 = VERTEX_POINT('',#6938);
#6938 = CARTESIAN_POINT('',(1.25,-80.4,47.45));
#6939 = SURFACE_CURVE('',#6940,(#6944,#6951),.PCURVE_S1.);
#6940 = LINE('',#6941,#6942);
#6941 = CARTESIAN_POINT('',(1.25,-85.09589041095,45.68904109589));
#6942 = VECTOR('',#6943,1.);
#6943 = DIRECTION('',(-0.,0.936329177569,0.351123441588));
#6944 = PCURVE('',#3143,#6945);
#6945 = DEFINITIONAL_REPRESENTATION('',(#6946),#6950);
#6946 = LINE('',#6947,#6948);
#6947 = CARTESIAN_POINT('',(-3.101590400697,-103.85));
#6948 = VECTOR('',#6949,1.);
#6949 = DIRECTION('',(-1.,0.));
#6950 = ( GEOMETRIC_REPRESENTATION_CONTEXT(2) 
PARAMETRIC_REPRESENTATION_CONTEXT() REPRESENTATION_CONTEXT('2D SPACE',''
  ) );
#6951 = PCURVE('',#6516,#6952);
#6952 = DEFINITIONAL_REPRESENTATION('',(#6953),#6957);
#6953 = LINE('',#6954,#6955);
#6954 = CARTESIAN_POINT('',(-3.68904109589,-4.695890410959));
#6955 = VECTOR('',#6956,1.);
#6956 = DIRECTION('',(-0.351123441588,0.936329177569));
#6957 = ( GEOMETRIC_REPRESENTATION_CONTEXT(2) 
PARAMETRIC_REPRESENTATION_CONTEXT() REPRESENTATION_CONTEXT('2D SPACE',''
  ) );
#6958 = ORIENTED_EDGE('',*,*,#6959,.T.);
#6959 = EDGE_CURVE('',#6937,#6960,#6962,.T.);
#6960 = VERTEX_POINT('',#6961);
#6961 = CARTESIAN_POINT('',(6.75,-80.4,47.45));
#6962 = SURFACE_CURVE('',#6963,(#6967,#6974),.PCURVE_S1.);
#6963 = LINE('',#6964,#6965);
#6964 = CARTESIAN_POINT('',(-50.675,-80.4,47.45));
#6965 = VECTOR('',#6966,1.);
#6966 = DIRECTION('',(1.,-0.,-0.));
#6967 = PCURVE('',#3143,#6968);
#6968 = DEFINITIONAL_REPRESENTATION('',(#6969),#6973);
#6969 = LINE('',#6970,#6971);
#6970 = CARTESIAN_POINT('',(-8.116803558052,-51.925));
#6971 = VECTOR('',#6972,1.);
#6972 = DIRECTION('',(-0.,-1.));
#6973 = ( GEOMETRIC_REPRESENTATION_CONTEXT(2) 
PARAMETRIC_REPRESENTATION_CONTEXT() REPRESENTATION_CONTEXT('2D SPACE',''
  ) );
#6974 = PCURVE('',#6544,#6975);
#6975 = DEFINITIONAL_REPRESENTATION('',(#6976),#6980);
#6976 = LINE('',#6977,#6978);
#6977 = CARTESIAN_POINT('',(-5.45,-51.925));
#6978 = VECTOR('',#6979,1.);
#6979 = DIRECTION('',(-0.,1.));
#6980 = ( GEOMETRIC_REPRESENTATION_CONTEXT(2) 
PARAMETRIC_REPRESENTATION_CONTEXT() REPRESENTATION_CONTEXT('2D SPACE',''
  ) );
#6981 = ORIENTED_EDGE('',*,*,#6982,.F.);
#6982 = EDGE_CURVE('',#6914,#6960,#6983,.T.);
#6983 = SURFACE_CURVE('',#6984,(#6988,#6995),.PCURVE_S1.);
#6984 = LINE('',#6985,#6986);
#6985 = CARTESIAN_POINT('',(6.75,-85.09589041095,45.68904109589));
#6986 = VECTOR('',#6987,1.);
#6987 = DIRECTION('',(-0.,0.936329177569,0.351123441588));
#6988 = PCURVE('',#3143,#6989);
#6989 = DEFINITIONAL_REPRESENTATION('',(#6990),#6994);
#6990 = LINE('',#6991,#6992);
#6991 = CARTESIAN_POINT('',(-3.101590400697,-109.35));
#6992 = VECTOR('',#6993,1.);
#6993 = DIRECTION('',(-1.,0.));
#6994 = ( GEOMETRIC_REPRESENTATION_CONTEXT(2) 
PARAMETRIC_REPRESENTATION_CONTEXT() REPRESENTATION_CONTEXT('2D SPACE',''
  ) );
#6995 = PCURVE('',#6570,#6996);
#6996 = DEFINITIONAL_REPRESENTATION('',(#6997),#7001);
#6997 = LINE('',#6998,#6999);
#6998 = CARTESIAN_POINT('',(-3.68904109589,-4.695890410959));
#6999 = VECTOR('',#7000,1.);
#7000 = DIRECTION('',(-0.351123441588,0.936329177569));
#7001 = ( GEOMETRIC_REPRESENTATION_CONTEXT(2) 
PARAMETRIC_REPRESENTATION_CONTEXT() REPRESENTATION_CONTEXT('2D SPACE',''
  ) );
#7002 = ADVANCED_FACE('',(#7003),#3218,.T.);
#7003 = FACE_BOUND('',#7004,.F.);
#7004 = EDGE_LOOP('',(#7005,#7006,#7007,#7008,#7009,#7032,#7060,#7081,
    #7082,#7105,#7133,#7154));
#7005 = ORIENTED_EDGE('',*,*,#4872,.F.);
#7006 = ORIENTED_EDGE('',*,*,#3335,.T.);
#7007 = ORIENTED_EDGE('',*,*,#3200,.F.);
#7008 = ORIENTED_EDGE('',*,*,#6770,.F.);
#7009 = ORIENTED_EDGE('',*,*,#7010,.F.);
#7010 = EDGE_CURVE('',#7011,#6748,#7013,.T.);
#7011 = VERTEX_POINT('',#7012);
#7012 = CARTESIAN_POINT('',(72.75,-89.67142857142,42.));
#7013 = SURFACE_CURVE('',#7014,(#7018,#7025),.PCURVE_S1.);
#7014 = LINE('',#7015,#7016);
#7015 = CARTESIAN_POINT('',(72.75,-90.37671480144,40.902888086643));
#7016 = VECTOR('',#7017,1.);
#7017 = DIRECTION('',(-0.,0.540757591313,0.841178475377));
#7018 = PCURVE('',#3218,#7019);
#7019 = DEFINITIONAL_REPRESENTATION('',(#7020),#7024);
#7020 = LINE('',#7021,#7022);
#7021 = CARTESIAN_POINT('',(-2.262169256995,-175.35));
#7022 = VECTOR('',#7023,1.);
#7023 = DIRECTION('',(-1.,0.));
#7024 = ( GEOMETRIC_REPRESENTATION_CONTEXT(2) 
PARAMETRIC_REPRESENTATION_CONTEXT() REPRESENTATION_CONTEXT('2D SPACE',''
  ) );
#7025 = PCURVE('',#5355,#7026);
#7026 = DEFINITIONAL_REPRESENTATION('',(#7027),#7031);
#7027 = LINE('',#7028,#7029);
#7028 = CARTESIAN_POINT('',(1.097111913357,-2.476714801444));
#7029 = VECTOR('',#7030,1.);
#7030 = DIRECTION('',(-0.841178475377,0.540757591313));
#7031 = ( GEOMETRIC_REPRESENTATION_CONTEXT(2) 
PARAMETRIC_REPRESENTATION_CONTEXT() REPRESENTATION_CONTEXT('2D SPACE',''
  ) );
#7032 = ORIENTED_EDGE('',*,*,#7033,.T.);
#7033 = EDGE_CURVE('',#7011,#7034,#7036,.T.);
#7034 = VERTEX_POINT('',#7035);
#7035 = CARTESIAN_POINT('',(67.25,-89.67142857142,42.));
#7036 = SURFACE_CURVE('',#7037,(#7041,#7048),.PCURVE_S1.);
#7037 = LINE('',#7038,#7039);
#7038 = CARTESIAN_POINT('',(-17.675,-89.67142857142,42.));
#7039 = VECTOR('',#7040,1.);
#7040 = DIRECTION('',(-1.,-0.,0.));
#7041 = PCURVE('',#3218,#7042);
#7042 = DEFINITIONAL_REPRESENTATION('',(#7043),#7047);
#7043 = LINE('',#7044,#7045);
#7044 = CARTESIAN_POINT('',(-3.56642506652,-84.925));
#7045 = VECTOR('',#7046,1.);
#7046 = DIRECTION('',(-0.,1.));
#7047 = ( GEOMETRIC_REPRESENTATION_CONTEXT(2) 
PARAMETRIC_REPRESENTATION_CONTEXT() REPRESENTATION_CONTEXT('2D SPACE',''
  ) );
#7048 = PCURVE('',#7049,#7054);
#7049 = PLANE('',#7050);
#7050 = AXIS2_PLACEMENT_3D('',#7051,#7052,#7053);
#7051 = CARTESIAN_POINT('',(67.25,-87.9,42.));
#7052 = DIRECTION('',(0.,0.,1.));
#7053 = DIRECTION('',(-1.,0.,0.));
#7054 = DEFINITIONAL_REPRESENTATION('',(#7055),#7059);
#7055 = LINE('',#7056,#7057);
#7056 = CARTESIAN_POINT('',(84.925,1.771428571429));
#7057 = VECTOR('',#7058,1.);
#7058 = DIRECTION('',(1.,-0.));
#7059 = ( GEOMETRIC_REPRESENTATION_CONTEXT(2) 
PARAMETRIC_REPRESENTATION_CONTEXT() REPRESENTATION_CONTEXT('2D SPACE',''
  ) );
#7060 = ORIENTED_EDGE('',*,*,#7061,.T.);
#7061 = EDGE_CURVE('',#7034,#6679,#7062,.T.);
#7062 = SURFACE_CURVE('',#7063,(#7067,#7074),.PCURVE_S1.);
#7063 = LINE('',#7064,#7065);
#7064 = CARTESIAN_POINT('',(67.25,-90.37671480144,40.902888086643));
#7065 = VECTOR('',#7066,1.);
#7066 = DIRECTION('',(-0.,0.540757591313,0.841178475377));
#7067 = PCURVE('',#3218,#7068);
#7068 = DEFINITIONAL_REPRESENTATION('',(#7069),#7073);
#7069 = LINE('',#7070,#7071);
#7070 = CARTESIAN_POINT('',(-2.262169256995,-169.85));
#7071 = VECTOR('',#7072,1.);
#7072 = DIRECTION('',(-1.,0.));
#7073 = ( GEOMETRIC_REPRESENTATION_CONTEXT(2) 
PARAMETRIC_REPRESENTATION_CONTEXT() REPRESENTATION_CONTEXT('2D SPACE',''
  ) );
#7074 = PCURVE('',#5411,#7075);
#7075 = DEFINITIONAL_REPRESENTATION('',(#7076),#7080);
#7076 = LINE('',#7077,#7078);
#7077 = CARTESIAN_POINT('',(1.097111913357,-2.476714801444));
#7078 = VECTOR('',#7079,1.);
#7079 = DIRECTION('',(-0.841178475377,0.540757591313));
#7080 = ( GEOMETRIC_REPRESENTATION_CONTEXT(2) 
PARAMETRIC_REPRESENTATION_CONTEXT() REPRESENTATION_CONTEXT('2D SPACE',''
  ) );
#7081 = ORIENTED_EDGE('',*,*,#6678,.F.);
#7082 = ORIENTED_EDGE('',*,*,#7083,.F.);
#7083 = EDGE_CURVE('',#7084,#6656,#7086,.T.);
#7084 = VERTEX_POINT('',#7085);
#7085 = CARTESIAN_POINT('',(6.75,-89.67142857142,42.));
#7086 = SURFACE_CURVE('',#7087,(#7091,#7098),.PCURVE_S1.);
#7087 = LINE('',#7088,#7089);
#7088 = CARTESIAN_POINT('',(6.75,-90.37671480144,40.902888086643));
#7089 = VECTOR('',#7090,1.);
#7090 = DIRECTION('',(-0.,0.540757591313,0.841178475377));
#7091 = PCURVE('',#3218,#7092);
#7092 = DEFINITIONAL_REPRESENTATION('',(#7093),#7097);
#7093 = LINE('',#7094,#7095);
#7094 = CARTESIAN_POINT('',(-2.262169256995,-109.35));
#7095 = VECTOR('',#7096,1.);
#7096 = DIRECTION('',(-1.,0.));
#7097 = ( GEOMETRIC_REPRESENTATION_CONTEXT(2) 
PARAMETRIC_REPRESENTATION_CONTEXT() REPRESENTATION_CONTEXT('2D SPACE',''
  ) );
#7098 = PCURVE('',#5462,#7099);
#7099 = DEFINITIONAL_REPRESENTATION('',(#7100),#7104);
#7100 = LINE('',#7101,#7102);
#7101 = CARTESIAN_POINT('',(1.097111913357,-2.476714801444));
#7102 = VECTOR('',#7103,1.);
#7103 = DIRECTION('',(-0.841178475377,0.540757591313));
#7104 = ( GEOMETRIC_REPRESENTATION_CONTEXT(2) 
PARAMETRIC_REPRESENTATION_CONTEXT() REPRESENTATION_CONTEXT('2D SPACE',''
  ) );
#7105 = ORIENTED_EDGE('',*,*,#7106,.T.);
#7106 = EDGE_CURVE('',#7084,#7107,#7109,.T.);
#7107 = VERTEX_POINT('',#7108);
#7108 = CARTESIAN_POINT('',(1.25,-89.67142857142,42.));
#7109 = SURFACE_CURVE('',#7110,(#7114,#7121),.PCURVE_S1.);
#7110 = LINE('',#7111,#7112);
#7111 = CARTESIAN_POINT('',(-50.675,-89.67142857142,42.));
#7112 = VECTOR('',#7113,1.);
#7113 = DIRECTION('',(-1.,-0.,0.));
#7114 = PCURVE('',#3218,#7115);
#7115 = DEFINITIONAL_REPRESENTATION('',(#7116),#7120);
#7116 = LINE('',#7117,#7118);
#7117 = CARTESIAN_POINT('',(-3.56642506652,-51.925));
#7118 = VECTOR('',#7119,1.);
#7119 = DIRECTION('',(-0.,1.));
#7120 = ( GEOMETRIC_REPRESENTATION_CONTEXT(2) 
PARAMETRIC_REPRESENTATION_CONTEXT() REPRESENTATION_CONTEXT('2D SPACE',''
  ) );
#7121 = PCURVE('',#7122,#7127);
#7122 = PLANE('',#7123);
#7123 = AXIS2_PLACEMENT_3D('',#7124,#7125,#7126);
#7124 = CARTESIAN_POINT('',(1.25,-87.9,42.));
#7125 = DIRECTION('',(0.,0.,1.));
#7126 = DIRECTION('',(-1.,0.,0.));
#7127 = DEFINITIONAL_REPRESENTATION('',(#7128),#7132);
#7128 = LINE('',#7129,#7130);
#7129 = CARTESIAN_POINT('',(51.925,1.771428571429));
#7130 = VECTOR('',#7131,1.);
#7131 = DIRECTION('',(1.,-0.));
#7132 = ( GEOMETRIC_REPRESENTATION_CONTEXT(2) 
PARAMETRIC_REPRESENTATION_CONTEXT() REPRESENTATION_CONTEXT('2D SPACE',''
  ) );
#7133 = ORIENTED_EDGE('',*,*,#7134,.T.);
#7134 = EDGE_CURVE('',#7107,#6587,#7135,.T.);
#7135 = SURFACE_CURVE('',#7136,(#7140,#7147),.PCURVE_S1.);
#7136 = LINE('',#7137,#7138);
#7137 = CARTESIAN_POINT('',(1.25,-90.37671480144,40.902888086643));
#7138 = VECTOR('',#7139,1.);
#7139 = DIRECTION('',(-0.,0.540757591313,0.841178475377));
#7140 = PCURVE('',#3218,#7141);
#7141 = DEFINITIONAL_REPRESENTATION('',(#7142),#7146);
#7142 = LINE('',#7143,#7144);
#7143 = CARTESIAN_POINT('',(-2.262169256995,-103.85));
#7144 = VECTOR('',#7145,1.);
#7145 = DIRECTION('',(-1.,0.));
#7146 = ( GEOMETRIC_REPRESENTATION_CONTEXT(2) 
PARAMETRIC_REPRESENTATION_CONTEXT() REPRESENTATION_CONTEXT('2D SPACE',''
  ) );
#7147 = PCURVE('',#5518,#7148);
#7148 = DEFINITIONAL_REPRESENTATION('',(#7149),#7153);
#7149 = LINE('',#7150,#7151);
#7150 = CARTESIAN_POINT('',(1.097111913357,-2.476714801444));
#7151 = VECTOR('',#7152,1.);
#7152 = DIRECTION('',(-0.841178475377,0.540757591313));
#7153 = ( GEOMETRIC_REPRESENTATION_CONTEXT(2) 
PARAMETRIC_REPRESENTATION_CONTEXT() REPRESENTATION_CONTEXT('2D SPACE',''
  ) );
#7154 = ORIENTED_EDGE('',*,*,#6586,.F.);
#7155 = ADVANCED_FACE('',(#7156),#3300,.T.);
#7156 = FACE_BOUND('',#7157,.F.);
#7157 = EDGE_LOOP('',(#7158,#7159,#7160,#7161));
#7158 = ORIENTED_EDGE('',*,*,#4227,.T.);
#7159 = ORIENTED_EDGE('',*,*,#3282,.T.);
#7160 = ORIENTED_EDGE('',*,*,#5040,.T.);
#7161 = ORIENTED_EDGE('',*,*,#7162,.F.);
#7162 = EDGE_CURVE('',#4169,#5018,#7163,.T.);
#7163 = SURFACE_CURVE('',#7164,(#7168,#7175),.PCURVE_S1.);
#7164 = LINE('',#7165,#7166);
#7165 = CARTESIAN_POINT('',(-102.6,-88.,44.6));
#7166 = VECTOR('',#7167,1.);
#7167 = DIRECTION('',(1.,-0.,-0.));
#7168 = PCURVE('',#3300,#7169);
#7169 = DEFINITIONAL_REPRESENTATION('',(#7170),#7174);
#7170 = LINE('',#7171,#7172);
#7171 = CARTESIAN_POINT('',(-6.657326790837,0.));
#7172 = VECTOR('',#7173,1.);
#7173 = DIRECTION('',(-0.,-1.));
#7174 = ( GEOMETRIC_REPRESENTATION_CONTEXT(2) 
PARAMETRIC_REPRESENTATION_CONTEXT() REPRESENTATION_CONTEXT('2D SPACE',''
  ) );
#7175 = PCURVE('',#4188,#7176);
#7176 = DEFINITIONAL_REPRESENTATION('',(#7177),#7181);
#7177 = LINE('',#7178,#7179);
#7178 = CARTESIAN_POINT('',(-0.,0.));
#7179 = VECTOR('',#7180,1.);
#7180 = DIRECTION('',(-0.,-1.));
#7181 = ( GEOMETRIC_REPRESENTATION_CONTEXT(2) 
PARAMETRIC_REPRESENTATION_CONTEXT() REPRESENTATION_CONTEXT('2D SPACE',''
  ) );
#7182 = ADVANCED_FACE('',(#7183),#4103,.T.);
#7183 = FACE_BOUND('',#7184,.F.);
#7184 = EDGE_LOOP('',(#7185,#7186,#7187,#7188));
#7185 = ORIENTED_EDGE('',*,*,#4826,.F.);
#7186 = ORIENTED_EDGE('',*,*,#6794,.T.);
#7187 = ORIENTED_EDGE('',*,*,#4084,.F.);
#7188 = ORIENTED_EDGE('',*,*,#4381,.F.);
#7189 = ADVANCED_FACE('',(#7190),#4188,.T.);
#7190 = FACE_BOUND('',#7191,.F.);
#7191 = EDGE_LOOP('',(#7192,#7193,#7194,#7195,#7216,#7217));
#7192 = ORIENTED_EDGE('',*,*,#4166,.T.);
#7193 = ORIENTED_EDGE('',*,*,#7162,.T.);
#7194 = ORIENTED_EDGE('',*,*,#5017,.T.);
#7195 = ORIENTED_EDGE('',*,*,#7196,.F.);
#7196 = EDGE_CURVE('',#4549,#4995,#7197,.T.);
#7197 = SURFACE_CURVE('',#7198,(#7202,#7209),.PCURVE_S1.);
#7198 = LINE('',#7199,#7200);
#7199 = CARTESIAN_POINT('',(-102.6,-80.,47.6));
#7200 = VECTOR('',#7201,1.);
#7201 = DIRECTION('',(1.,-0.,-0.));
#7202 = PCURVE('',#4188,#7203);
#7203 = DEFINITIONAL_REPRESENTATION('',(#7204),#7208);
#7204 = LINE('',#7205,#7206);
#7205 = CARTESIAN_POINT('',(-8.544003745318,0.));
#7206 = VECTOR('',#7207,1.);
#7207 = DIRECTION('',(-0.,-1.));
#7208 = ( GEOMETRIC_REPRESENTATION_CONTEXT(2) 
PARAMETRIC_REPRESENTATION_CONTEXT() REPRESENTATION_CONTEXT('2D SPACE',''
  ) );
#7209 = PCURVE('',#4300,#7210);
#7210 = DEFINITIONAL_REPRESENTATION('',(#7211),#7215);
#7211 = LINE('',#7212,#7213);
#7212 = CARTESIAN_POINT('',(-0.,0.));
#7213 = VECTOR('',#7214,1.);
#7214 = DIRECTION('',(-0.,-1.));
#7215 = ( GEOMETRIC_REPRESENTATION_CONTEXT(2) 
PARAMETRIC_REPRESENTATION_CONTEXT() REPRESENTATION_CONTEXT('2D SPACE',''
  ) );
#7216 = ORIENTED_EDGE('',*,*,#4548,.F.);
#7217 = ORIENTED_EDGE('',*,*,#4499,.F.);
#7218 = ADVANCED_FACE('',(#7219),#4300,.T.);
#7219 = FACE_BOUND('',#7220,.F.);
#7220 = EDGE_LOOP('',(#7221,#7222,#7223,#7224));
#7221 = ORIENTED_EDGE('',*,*,#4575,.F.);
#7222 = ORIENTED_EDGE('',*,*,#7196,.T.);
#7223 = ORIENTED_EDGE('',*,*,#4994,.T.);
#7224 = ORIENTED_EDGE('',*,*,#4284,.F.);
#7225 = ADVANCED_FACE('',(#7226),#5518,.T.);
#7226 = FACE_BOUND('',#7227,.F.);
#7227 = EDGE_LOOP('',(#7228,#7249,#7250,#7251,#7274,#7295,#7296));
#7228 = ORIENTED_EDGE('',*,*,#7229,.F.);
#7229 = EDGE_CURVE('',#6610,#6205,#7230,.T.);
#7230 = SURFACE_CURVE('',#7231,(#7235,#7242),.PCURVE_S1.);
#7231 = LINE('',#7232,#7233);
#7232 = CARTESIAN_POINT('',(1.25,-87.9,42.));
#7233 = VECTOR('',#7234,1.);
#7234 = DIRECTION('',(0.,0.,1.));
#7235 = PCURVE('',#5518,#7236);
#7236 = DEFINITIONAL_REPRESENTATION('',(#7237),#7241);
#7237 = LINE('',#7238,#7239);
#7238 = CARTESIAN_POINT('',(-0.,0.));
#7239 = VECTOR('',#7240,1.);
#7240 = DIRECTION('',(-1.,0.));
#7241 = ( GEOMETRIC_REPRESENTATION_CONTEXT(2) 
PARAMETRIC_REPRESENTATION_CONTEXT() REPRESENTATION_CONTEXT('2D SPACE',''
  ) );
#7242 = PCURVE('',#6243,#7243);
#7243 = DEFINITIONAL_REPRESENTATION('',(#7244),#7248);
#7244 = LINE('',#7245,#7246);
#7245 = CARTESIAN_POINT('',(-0.,0.));
#7246 = VECTOR('',#7247,1.);
#7247 = DIRECTION('',(-1.,0.));
#7248 = ( GEOMETRIC_REPRESENTATION_CONTEXT(2) 
PARAMETRIC_REPRESENTATION_CONTEXT() REPRESENTATION_CONTEXT('2D SPACE',''
  ) );
#7249 = ORIENTED_EDGE('',*,*,#6609,.F.);
#7250 = ORIENTED_EDGE('',*,*,#7134,.F.);
#7251 = ORIENTED_EDGE('',*,*,#7252,.T.);
#7252 = EDGE_CURVE('',#7107,#7253,#7255,.T.);
#7253 = VERTEX_POINT('',#7254);
#7254 = CARTESIAN_POINT('',(1.25,-90.1,42.));
#7255 = SURFACE_CURVE('',#7256,(#7260,#7267),.PCURVE_S1.);
#7256 = LINE('',#7257,#7258);
#7257 = CARTESIAN_POINT('',(1.25,-87.9,42.));
#7258 = VECTOR('',#7259,1.);
#7259 = DIRECTION('',(0.,-1.,0.));
#7260 = PCURVE('',#5518,#7261);
#7261 = DEFINITIONAL_REPRESENTATION('',(#7262),#7266);
#7262 = LINE('',#7263,#7264);
#7263 = CARTESIAN_POINT('',(-0.,0.));
#7264 = VECTOR('',#7265,1.);
#7265 = DIRECTION('',(-0.,-1.));
#7266 = ( GEOMETRIC_REPRESENTATION_CONTEXT(2) 
PARAMETRIC_REPRESENTATION_CONTEXT() REPRESENTATION_CONTEXT('2D SPACE',''
  ) );
#7267 = PCURVE('',#7122,#7268);
#7268 = DEFINITIONAL_REPRESENTATION('',(#7269),#7273);
#7269 = LINE('',#7270,#7271);
#7270 = CARTESIAN_POINT('',(-0.,-0.));
#7271 = VECTOR('',#7272,1.);
#7272 = DIRECTION('',(-0.,1.));
#7273 = ( GEOMETRIC_REPRESENTATION_CONTEXT(2) 
PARAMETRIC_REPRESENTATION_CONTEXT() REPRESENTATION_CONTEXT('2D SPACE',''
  ) );
#7274 = ORIENTED_EDGE('',*,*,#7275,.T.);
#7275 = EDGE_CURVE('',#7253,#5475,#7276,.T.);
#7276 = SURFACE_CURVE('',#7277,(#7281,#7288),.PCURVE_S1.);
#7277 = LINE('',#7278,#7279);
#7278 = CARTESIAN_POINT('',(1.25,-90.1,42.));
#7279 = VECTOR('',#7280,1.);
#7280 = DIRECTION('',(0.,0.,1.));
#7281 = PCURVE('',#5518,#7282);
#7282 = DEFINITIONAL_REPRESENTATION('',(#7283),#7287);
#7283 = LINE('',#7284,#7285);
#7284 = CARTESIAN_POINT('',(-0.,-2.2));
#7285 = VECTOR('',#7286,1.);
#7286 = DIRECTION('',(-1.,0.));
#7287 = ( GEOMETRIC_REPRESENTATION_CONTEXT(2) 
PARAMETRIC_REPRESENTATION_CONTEXT() REPRESENTATION_CONTEXT('2D SPACE',''
  ) );
#7288 = PCURVE('',#5490,#7289);
#7289 = DEFINITIONAL_REPRESENTATION('',(#7290),#7294);
#7290 = LINE('',#7291,#7292);
#7291 = CARTESIAN_POINT('',(-0.,0.));
#7292 = VECTOR('',#7293,1.);
#7293 = DIRECTION('',(-1.,0.));
#7294 = ( GEOMETRIC_REPRESENTATION_CONTEXT(2) 
PARAMETRIC_REPRESENTATION_CONTEXT() REPRESENTATION_CONTEXT('2D SPACE',''
  ) );
#7295 = ORIENTED_EDGE('',*,*,#5502,.T.);
#7296 = ORIENTED_EDGE('',*,*,#6204,.T.);
#7297 = ADVANCED_FACE('',(#7298),#5490,.F.);
#7298 = FACE_BOUND('',#7299,.T.);
#7299 = EDGE_LOOP('',(#7300,#7323,#7344,#7345));
#7300 = ORIENTED_EDGE('',*,*,#7301,.F.);
#7301 = EDGE_CURVE('',#7302,#5447,#7304,.T.);
#7302 = VERTEX_POINT('',#7303);
#7303 = CARTESIAN_POINT('',(6.75,-90.1,42.));
#7304 = SURFACE_CURVE('',#7305,(#7309,#7316),.PCURVE_S1.);
#7305 = LINE('',#7306,#7307);
#7306 = CARTESIAN_POINT('',(6.75,-90.1,42.));
#7307 = VECTOR('',#7308,1.);
#7308 = DIRECTION('',(0.,0.,1.));
#7309 = PCURVE('',#5490,#7310);
#7310 = DEFINITIONAL_REPRESENTATION('',(#7311),#7315);
#7311 = LINE('',#7312,#7313);
#7312 = CARTESIAN_POINT('',(-0.,5.5));
#7313 = VECTOR('',#7314,1.);
#7314 = DIRECTION('',(-1.,0.));
#7315 = ( GEOMETRIC_REPRESENTATION_CONTEXT(2) 
PARAMETRIC_REPRESENTATION_CONTEXT() REPRESENTATION_CONTEXT('2D SPACE',''
  ) );
#7316 = PCURVE('',#5462,#7317);
#7317 = DEFINITIONAL_REPRESENTATION('',(#7318),#7322);
#7318 = LINE('',#7319,#7320);
#7319 = CARTESIAN_POINT('',(-0.,-2.2));
#7320 = VECTOR('',#7321,1.);
#7321 = DIRECTION('',(-1.,0.));
#7322 = ( GEOMETRIC_REPRESENTATION_CONTEXT(2) 
PARAMETRIC_REPRESENTATION_CONTEXT() REPRESENTATION_CONTEXT('2D SPACE',''
  ) );
#7323 = ORIENTED_EDGE('',*,*,#7324,.F.);
#7324 = EDGE_CURVE('',#7253,#7302,#7325,.T.);
#7325 = SURFACE_CURVE('',#7326,(#7330,#7337),.PCURVE_S1.);
#7326 = LINE('',#7327,#7328);
#7327 = CARTESIAN_POINT('',(1.25,-90.1,42.));
#7328 = VECTOR('',#7329,1.);
#7329 = DIRECTION('',(1.,0.,-0.));
#7330 = PCURVE('',#5490,#7331);
#7331 = DEFINITIONAL_REPRESENTATION('',(#7332),#7336);
#7332 = LINE('',#7333,#7334);
#7333 = CARTESIAN_POINT('',(-0.,0.));
#7334 = VECTOR('',#7335,1.);
#7335 = DIRECTION('',(-0.,1.));
#7336 = ( GEOMETRIC_REPRESENTATION_CONTEXT(2) 
PARAMETRIC_REPRESENTATION_CONTEXT() REPRESENTATION_CONTEXT('2D SPACE',''
  ) );
#7337 = PCURVE('',#7122,#7338);
#7338 = DEFINITIONAL_REPRESENTATION('',(#7339),#7343);
#7339 = LINE('',#7340,#7341);
#7340 = CARTESIAN_POINT('',(-0.,2.2));
#7341 = VECTOR('',#7342,1.);
#7342 = DIRECTION('',(-1.,0.));
#7343 = ( GEOMETRIC_REPRESENTATION_CONTEXT(2) 
PARAMETRIC_REPRESENTATION_CONTEXT() REPRESENTATION_CONTEXT('2D SPACE',''
  ) );
#7344 = ORIENTED_EDGE('',*,*,#7275,.T.);
#7345 = ORIENTED_EDGE('',*,*,#5474,.T.);
#7346 = ADVANCED_FACE('',(#7347),#5462,.F.);
#7347 = FACE_BOUND('',#7348,.T.);
#7348 = EDGE_LOOP('',(#7349,#7370,#7371,#7372,#7393,#7394,#7395));
#7349 = ORIENTED_EDGE('',*,*,#7350,.F.);
#7350 = EDGE_CURVE('',#6633,#6228,#7351,.T.);
#7351 = SURFACE_CURVE('',#7352,(#7356,#7363),.PCURVE_S1.);
#7352 = LINE('',#7353,#7354);
#7353 = CARTESIAN_POINT('',(6.75,-87.9,42.));
#7354 = VECTOR('',#7355,1.);
#7355 = DIRECTION('',(0.,0.,1.));
#7356 = PCURVE('',#5462,#7357);
#7357 = DEFINITIONAL_REPRESENTATION('',(#7358),#7362);
#7358 = LINE('',#7359,#7360);
#7359 = CARTESIAN_POINT('',(-0.,0.));
#7360 = VECTOR('',#7361,1.);
#7361 = DIRECTION('',(-1.,0.));
#7362 = ( GEOMETRIC_REPRESENTATION_CONTEXT(2) 
PARAMETRIC_REPRESENTATION_CONTEXT() REPRESENTATION_CONTEXT('2D SPACE',''
  ) );
#7363 = PCURVE('',#6243,#7364);
#7364 = DEFINITIONAL_REPRESENTATION('',(#7365),#7369);
#7365 = LINE('',#7366,#7367);
#7366 = CARTESIAN_POINT('',(-0.,5.5));
#7367 = VECTOR('',#7368,1.);
#7368 = DIRECTION('',(-1.,0.));
#7369 = ( GEOMETRIC_REPRESENTATION_CONTEXT(2) 
PARAMETRIC_REPRESENTATION_CONTEXT() REPRESENTATION_CONTEXT('2D SPACE',''
  ) );
#7370 = ORIENTED_EDGE('',*,*,#6655,.F.);
#7371 = ORIENTED_EDGE('',*,*,#7083,.F.);
#7372 = ORIENTED_EDGE('',*,*,#7373,.T.);
#7373 = EDGE_CURVE('',#7084,#7302,#7374,.T.);
#7374 = SURFACE_CURVE('',#7375,(#7379,#7386),.PCURVE_S1.);
#7375 = LINE('',#7376,#7377);
#7376 = CARTESIAN_POINT('',(6.75,-87.9,42.));
#7377 = VECTOR('',#7378,1.);
#7378 = DIRECTION('',(0.,-1.,0.));
#7379 = PCURVE('',#5462,#7380);
#7380 = DEFINITIONAL_REPRESENTATION('',(#7381),#7385);
#7381 = LINE('',#7382,#7383);
#7382 = CARTESIAN_POINT('',(-0.,0.));
#7383 = VECTOR('',#7384,1.);
#7384 = DIRECTION('',(-0.,-1.));
#7385 = ( GEOMETRIC_REPRESENTATION_CONTEXT(2) 
PARAMETRIC_REPRESENTATION_CONTEXT() REPRESENTATION_CONTEXT('2D SPACE',''
  ) );
#7386 = PCURVE('',#7122,#7387);
#7387 = DEFINITIONAL_REPRESENTATION('',(#7388),#7392);
#7388 = LINE('',#7389,#7390);
#7389 = CARTESIAN_POINT('',(-5.5,-0.));
#7390 = VECTOR('',#7391,1.);
#7391 = DIRECTION('',(-0.,1.));
#7392 = ( GEOMETRIC_REPRESENTATION_CONTEXT(2) 
PARAMETRIC_REPRESENTATION_CONTEXT() REPRESENTATION_CONTEXT('2D SPACE',''
  ) );
#7393 = ORIENTED_EDGE('',*,*,#7301,.T.);
#7394 = ORIENTED_EDGE('',*,*,#5446,.T.);
#7395 = ORIENTED_EDGE('',*,*,#6255,.T.);
#7396 = ADVANCED_FACE('',(#7397),#5411,.T.);
#7397 = FACE_BOUND('',#7398,.F.);
#7398 = EDGE_LOOP('',(#7399,#7420,#7421,#7422,#7445,#7466,#7467));
#7399 = ORIENTED_EDGE('',*,*,#7400,.F.);
#7400 = EDGE_CURVE('',#6702,#6278,#7401,.T.);
#7401 = SURFACE_CURVE('',#7402,(#7406,#7413),.PCURVE_S1.);
#7402 = LINE('',#7403,#7404);
#7403 = CARTESIAN_POINT('',(67.25,-87.9,42.));
#7404 = VECTOR('',#7405,1.);
#7405 = DIRECTION('',(0.,0.,1.));
#7406 = PCURVE('',#5411,#7407);
#7407 = DEFINITIONAL_REPRESENTATION('',(#7408),#7412);
#7408 = LINE('',#7409,#7410);
#7409 = CARTESIAN_POINT('',(-0.,0.));
#7410 = VECTOR('',#7411,1.);
#7411 = DIRECTION('',(-1.,0.));
#7412 = ( GEOMETRIC_REPRESENTATION_CONTEXT(2) 
PARAMETRIC_REPRESENTATION_CONTEXT() REPRESENTATION_CONTEXT('2D SPACE',''
  ) );
#7413 = PCURVE('',#6316,#7414);
#7414 = DEFINITIONAL_REPRESENTATION('',(#7415),#7419);
#7415 = LINE('',#7416,#7417);
#7416 = CARTESIAN_POINT('',(-0.,0.));
#7417 = VECTOR('',#7418,1.);
#7418 = DIRECTION('',(-1.,0.));
#7419 = ( GEOMETRIC_REPRESENTATION_CONTEXT(2) 
PARAMETRIC_REPRESENTATION_CONTEXT() REPRESENTATION_CONTEXT('2D SPACE',''
  ) );
#7420 = ORIENTED_EDGE('',*,*,#6701,.F.);
#7421 = ORIENTED_EDGE('',*,*,#7061,.F.);
#7422 = ORIENTED_EDGE('',*,*,#7423,.T.);
#7423 = EDGE_CURVE('',#7034,#7424,#7426,.T.);
#7424 = VERTEX_POINT('',#7425);
#7425 = CARTESIAN_POINT('',(67.25,-90.1,42.));
#7426 = SURFACE_CURVE('',#7427,(#7431,#7438),.PCURVE_S1.);
#7427 = LINE('',#7428,#7429);
#7428 = CARTESIAN_POINT('',(67.25,-87.9,42.));
#7429 = VECTOR('',#7430,1.);
#7430 = DIRECTION('',(0.,-1.,0.));
#7431 = PCURVE('',#5411,#7432);
#7432 = DEFINITIONAL_REPRESENTATION('',(#7433),#7437);
#7433 = LINE('',#7434,#7435);
#7434 = CARTESIAN_POINT('',(-0.,0.));
#7435 = VECTOR('',#7436,1.);
#7436 = DIRECTION('',(-0.,-1.));
#7437 = ( GEOMETRIC_REPRESENTATION_CONTEXT(2) 
PARAMETRIC_REPRESENTATION_CONTEXT() REPRESENTATION_CONTEXT('2D SPACE',''
  ) );
#7438 = PCURVE('',#7049,#7439);
#7439 = DEFINITIONAL_REPRESENTATION('',(#7440),#7444);
#7440 = LINE('',#7441,#7442);
#7441 = CARTESIAN_POINT('',(-0.,-0.));
#7442 = VECTOR('',#7443,1.);
#7443 = DIRECTION('',(-0.,1.));
#7444 = ( GEOMETRIC_REPRESENTATION_CONTEXT(2) 
PARAMETRIC_REPRESENTATION_CONTEXT() REPRESENTATION_CONTEXT('2D SPACE',''
  ) );
#7445 = ORIENTED_EDGE('',*,*,#7446,.T.);
#7446 = EDGE_CURVE('',#7424,#5368,#7447,.T.);
#7447 = SURFACE_CURVE('',#7448,(#7452,#7459),.PCURVE_S1.);
#7448 = LINE('',#7449,#7450);
#7449 = CARTESIAN_POINT('',(67.25,-90.1,42.));
#7450 = VECTOR('',#7451,1.);
#7451 = DIRECTION('',(0.,0.,1.));
#7452 = PCURVE('',#5411,#7453);
#7453 = DEFINITIONAL_REPRESENTATION('',(#7454),#7458);
#7454 = LINE('',#7455,#7456);
#7455 = CARTESIAN_POINT('',(-0.,-2.2));
#7456 = VECTOR('',#7457,1.);
#7457 = DIRECTION('',(-1.,0.));
#7458 = ( GEOMETRIC_REPRESENTATION_CONTEXT(2) 
PARAMETRIC_REPRESENTATION_CONTEXT() REPRESENTATION_CONTEXT('2D SPACE',''
  ) );
#7459 = PCURVE('',#5383,#7460);
#7460 = DEFINITIONAL_REPRESENTATION('',(#7461),#7465);
#7461 = LINE('',#7462,#7463);
#7462 = CARTESIAN_POINT('',(-0.,0.));
#7463 = VECTOR('',#7464,1.);
#7464 = DIRECTION('',(-1.,0.));
#7465 = ( GEOMETRIC_REPRESENTATION_CONTEXT(2) 
PARAMETRIC_REPRESENTATION_CONTEXT() REPRESENTATION_CONTEXT('2D SPACE',''
  ) );
#7466 = ORIENTED_EDGE('',*,*,#5395,.T.);
#7467 = ORIENTED_EDGE('',*,*,#6277,.T.);
#7468 = ADVANCED_FACE('',(#7469),#5383,.F.);
#7469 = FACE_BOUND('',#7470,.T.);
#7470 = EDGE_LOOP('',(#7471,#7494,#7515,#7516));
#7471 = ORIENTED_EDGE('',*,*,#7472,.F.);
#7472 = EDGE_CURVE('',#7473,#5340,#7475,.T.);
#7473 = VERTEX_POINT('',#7474);
#7474 = CARTESIAN_POINT('',(72.75,-90.1,42.));
#7475 = SURFACE_CURVE('',#7476,(#7480,#7487),.PCURVE_S1.);
#7476 = LINE('',#7477,#7478);
#7477 = CARTESIAN_POINT('',(72.75,-90.1,42.));
#7478 = VECTOR('',#7479,1.);
#7479 = DIRECTION('',(0.,0.,1.));
#7480 = PCURVE('',#5383,#7481);
#7481 = DEFINITIONAL_REPRESENTATION('',(#7482),#7486);
#7482 = LINE('',#7483,#7484);
#7483 = CARTESIAN_POINT('',(-0.,5.5));
#7484 = VECTOR('',#7485,1.);
#7485 = DIRECTION('',(-1.,0.));
#7486 = ( GEOMETRIC_REPRESENTATION_CONTEXT(2) 
PARAMETRIC_REPRESENTATION_CONTEXT() REPRESENTATION_CONTEXT('2D SPACE',''
  ) );
#7487 = PCURVE('',#5355,#7488);
#7488 = DEFINITIONAL_REPRESENTATION('',(#7489),#7493);
#7489 = LINE('',#7490,#7491);
#7490 = CARTESIAN_POINT('',(-0.,-2.2));
#7491 = VECTOR('',#7492,1.);
#7492 = DIRECTION('',(-1.,0.));
#7493 = ( GEOMETRIC_REPRESENTATION_CONTEXT(2) 
PARAMETRIC_REPRESENTATION_CONTEXT() REPRESENTATION_CONTEXT('2D SPACE',''
  ) );
#7494 = ORIENTED_EDGE('',*,*,#7495,.F.);
#7495 = EDGE_CURVE('',#7424,#7473,#7496,.T.);
#7496 = SURFACE_CURVE('',#7497,(#7501,#7508),.PCURVE_S1.);
#7497 = LINE('',#7498,#7499);
#7498 = CARTESIAN_POINT('',(67.25,-90.1,42.));
#7499 = VECTOR('',#7500,1.);
#7500 = DIRECTION('',(1.,0.,-0.));
#7501 = PCURVE('',#5383,#7502);
#7502 = DEFINITIONAL_REPRESENTATION('',(#7503),#7507);
#7503 = LINE('',#7504,#7505);
#7504 = CARTESIAN_POINT('',(-0.,0.));
#7505 = VECTOR('',#7506,1.);
#7506 = DIRECTION('',(-0.,1.));
#7507 = ( GEOMETRIC_REPRESENTATION_CONTEXT(2) 
PARAMETRIC_REPRESENTATION_CONTEXT() REPRESENTATION_CONTEXT('2D SPACE',''
  ) );
#7508 = PCURVE('',#7049,#7509);
#7509 = DEFINITIONAL_REPRESENTATION('',(#7510),#7514);
#7510 = LINE('',#7511,#7512);
#7511 = CARTESIAN_POINT('',(-0.,2.2));
#7512 = VECTOR('',#7513,1.);
#7513 = DIRECTION('',(-1.,0.));
#7514 = ( GEOMETRIC_REPRESENTATION_CONTEXT(2) 
PARAMETRIC_REPRESENTATION_CONTEXT() REPRESENTATION_CONTEXT('2D SPACE',''
  ) );
#7515 = ORIENTED_EDGE('',*,*,#7446,.T.);
#7516 = ORIENTED_EDGE('',*,*,#5367,.T.);
#7517 = ADVANCED_FACE('',(#7518),#5355,.F.);
#7518 = FACE_BOUND('',#7519,.T.);
#7519 = EDGE_LOOP('',(#7520,#7541,#7542,#7543,#7564,#7565,#7566));
#7520 = ORIENTED_EDGE('',*,*,#7521,.F.);
#7521 = EDGE_CURVE('',#6725,#6301,#7522,.T.);
#7522 = SURFACE_CURVE('',#7523,(#7527,#7534),.PCURVE_S1.);
#7523 = LINE('',#7524,#7525);
#7524 = CARTESIAN_POINT('',(72.75,-87.9,42.));
#7525 = VECTOR('',#7526,1.);
#7526 = DIRECTION('',(0.,0.,1.));
#7527 = PCURVE('',#5355,#7528);
#7528 = DEFINITIONAL_REPRESENTATION('',(#7529),#7533);
#7529 = LINE('',#7530,#7531);
#7530 = CARTESIAN_POINT('',(-0.,0.));
#7531 = VECTOR('',#7532,1.);
#7532 = DIRECTION('',(-1.,0.));
#7533 = ( GEOMETRIC_REPRESENTATION_CONTEXT(2) 
PARAMETRIC_REPRESENTATION_CONTEXT() REPRESENTATION_CONTEXT('2D SPACE',''
  ) );
#7534 = PCURVE('',#6316,#7535);
#7535 = DEFINITIONAL_REPRESENTATION('',(#7536),#7540);
#7536 = LINE('',#7537,#7538);
#7537 = CARTESIAN_POINT('',(-0.,5.5));
#7538 = VECTOR('',#7539,1.);
#7539 = DIRECTION('',(-1.,0.));
#7540 = ( GEOMETRIC_REPRESENTATION_CONTEXT(2) 
PARAMETRIC_REPRESENTATION_CONTEXT() REPRESENTATION_CONTEXT('2D SPACE',''
  ) );
#7541 = ORIENTED_EDGE('',*,*,#6747,.F.);
#7542 = ORIENTED_EDGE('',*,*,#7010,.F.);
#7543 = ORIENTED_EDGE('',*,*,#7544,.T.);
#7544 = EDGE_CURVE('',#7011,#7473,#7545,.T.);
#7545 = SURFACE_CURVE('',#7546,(#7550,#7557),.PCURVE_S1.);
#7546 = LINE('',#7547,#7548);
#7547 = CARTESIAN_POINT('',(72.75,-87.9,42.));
#7548 = VECTOR('',#7549,1.);
#7549 = DIRECTION('',(0.,-1.,0.));
#7550 = PCURVE('',#5355,#7551);
#7551 = DEFINITIONAL_REPRESENTATION('',(#7552),#7556);
#7552 = LINE('',#7553,#7554);
#7553 = CARTESIAN_POINT('',(-0.,0.));
#7554 = VECTOR('',#7555,1.);
#7555 = DIRECTION('',(-0.,-1.));
#7556 = ( GEOMETRIC_REPRESENTATION_CONTEXT(2) 
PARAMETRIC_REPRESENTATION_CONTEXT() REPRESENTATION_CONTEXT('2D SPACE',''
  ) );
#7557 = PCURVE('',#7049,#7558);
#7558 = DEFINITIONAL_REPRESENTATION('',(#7559),#7563);
#7559 = LINE('',#7560,#7561);
#7560 = CARTESIAN_POINT('',(-5.5,-0.));
#7561 = VECTOR('',#7562,1.);
#7562 = DIRECTION('',(-0.,1.));
#7563 = ( GEOMETRIC_REPRESENTATION_CONTEXT(2) 
PARAMETRIC_REPRESENTATION_CONTEXT() REPRESENTATION_CONTEXT('2D SPACE',''
  ) );
#7564 = ORIENTED_EDGE('',*,*,#7472,.T.);
#7565 = ORIENTED_EDGE('',*,*,#5339,.T.);
#7566 = ORIENTED_EDGE('',*,*,#6328,.T.);
#7567 = ADVANCED_FACE('',(#7568),#6316,.T.);
#7568 = FACE_BOUND('',#7569,.F.);
#7569 = EDGE_LOOP('',(#7570,#7571,#7572,#7573));
#7570 = ORIENTED_EDGE('',*,*,#7521,.F.);
#7571 = ORIENTED_EDGE('',*,*,#6724,.F.);
#7572 = ORIENTED_EDGE('',*,*,#7400,.T.);
#7573 = ORIENTED_EDGE('',*,*,#6300,.T.);
#7574 = ADVANCED_FACE('',(#7575),#6243,.T.);
#7575 = FACE_BOUND('',#7576,.F.);
#7576 = EDGE_LOOP('',(#7577,#7578,#7579,#7580));
#7577 = ORIENTED_EDGE('',*,*,#7350,.F.);
#7578 = ORIENTED_EDGE('',*,*,#6632,.F.);
#7579 = ORIENTED_EDGE('',*,*,#7229,.T.);
#7580 = ORIENTED_EDGE('',*,*,#6227,.T.);
#7581 = ADVANCED_FACE('',(#7582),#6374,.F.);
#7582 = FACE_BOUND('',#7583,.T.);
#7583 = EDGE_LOOP('',(#7584,#7605,#7606,#7627));
#7584 = ORIENTED_EDGE('',*,*,#7585,.F.);
#7585 = EDGE_CURVE('',#6820,#6359,#7586,.T.);
#7586 = SURFACE_CURVE('',#7587,(#7591,#7598),.PCURVE_S1.);
#7587 = LINE('',#7588,#7589);
#7588 = CARTESIAN_POINT('',(72.75,-82.6,42.));
#7589 = VECTOR('',#7590,1.);
#7590 = DIRECTION('',(0.,0.,1.));
#7591 = PCURVE('',#6374,#7592);
#7592 = DEFINITIONAL_REPRESENTATION('',(#7593),#7597);
#7593 = LINE('',#7594,#7595);
#7594 = CARTESIAN_POINT('',(-0.,5.5));
#7595 = VECTOR('',#7596,1.);
#7596 = DIRECTION('',(-1.,0.));
#7597 = ( GEOMETRIC_REPRESENTATION_CONTEXT(2) 
PARAMETRIC_REPRESENTATION_CONTEXT() REPRESENTATION_CONTEXT('2D SPACE',''
  ) );
#7598 = PCURVE('',#6456,#7599);
#7599 = DEFINITIONAL_REPRESENTATION('',(#7600),#7604);
#7600 = LINE('',#7601,#7602);
#7601 = CARTESIAN_POINT('',(-0.,-2.2));
#7602 = VECTOR('',#7603,1.);
#7603 = DIRECTION('',(-1.,0.));
#7604 = ( GEOMETRIC_REPRESENTATION_CONTEXT(2) 
PARAMETRIC_REPRESENTATION_CONTEXT() REPRESENTATION_CONTEXT('2D SPACE',''
  ) );
#7605 = ORIENTED_EDGE('',*,*,#6817,.F.);
#7606 = ORIENTED_EDGE('',*,*,#7607,.T.);
#7607 = EDGE_CURVE('',#6818,#6357,#7608,.T.);
#7608 = SURFACE_CURVE('',#7609,(#7613,#7620),.PCURVE_S1.);
#7609 = LINE('',#7610,#7611);
#7610 = CARTESIAN_POINT('',(67.25,-82.6,42.));
#7611 = VECTOR('',#7612,1.);
#7612 = DIRECTION('',(0.,0.,1.));
#7613 = PCURVE('',#6374,#7614);
#7614 = DEFINITIONAL_REPRESENTATION('',(#7615),#7619);
#7615 = LINE('',#7616,#7617);
#7616 = CARTESIAN_POINT('',(-0.,0.));
#7617 = VECTOR('',#7618,1.);
#7618 = DIRECTION('',(-1.,0.));
#7619 = ( GEOMETRIC_REPRESENTATION_CONTEXT(2) 
PARAMETRIC_REPRESENTATION_CONTEXT() REPRESENTATION_CONTEXT('2D SPACE',''
  ) );
#7620 = PCURVE('',#6402,#7621);
#7621 = DEFINITIONAL_REPRESENTATION('',(#7622),#7626);
#7622 = LINE('',#7623,#7624);
#7623 = CARTESIAN_POINT('',(-0.,-2.2));
#7624 = VECTOR('',#7625,1.);
#7625 = DIRECTION('',(-1.,0.));
#7626 = ( GEOMETRIC_REPRESENTATION_CONTEXT(2) 
PARAMETRIC_REPRESENTATION_CONTEXT() REPRESENTATION_CONTEXT('2D SPACE',''
  ) );
#7627 = ORIENTED_EDGE('',*,*,#6356,.T.);
#7628 = ADVANCED_FACE('',(#7629),#6402,.T.);
#7629 = FACE_BOUND('',#7630,.F.);
#7630 = EDGE_LOOP('',(#7631,#7652,#7653,#7654));
#7631 = ORIENTED_EDGE('',*,*,#7632,.F.);
#7632 = EDGE_CURVE('',#6843,#6387,#7633,.T.);
#7633 = SURFACE_CURVE('',#7634,(#7638,#7645),.PCURVE_S1.);
#7634 = LINE('',#7635,#7636);
#7635 = CARTESIAN_POINT('',(67.25,-80.4,42.));
#7636 = VECTOR('',#7637,1.);
#7637 = DIRECTION('',(0.,0.,1.));
#7638 = PCURVE('',#6402,#7639);
#7639 = DEFINITIONAL_REPRESENTATION('',(#7640),#7644);
#7640 = LINE('',#7641,#7642);
#7641 = CARTESIAN_POINT('',(-0.,0.));
#7642 = VECTOR('',#7643,1.);
#7643 = DIRECTION('',(-1.,0.));
#7644 = ( GEOMETRIC_REPRESENTATION_CONTEXT(2) 
PARAMETRIC_REPRESENTATION_CONTEXT() REPRESENTATION_CONTEXT('2D SPACE',''
  ) );
#7645 = PCURVE('',#6430,#7646);
#7646 = DEFINITIONAL_REPRESENTATION('',(#7647),#7651);
#7647 = LINE('',#7648,#7649);
#7648 = CARTESIAN_POINT('',(-0.,0.));
#7649 = VECTOR('',#7650,1.);
#7650 = DIRECTION('',(-1.,0.));
#7651 = ( GEOMETRIC_REPRESENTATION_CONTEXT(2) 
PARAMETRIC_REPRESENTATION_CONTEXT() REPRESENTATION_CONTEXT('2D SPACE',''
  ) );
#7652 = ORIENTED_EDGE('',*,*,#6842,.F.);
#7653 = ORIENTED_EDGE('',*,*,#7607,.T.);
#7654 = ORIENTED_EDGE('',*,*,#6386,.T.);
#7655 = ADVANCED_FACE('',(#7656),#6456,.F.);
#7656 = FACE_BOUND('',#7657,.T.);
#7657 = EDGE_LOOP('',(#7658,#7679,#7680,#7681));
#7658 = ORIENTED_EDGE('',*,*,#7659,.F.);
#7659 = EDGE_CURVE('',#6866,#6415,#7660,.T.);
#7660 = SURFACE_CURVE('',#7661,(#7665,#7672),.PCURVE_S1.);
#7661 = LINE('',#7662,#7663);
#7662 = CARTESIAN_POINT('',(72.75,-80.4,42.));
#7663 = VECTOR('',#7664,1.);
#7664 = DIRECTION('',(0.,0.,1.));
#7665 = PCURVE('',#6456,#7666);
#7666 = DEFINITIONAL_REPRESENTATION('',(#7667),#7671);
#7667 = LINE('',#7668,#7669);
#7668 = CARTESIAN_POINT('',(-0.,0.));
#7669 = VECTOR('',#7670,1.);
#7670 = DIRECTION('',(-1.,0.));
#7671 = ( GEOMETRIC_REPRESENTATION_CONTEXT(2) 
PARAMETRIC_REPRESENTATION_CONTEXT() REPRESENTATION_CONTEXT('2D SPACE',''
  ) );
#7672 = PCURVE('',#6430,#7673);
#7673 = DEFINITIONAL_REPRESENTATION('',(#7674),#7678);
#7674 = LINE('',#7675,#7676);
#7675 = CARTESIAN_POINT('',(-0.,5.5));
#7676 = VECTOR('',#7677,1.);
#7677 = DIRECTION('',(-1.,0.));
#7678 = ( GEOMETRIC_REPRESENTATION_CONTEXT(2) 
PARAMETRIC_REPRESENTATION_CONTEXT() REPRESENTATION_CONTEXT('2D SPACE',''
  ) );
#7679 = ORIENTED_EDGE('',*,*,#6888,.F.);
#7680 = ORIENTED_EDGE('',*,*,#7585,.T.);
#7681 = ORIENTED_EDGE('',*,*,#6442,.T.);
#7682 = ADVANCED_FACE('',(#7683),#6430,.T.);
#7683 = FACE_BOUND('',#7684,.F.);
#7684 = EDGE_LOOP('',(#7685,#7686,#7687,#7688));
#7685 = ORIENTED_EDGE('',*,*,#7659,.F.);
#7686 = ORIENTED_EDGE('',*,*,#6865,.F.);
#7687 = ORIENTED_EDGE('',*,*,#7632,.T.);
#7688 = ORIENTED_EDGE('',*,*,#6414,.T.);
#7689 = ADVANCED_FACE('',(#7690),#6488,.F.);
#7690 = FACE_BOUND('',#7691,.T.);
#7691 = EDGE_LOOP('',(#7692,#7713,#7714,#7735));
#7692 = ORIENTED_EDGE('',*,*,#7693,.F.);
#7693 = EDGE_CURVE('',#6914,#6473,#7694,.T.);
#7694 = SURFACE_CURVE('',#7695,(#7699,#7706),.PCURVE_S1.);
#7695 = LINE('',#7696,#7697);
#7696 = CARTESIAN_POINT('',(6.75,-82.6,42.));
#7697 = VECTOR('',#7698,1.);
#7698 = DIRECTION('',(0.,0.,1.));
#7699 = PCURVE('',#6488,#7700);
#7700 = DEFINITIONAL_REPRESENTATION('',(#7701),#7705);
#7701 = LINE('',#7702,#7703);
#7702 = CARTESIAN_POINT('',(-0.,5.5));
#7703 = VECTOR('',#7704,1.);
#7704 = DIRECTION('',(-1.,0.));
#7705 = ( GEOMETRIC_REPRESENTATION_CONTEXT(2) 
PARAMETRIC_REPRESENTATION_CONTEXT() REPRESENTATION_CONTEXT('2D SPACE',''
  ) );
#7706 = PCURVE('',#6570,#7707);
#7707 = DEFINITIONAL_REPRESENTATION('',(#7708),#7712);
#7708 = LINE('',#7709,#7710);
#7709 = CARTESIAN_POINT('',(-0.,-2.2));
#7710 = VECTOR('',#7711,1.);
#7711 = DIRECTION('',(-1.,0.));
#7712 = ( GEOMETRIC_REPRESENTATION_CONTEXT(2) 
PARAMETRIC_REPRESENTATION_CONTEXT() REPRESENTATION_CONTEXT('2D SPACE',''
  ) );
#7713 = ORIENTED_EDGE('',*,*,#6911,.F.);
#7714 = ORIENTED_EDGE('',*,*,#7715,.T.);
#7715 = EDGE_CURVE('',#6912,#6471,#7716,.T.);
#7716 = SURFACE_CURVE('',#7717,(#7721,#7728),.PCURVE_S1.);
#7717 = LINE('',#7718,#7719);
#7718 = CARTESIAN_POINT('',(1.25,-82.6,42.));
#7719 = VECTOR('',#7720,1.);
#7720 = DIRECTION('',(0.,0.,1.));
#7721 = PCURVE('',#6488,#7722);
#7722 = DEFINITIONAL_REPRESENTATION('',(#7723),#7727);
#7723 = LINE('',#7724,#7725);
#7724 = CARTESIAN_POINT('',(-0.,0.));
#7725 = VECTOR('',#7726,1.);
#7726 = DIRECTION('',(-1.,0.));
#7727 = ( GEOMETRIC_REPRESENTATION_CONTEXT(2) 
PARAMETRIC_REPRESENTATION_CONTEXT() REPRESENTATION_CONTEXT('2D SPACE',''
  ) );
#7728 = PCURVE('',#6516,#7729);
#7729 = DEFINITIONAL_REPRESENTATION('',(#7730),#7734);
#7730 = LINE('',#7731,#7732);
#7731 = CARTESIAN_POINT('',(-0.,-2.2));
#7732 = VECTOR('',#7733,1.);
#7733 = DIRECTION('',(-1.,0.));
#7734 = ( GEOMETRIC_REPRESENTATION_CONTEXT(2) 
PARAMETRIC_REPRESENTATION_CONTEXT() REPRESENTATION_CONTEXT('2D SPACE',''
  ) );
#7735 = ORIENTED_EDGE('',*,*,#6470,.T.);
#7736 = ADVANCED_FACE('',(#7737),#6516,.T.);
#7737 = FACE_BOUND('',#7738,.F.);
#7738 = EDGE_LOOP('',(#7739,#7760,#7761,#7762));
#7739 = ORIENTED_EDGE('',*,*,#7740,.F.);
#7740 = EDGE_CURVE('',#6937,#6501,#7741,.T.);
#7741 = SURFACE_CURVE('',#7742,(#7746,#7753),.PCURVE_S1.);
#7742 = LINE('',#7743,#7744);
#7743 = CARTESIAN_POINT('',(1.25,-80.4,42.));
#7744 = VECTOR('',#7745,1.);
#7745 = DIRECTION('',(0.,0.,1.));
#7746 = PCURVE('',#6516,#7747);
#7747 = DEFINITIONAL_REPRESENTATION('',(#7748),#7752);
#7748 = LINE('',#7749,#7750);
#7749 = CARTESIAN_POINT('',(-0.,0.));
#7750 = VECTOR('',#7751,1.);
#7751 = DIRECTION('',(-1.,0.));
#7752 = ( GEOMETRIC_REPRESENTATION_CONTEXT(2) 
PARAMETRIC_REPRESENTATION_CONTEXT() REPRESENTATION_CONTEXT('2D SPACE',''
  ) );
#7753 = PCURVE('',#6544,#7754);
#7754 = DEFINITIONAL_REPRESENTATION('',(#7755),#7759);
#7755 = LINE('',#7756,#7757);
#7756 = CARTESIAN_POINT('',(-0.,0.));
#7757 = VECTOR('',#7758,1.);
#7758 = DIRECTION('',(-1.,0.));
#7759 = ( GEOMETRIC_REPRESENTATION_CONTEXT(2) 
PARAMETRIC_REPRESENTATION_CONTEXT() REPRESENTATION_CONTEXT('2D SPACE',''
  ) );
#7760 = ORIENTED_EDGE('',*,*,#6936,.F.);
#7761 = ORIENTED_EDGE('',*,*,#7715,.T.);
#7762 = ORIENTED_EDGE('',*,*,#6500,.T.);
#7763 = ADVANCED_FACE('',(#7764),#6570,.F.);
#7764 = FACE_BOUND('',#7765,.T.);
#7765 = EDGE_LOOP('',(#7766,#7787,#7788,#7789));
#7766 = ORIENTED_EDGE('',*,*,#7767,.F.);
#7767 = EDGE_CURVE('',#6960,#6529,#7768,.T.);
#7768 = SURFACE_CURVE('',#7769,(#7773,#7780),.PCURVE_S1.);
#7769 = LINE('',#7770,#7771);
#7770 = CARTESIAN_POINT('',(6.75,-80.4,42.));
#7771 = VECTOR('',#7772,1.);
#7772 = DIRECTION('',(0.,0.,1.));
#7773 = PCURVE('',#6570,#7774);
#7774 = DEFINITIONAL_REPRESENTATION('',(#7775),#7779);
#7775 = LINE('',#7776,#7777);
#7776 = CARTESIAN_POINT('',(-0.,0.));
#7777 = VECTOR('',#7778,1.);
#7778 = DIRECTION('',(-1.,0.));
#7779 = ( GEOMETRIC_REPRESENTATION_CONTEXT(2) 
PARAMETRIC_REPRESENTATION_CONTEXT() REPRESENTATION_CONTEXT('2D SPACE',''
  ) );
#7780 = PCURVE('',#6544,#7781);
#7781 = DEFINITIONAL_REPRESENTATION('',(#7782),#7786);
#7782 = LINE('',#7783,#7784);
#7783 = CARTESIAN_POINT('',(-0.,5.5));
#7784 = VECTOR('',#7785,1.);
#7785 = DIRECTION('',(-1.,0.));
#7786 = ( GEOMETRIC_REPRESENTATION_CONTEXT(2) 
PARAMETRIC_REPRESENTATION_CONTEXT() REPRESENTATION_CONTEXT('2D SPACE',''
  ) );
#7787 = ORIENTED_EDGE('',*,*,#6982,.F.);
#7788 = ORIENTED_EDGE('',*,*,#7693,.T.);
#7789 = ORIENTED_EDGE('',*,*,#6556,.T.);
#7790 = ADVANCED_FACE('',(#7791),#6544,.T.);
#7791 = FACE_BOUND('',#7792,.F.);
#7792 = EDGE_LOOP('',(#7793,#7794,#7795,#7796));
#7793 = ORIENTED_EDGE('',*,*,#7767,.F.);
#7794 = ORIENTED_EDGE('',*,*,#6959,.F.);
#7795 = ORIENTED_EDGE('',*,*,#7740,.T.);
#7796 = ORIENTED_EDGE('',*,*,#6528,.T.);
#7797 = ADVANCED_FACE('',(#7798),#7122,.T.);
#7798 = FACE_BOUND('',#7799,.F.);
#7799 = EDGE_LOOP('',(#7800,#7801,#7802,#7803));
#7800 = ORIENTED_EDGE('',*,*,#7252,.F.);
#7801 = ORIENTED_EDGE('',*,*,#7106,.F.);
#7802 = ORIENTED_EDGE('',*,*,#7373,.T.);
#7803 = ORIENTED_EDGE('',*,*,#7324,.F.);
#7804 = ADVANCED_FACE('',(#7805),#7049,.T.);
#7805 = FACE_BOUND('',#7806,.F.);
#7806 = EDGE_LOOP('',(#7807,#7808,#7809,#7810));
#7807 = ORIENTED_EDGE('',*,*,#7423,.F.);
#7808 = ORIENTED_EDGE('',*,*,#7033,.F.);
#7809 = ORIENTED_EDGE('',*,*,#7544,.T.);
#7810 = ORIENTED_EDGE('',*,*,#7495,.F.);
#7811 = ( GEOMETRIC_REPRESENTATION_CONTEXT(3) 
GLOBAL_UNCERTAINTY_ASSIGNED_CONTEXT((#7815)) 
GLOBAL_UNIT_ASSIGNED_CONTEXT((#7812,#7813,#7814)) REPRESENTATION_CONTEXT
('Context #1','3D Context with UNIT and UNCERTAINTY') );
#7812 = ( LENGTH_UNIT() NAMED_UNIT(*) SI_UNIT(.MILLI.,.METRE.) );
#7813 = ( NAMED_UNIT(*) PLANE_ANGLE_UNIT() SI_UNIT($,.RADIAN.) );
#7814 = ( NAMED_UNIT(*) SI_UNIT($,.STERADIAN.) SOLID_ANGLE_UNIT() );
#7815 = UNCERTAINTY_MEASURE_WITH_UNIT(LENGTH_MEASURE(1.E-06),#7812,
  'distance_accuracy_value','confusion accuracy');
#7816 = PRODUCT_RELATED_PRODUCT_CATEGORY('part',$,(#7));
ENDSEC;
END-ISO-10303-21;
